Orginal File Name:,CT-toujames-2018_5_5_144.csv,UserAGENT:Mozilla/5.0 (Macintosh; Intel Mac OS X 10_12_6) AppleWebKit/605.1.15 (KHTML, like Gecko) Version/11.1.1 Safari/605.1.15,IP: ::ffff:127.0.0.1,Time:,2018_5_5_144,Parameter File:,None:FromPsyToolkit
trial_type,trial_number,block_num,egg_x_position,egg_y_position,absolute_time_sec,response_time_sec,response,result
practice,1,1,-154,-163,22.486,7.195,1,2,
practice,2,1,78,42,22.679000000000002,0.002,1,1,
practice,3,1,-56,-87,22.955000000000002,0.004,1,1,
practice,4,1,-368,-364,23.25,0.03,1,1,
practice,5,1,-434,190,23.694,0.17500000000000002,1,1,
practice,6,1,-318,-102,23.986,0.023,1,2,
practice,7,1,208,224,24.174,0.002,1,2,
practice,8,1,239,-67,24.557000000000002,0.191,1,2,
practice,9,1,632,331,24.755,0.006,1,2,
practice,10,1,362,151,25.04,0.094,1,2,
practice,12,1,480,-140,25.412,0.125,1,2,
practice,13,1,208,-188,25.73,0.126,1,2,
practice,14,1,90,136,26.045,0.125,1,1,
practice,15,1,-433,-21,26.336000000000002,0.019,1,1,
practice,16,1,-680,-38,26.677,0.074,1,2,
practice,17,1,199,-266,27.067,0.198,1,2,
practice,18,1,278,139,27.416,0.158,1,1,
practice,19,1,-201,1,27.741,0.055,1,1,
practice,20,1,-261,-132,28.064,0.053,1,1,
practice,21,1,-563,-121,28.347,0.015,1,1,
practice,22,1,-218,-59,28.69,0.07200000000000001,1,2,
practice,23,1,302,51,29.006,0.126,1,2,
practice,24,1,366,359,29.383,0.186,1,2,
practice,25,1,640,147,29.584,0.015,1,1,
practice,26,1,-460,-194,29.916,0.067,1,1,
practice,27,1,-424,262,30.314,0.129,1,1,
practice,28,1,-144,4,30.76,0.178,1,1,
practice,29,1,-41,134,31.079,0.05,1,1,
practice,30,1,-144,224,31.437,0.092,1,1,
practice,31,1,-185,-116,31.745,0.046,1,1,
practice,32,1,-503,47,32.062,0.046,1,1,
practice,33,1,-183,213,32.429,0.098,1,1,
practice,34,1,-339,7,32.713,0.023,1,1,
practice,35,1,-274,-180,33.018,0.032,1,1,
practice,36,1,-429,70,33.398,0.112,1,1,
practice,37,1,-469,174,33.733000000000004,0.069,1,1,
practice,38,1,-148,-318,34.038000000000004,0.035,1,1,
practice,39,1,-323,-61,34.372,0.063,1,1,
practice,40,1,-545,-126,34.734,0.094,1,1,
practice,41,1,-407,188,35.032000000000004,0.031,1,1,
practice,42,1,-183,249,35.365,0.065,1,1,
practice,43,1,-467,-47,35.749,0.115,1,1,
practice,44,1,-486,-110,36.134,0.117,1,1,
practice,45,1,-279,313,36.529,0.124,1,1,
practice,46,1,-494,173,36.849000000000004,0.052000000000000005,1,1,
practice,47,1,-127,27,37.196,0.076,1,1,
practice,48,1,-149,-50,37.523,0.058,1,2,
practice,49,1,99,-163,37.716,0.002,1,2,
practice,50,1,247,57,37.916000000000004,0.01,1,2,
practice,51,1,7,96,38.171,0.067,1,2,
practice,52,1,680,107,38.359,0,1,2,
practice,53,1,309,-4,38.559,0.008,1,2,
practice,54,1,25,27,38.764,0.015,1,2,
practice,55,1,63,64,39.088,0.136,1,2,
practice,56,1,490,-64,39.459,0.182,1,2,
practice,57,1,379,-110,39.781,0.132,1,1,
practice,58,1,-262,152,40.12,0.068,1,1,
practice,59,1,-354,-206,40.438,0.047,1,1,
practice,60,1,-608,294,40.753,0.045,1,1,
practice,61,1,-387,-41,41.044000000000004,0.024,1,1,
practice,62,1,-192,18,41.324,0.013000000000000001,1,2,
practice,63,1,263,241,41.705,0.192,1,2,
practice,64,1,379,122,41.987,0.091,1,1,
practice,65,1,-389,71,42.410000000000004,0.157,1,1,
practice,66,1,-469,-150,42.74,0.06,1,1,
practice,67,1,-256,-113,43.084,0.074,1,1,
practice,68,1,-255,114,43.459,0.106,1,1,
practice,69,1,-33,-82,43.838,0.11,1,1,
practice,70,1,-357,228,44.157000000000004,0.05,1,1,
practice,71,1,-284,-124,44.456,0.027,1,1,
practice,72,1,-254,190,44.811,0.08600000000000001,1,1,
practice,73,1,-336,83,45.138,0.059000000000000004,1,1,
practice,74,1,-72,68,45.42,0.015,1,1,
practice,75,1,-283,-36,45.797000000000004,0.107,1,1,
practice,76,1,-261,38,46.096000000000004,0.029,1,1,
practice,77,1,-586,-212,46.44,0.076,1,1,
practice,78,1,-279,-153,46.881,0.17200000000000001,1,1,
practice,79,1,-384,83,47.234,0.085,1,1,
practice,80,1,-325,207,47.572,0.069,1,2,
practice,81,1,275,3,47.904,0.14100000000000001,1,2,
practice,82,1,410,20,48.231,0.137,1,2,
practice,83,1,169,100,48.426,0.004,1,2,
practice,84,1,140,229,48.789,0.17500000000000002,1,2,
practice,85,1,263,12,49.167,0.187,1,2,
practice,86,1,293,-157,49.412,0.058,1,2,
practice,87,1,315,-111,49.708,0.106,1,2,
practice,88,1,525,60,50.051,0.152,1,2,
practice,89,1,212,46,50.383,0.14300000000000002,1,1,
practice,90,1,-283,-59,50.746,0.092,1,1,
practice,91,1,-85,14,51.075,0.057,1,2,
practice,92,1,250,209,51.4,0.134,1,2,
practice,93,1,-80,-82,51.751,0.161,1,1,
practice,94,1,-451,-82,52.03,0.011,1,1,
practice,95,1,-245,-53,52.373,0.077,1,2,
practice,96,1,300,27,52.699,0.14100000000000001,1,2,
practice,97,1,285,30,53.068,0.182,1,2,
practice,98,1,-181,30,53.271,0.012,1,2,
practice,99,1,287,-40,53.47,0.007,1,2,
practice,100,1,271,-51,53.661,0.003,1,2,
practice,101,1,214,105,53.864000000000004,0.011,1,2,
practice,102,1,407,330,54.182,0.129,1,2,
practice,103,1,273,-1,54.531,0.158,1,2,
practice,104,1,167,-13,54.814,0.094,1,2,
practice,105,1,346,-14,55.086,0.083,1,2,
practice,106,1,391,87,55.282000000000004,0.006,1,2,
practice,107,1,92,-41,55.642,0.169,1,2,
practice,108,1,546,-100,55.898,0.069,1,2,
practice,109,1,359,134,56.204,0.116,1,2,
practice,110,1,305,-114,56.522,0.127,1,2,
practice,111,1,221,-188,56.821,0.108,1,2,
practice,112,1,250,-37,57.103,0.093,1,1,
practice,113,1,-517,143,57.429,0.063,1,1,
practice,114,1,-510,-130,57.77,0.076,1,2,
practice,115,1,323,-186,57.964,0.003,1,2,
practice,116,1,417,-240,58.313,0.158,1,2,
practice,117,1,314,-37,58.51,0.005,1,2,
practice,118,1,239,48,58.864000000000004,0.166,1,2,
practice,119,1,275,155,59.062000000000005,0.005,1,2,
practice,120,1,274,89,59.415,0.165,1,2,
practice,121,1,346,44,59.622,0.02,1,2,
practice,122,1,158,37,59.906,0.10200000000000001,1,2,
practice,123,1,256,65,60.297000000000004,0.201,1,2,
practice,124,1,-19,95,60.505,0.018000000000000002,1,2,
practice,125,1,359,-220,60.798,0.10200000000000001,1,2,
practice,126,1,429,279,60.99,0.003,1,2,
practice,127,1,50,-102,61.35,0.17,1,2,
practice,128,1,292,111,61.675000000000004,0.137,1,1,
practice,129,1,-287,89,61.99,0.044,1,1,
practice,130,1,140,4,62.287,0.029,1,1,
practice,131,1,-328,-1,62.608000000000004,0.053,1,1,
practice,132,1,-392,-18,62.939,0.064,1,1,
practice,133,1,-357,149,63.31,0.105,1,1,
practice,134,1,-261,95,63.612,0.034,1,1,
practice,135,1,-241,183,63.95,0.069,1,1,
practice,136,1,-503,-182,64.286,0.07100000000000001,1,1,
practice,137,1,-395,211,64.651,0.097,1,1,
practice,138,1,-404,-198,64.989,0.073,1,2,
practice,139,1,91,190,65.301,0.122,1,2,
practice,140,1,204,-130,65.61,0.11900000000000001,1,2,
main,1,4,-469,83,70.375,1.025,1,1,
main,2,4,-488,75,70.736,0.088,1,1,
main,3,4,-370,-172,71.118,0.111,1,1,
main,4,4,-281,187,71.516,0.125,1,1,
main,5,4,-589,236,71.855,0.064,1,1,
main,6,4,-360,-211,72.294,0.166,1,1,
main,7,4,-207,380,72.581,0.014,1,1,
main,8,4,-357,-213,72.91,0.058,1,2,
main,9,4,228,44,73.283,0.18,1,1,
main,10,4,-373,123,73.586,0.033,1,1,
main,12,4,150,-342,74.024,0.105,1,2,
main,13,4,172,-163,74.358,0.14,1,2,
main,14,4,440,-146,74.56400000000001,0.011,1,2,
main,15,4,525,219,74.912,0.155,1,2,
main,16,4,321,-204,75.108,0.003,1,2,
main,17,4,390,90,75.312,0.011,1,2,
main,18,4,207,261,75.611,0.106,1,2,
main,19,4,263,31,75.905,0.1,1,1,
main,20,4,-558,50,76.22,0.042,1,2,
main,21,4,196,-186,76.568,0.153,1,2,
main,22,4,652,-113,76.861,0.099,1,2,
main,23,4,299,235,77.06400000000001,0.009000000000000001,1,2,
main,24,4,23,35,77.42,0.162,1,2,
main,25,4,374,-36,77.62,0.004,1,2,
main,26,4,407,229,77.94800000000001,0.135,1,2,
main,27,4,402,87,78.278,0.137,1,2,
main,28,4,63,54,78.477,0.004,1,2,
main,29,4,629,-83,78.799,0.13,1,1,
main,30,4,-243,165,79.129,0.06,1,2,
main,31,4,474,13,79.337,0.013000000000000001,1,2,
main,32,4,26,-189,79.634,0.111,1,2,
main,33,4,450,-76,79.906,0.078,1,2,
main,34,4,545,22,80.205,0.105,1,2,
main,35,4,351,70,80.467,0.067,1,2,
main,36,4,568,265,80.665,0.006,1,1,
main,37,4,-563,-20,80.955,0.019,1,1,
main,38,4,-374,-181,81.336,0.107,1,1,
main,39,4,-10,-73,81.616,0.007,1,1,
main,40,4,-355,-336,81.961,0.073,1,2,
main,41,4,365,-213,82.259,0.10400000000000001,1,2,
main,42,4,261,76,82.538,0.085,1,2,
main,43,4,302,106,82.822,0.099,1,1,
main,44,4,-426,-36,83.124,0.029,1,1,
main,45,4,-314,130,83.514,0.114,1,2,
main,46,4,596,315,83.874,0.167,1,2,
main,47,4,-90,111,84.184,0.117,1,2,
main,48,4,539,-297,84.491,0.114,1,1,
main,49,4,-295,-95,84.82300000000001,0.06,1,1,
main,50,4,-238,-126,85.205,0.109,1,1,
main,51,4,-584,192,85.528,0.054,1,1,
main,52,4,-675,-163,85.888,0.08600000000000001,1,1,
main,53,4,-675,47,86.242,0.082,1,1,
main,54,4,-238,-73,86.556,0.042,1,1,
main,55,4,-268,380,86.915,0.08600000000000001,1,1,
main,56,4,-290,251,87.2,0.014,1,1,
main,57,4,-384,62,87.476,0.007,1,1,
main,58,4,-107,-77,87.769,0.02,1,1,
main,59,4,-275,75,88.104,0.061,1,2,
main,60,4,273,-122,88.43900000000001,0.14200000000000002,1,2,
main,61,4,328,380,88.753,0.122,1,1,
main,62,4,-446,265,89.11,0.08700000000000001,1,2,
main,63,4,400,160,89.434,0.128,1,2,
main,64,4,472,-81,89.774,0.154,1,2,
main,65,4,457,-309,90.10900000000001,0.145,1,2,
main,66,4,397,157,90.441,0.136,1,1,
main,67,4,-356,262,90.741,0.028,1,1,
main,68,4,-271,-30,91.089,0.075,1,2,
main,69,4,456,174,91.397,0.116,1,2,
main,70,4,143,-45,91.773,0.184,1,2,
main,71,4,184,133,91.96900000000001,0.003,1,2,
main,72,4,211,-164,92.309,0.148,1,2,
main,73,4,183,12,92.68,0.179,1,2,
main,74,4,210,-227,92.874,0.002,1,2,
main,75,4,433,-37,93.119,0.054,1,2,
main,76,4,126,13,93.42,0.111,1,1,
main,77,4,-277,46,93.807,0.113,1,2,
main,78,4,183,-91,94.134,0.135,1,2,
main,79,4,236,-159,94.414,0.08700000000000001,1,2,
main,80,4,164,380,94.801,0.195,1,2,
main,81,4,199,53,95.07900000000001,0.084,1,2,
main,82,4,201,-101,95.382,0.106,1,2,
main,83,4,418,160,95.744,0.169,1,2,
main,84,4,443,-26,96.048,0.111,1,2,
main,85,4,172,149,96.367,0.128,1,2,
main,86,4,198,109,96.631,0.069,1,2,
main,87,4,490,168,96.834,0.011,1,2,
main,88,4,300,81,97.028,0.003,1,1,
main,89,4,-395,-105,97.367,0.065,1,1,
main,90,4,-478,154,97.762,0.124,1,1,
main,91,4,-680,10,98.043,0.008,1,1,
main,92,4,-549,52,98.34400000000001,0.025,1,1,
main,93,4,-238,-264,98.639,0.025,1,1,
main,94,4,-431,42,98.94800000000001,0.035,1,2,
main,95,4,680,-60,99.32000000000001,0.18,1,2,
main,96,4,302,-39,99.617,0.10300000000000001,1,2,
main,97,4,359,130,99.938,0.127,1,2,
main,98,4,397,197,100.302,0.17300000000000001,1,2,
main,99,4,431,152,100.601,0.105,1,2,
main,100,4,333,129,100.876,0.082,1,2,
main,101,4,288,45,101.212,0.14300000000000002,1,2,
main,102,4,73,121,101.516,0.112,1,2,
main,103,4,542,145,101.71900000000001,0.01,1,1,
main,104,4,-363,148,102.022,0.032,1,1,
main,105,4,-497,101,102.339,0.045,1,2,
main,106,4,122,167,102.61,0.076,1,1,
main,107,4,-235,119,102.995,0.112,1,2,
main,108,4,253,81,103.244,0.055,1,2,
main,109,4,-25,152,103.443,0.003,1,2,
main,110,4,380,155,103.73400000000001,0.098,1,2,
main,111,4,382,210,104.057,0.13,1,2,
main,112,4,154,368,104.32600000000001,0.075,1,2,
main,113,4,165,122,104.608,0.089,1,1,
main,114,4,-194,-25,104.911,0.03,1,1,
main,115,4,74,125,105.181,0.008,1,1,
main,116,4,-85,-70,105.48700000000001,0.034,1,1,
main,117,4,-482,-51,105.86500000000001,0.106,1,1,
main,118,4,-309,-325,106.19800000000001,0.06,1,1,
main,119,4,-172,-104,106.537,0.066,1,1,
main,120,4,-437,-106,106.842,0.034,1,1,
main,121,4,2,71,107.159,0.045,1,1,
main,122,4,-138,-218,107.47800000000001,0.046,1,2,
main,123,4,298,175,107.812,0.138,1,2,
main,124,4,285,135,108.122,0.115,1,2,
main,125,4,320,380,108.504,0.189,1,1,
main,126,4,-407,16,108.885,0.111,1,1,
main,127,4,-395,-339,109.21600000000001,0.067,1,1,
main,128,4,-42,46,109.48400000000001,0,1,1,
main,129,4,-380,98,109.85600000000001,0.11,1,1,
main,130,4,-277,12,110.191,0.064,1,1,
main,131,4,-206,-76,110.523,0.057,1,1,
main,132,4,-415,325,110.831,0.036000000000000004,1,2,
main,133,4,517,242,111.17,0.147,1,2,
main,134,4,364,107,111.462,0.1,1,2,
main,135,4,299,68,111.813,0.156,1,2,
main,136,4,198,367,112.084,0.076,1,2,
main,137,4,652,227,112.444,0.166,1,2,
main,138,4,575,-65,112.769,0.131,1,1,
main,139,4,-330,29,113.184,0.146,1,1,
main,140,4,-665,-15,113.465,0.01,1,1,
main,141,4,-53,110,113.754,0.018000000000000002,1,1,
main,142,4,-173,-141,114.07300000000001,0.048,1,2,
main,143,4,123,-17,114.413,0.149,1,2,
main,144,4,679,200,114.70700000000001,0.099,1,2,
main,145,4,385,-159,114.91,0.011,1,2,
main,146,4,334,-288,115.248,0.14400000000000002,1,1,
main,147,4,9,97,115.631,0.112,1,1,
main,148,4,-14,312,115.979,0.079,1,1,
main,149,4,-391,-105,116.33800000000001,0.08700000000000001,1,1,
main,150,4,-485,-333,116.638,0.028,1,2,
main,151,4,415,-290,116.907,0.076,1,2,
main,152,4,122,-139,117.11,0.01,1,2,
main,153,4,105,-71,117.311,0.008,1,2,
main,154,4,399,62,117.66,0.153,1,2,
main,155,4,196,-63,117.92,0.067,1,2,
main,156,4,453,-268,118.18900000000001,0.075,1,2,
main,157,4,435,46,118.488,0.106,1,1,
main,158,4,-386,-61,118.886,0.129,1,2,
main,159,4,222,288,119.212,0.132,1,1,
main,160,4,-193,-63,119.541,0.065,1,2,
main,161,4,-67,61,119.909,0.181,1,1,
main,162,4,-474,-338,120.363,0.191,1,1,
main,163,4,-208,182,120.664,0.027,1,2,
main,164,4,468,104,120.86200000000001,0.004,1,2,
main,165,4,462,-194,121.233,0.182,1,2,
main,166,4,531,-184,121.559,0.133,1,1,
main,167,4,-286,-102,121.87400000000001,0.045,1,1,
main,168,4,-612,-375,122.24000000000001,0.094,1,1,
main,169,4,-204,218,122.552,0.039,1,2,
main,170,4,599,-244,122.87100000000001,0.127,1,2,
main,171,4,346,-218,123.142,0.079,1,2,
main,172,4,157,-96,123.444,0.107,1,1,
main,173,4,-5,234,123.819,0.10200000000000001,1,1,
main,174,4,-37,36,124.21900000000001,0.13,1,1,
main,175,4,-320,-56,124.59700000000001,0.107,1,1,
main,176,4,-573,26,124.911,0.049,1,1,
main,177,4,-200,100,125.22,0.038,1,1,
main,178,4,-680,-35,125.683,0.193,1,1,
main,179,4,-645,74,126.06400000000001,0.111,1,1,
main,180,4,-316,-162,126.435,0.1,1,1,
main,181,4,-291,-154,126.803,0.095,1,1,
main,182,4,-668,-45,127.09100000000001,0.015,1,1,
main,183,4,-225,34,127.521,0.157,1,1,
main,184,4,-415,202,127.858,0.066,1,1,
main,185,4,-641,-12,128.209,0.079,1,1,
main,186,4,-41,380,128.55700000000002,0.074,1,1,
main,187,4,-367,-6,128.887,0.056,1,1,
main,188,4,-135,-380,129.192,0.031,1,1,
main,189,4,-179,113,129.506,0.04,1,1,
main,190,4,-436,-81,129.806,0.027,1,1,
main,191,4,-186,-247,130.093,0.014,1,1,
main,192,4,-117,250,130.468,0.109,1,2,
main,193,4,277,37,130.832,0.17500000000000002,1,2,
main,194,4,202,-210,131.137,0.114,1,2,
main,195,4,285,94,131.50900000000001,0.183,1,2,
main,196,4,572,328,131.79,0.09,1,2,
main,197,4,99,-120,132.108,0.128,1,2,
main,198,4,555,-110,132.315,0.019,1,2,
main,199,4,451,-105,132.636,0.128,1,1,
main,200,4,-273,-113,133,0.093,1,1,
main,201,1,-192,-163,133.308,0.045,1,1,
main,202,1,-568,42,133.683,0.10400000000000001,1,1,
main,203,1,-94,-87,133.978,0.027,1,1,
main,204,1,-406,-364,134.324,0.078,1,1,
main,205,1,-472,190,134.648,0.063,1,1,
main,206,1,-356,-102,134.91400000000002,0.003,1,1,
main,207,1,-438,224,135.273,0.095,1,1,
main,208,1,-407,-67,135.661,0.125,1,2,
main,209,1,670,331,135.946,0.096,1,2,
main,210,1,400,151,136.151,0.012,1,2,
main,211,1,566,111,136.452,0.108,1,2,
main,212,1,518,-140,136.76500000000001,0.129,1,2,
main,213,1,246,-188,137.062,0.11,1,2,
main,214,1,128,136,137.375,0.125,1,2,
main,215,1,213,-21,137.666,0.098,1,1,
main,216,1,-680,-38,138.035,0.095,1,1,
main,217,1,-447,-266,138.316,0.009000000000000001,1,2,
main,218,1,316,139,138.594,0.083,1,2,
main,219,1,445,1,138.876,0.09,1,2,
main,220,1,385,-132,139.201,0.134,1,2,
main,221,1,83,-121,139.49,0.094,1,2,
main,222,1,428,-59,139.829,0.148,1,2,
main,223,1,340,51,140.211,0.188,1,2,
main,224,1,404,359,140.518,0.116,1,2,
main,225,1,678,147,140.867,0.155,1,2,
main,226,1,186,-194,141.153,0.094,1,2,
main,227,1,222,262,141.357,0.011,1,2,
main,228,1,502,4,141.69400000000002,0.14200000000000002,1,2,
main,229,1,605,134,142.083,0.196,1,2,
main,230,1,502,224,142.364,0.08700000000000001,1,2,
main,231,1,461,-116,142.711,0.156,1,2,
main,232,1,143,47,142.978,0.078,1,1,
main,233,1,-221,213,143.305,0.055,1,1,
main,234,1,-377,7,143.629,0.05,1,1,
main,235,1,-312,-180,143.953,0.054,1,1,
main,236,1,-467,70,144.37,0.145,1,1,
main,237,1,-507,174,144.696,0.051000000000000004,1,1,
main,238,1,-186,-318,145.07500000000002,0.088,1,1,
main,239,1,-361,-61,145.463,0.117,1,1,
main,240,1,-583,-126,145.749,0.015,1,1,
main,241,1,-445,188,146.042,0.018000000000000002,1,1,
main,242,1,-221,249,146.387,0.07200000000000001,1,1,
main,243,1,-505,-47,146.717,0.057,1,1,
main,244,1,-524,-110,146.995,0.005,1,1,
main,245,1,-317,313,147.373,0.105,1,2,
main,246,1,152,173,147.626,0.062,1,2,
main,247,1,519,27,147.893,0.073,1,2,
main,248,1,497,-50,148.102,0.013000000000000001,1,2,
main,249,1,137,-163,148.413,0.11900000000000001,1,2,
main,250,1,285,57,148.61,0.003,1,2,
main,251,1,45,96,148.921,0.11900000000000001,1,2,
main,252,1,680,107,149.244,0.13,1,2,
main,253,1,347,-4,149.565,0.126,1,2,
main,254,1,63,27,149.838,0.081,1,2,
main,255,1,101,64,150.044,0.024,1,2,
main,256,1,528,-64,150.249,0.022,1,2,
main,257,1,417,-110,150.59,0.159,1,2,
main,258,1,384,152,150.92600000000002,0.155,1,2,
main,259,1,292,-206,151.263,0.154,1,2,
main,260,1,38,294,151.605,0.155,1,1,
main,261,1,-425,-41,152.049,0.176,1,1,
main,262,1,-230,18,152.436,0.114,1,1,
main,263,1,-383,241,152.735,0.028,1,1,
main,264,1,-267,122,153.038,0.036000000000000004,1,1,
main,265,1,-427,71,153.375,0.069,1,1,
main,266,1,-507,-150,153.679,0.033,1,1,
main,267,1,-294,-113,153.981,0.028,1,1,
main,268,1,-293,114,154.399,0.147,1,2,
main,269,1,613,-82,154.594,0.009000000000000001,1,2,
main,270,1,289,228,154.866,0.085,1,2,
main,271,1,362,-124,155.222,0.167,1,1,
main,272,1,-292,190,155.55700000000002,0.067,1,1,
main,273,1,-374,83,155.863,0.039,1,1,
main,274,1,-110,68,156.195,0.066,1,1,
main,275,1,-321,-36,156.498,0.043000000000000003,1,1,
main,276,1,-299,38,156.804,0.042,1,1,
main,277,1,-624,-212,157.091,0.018000000000000002,1,2,
main,278,1,367,-153,157.366,0.081,1,2,
main,279,1,262,83,157.576,0.015,1,2,
main,280,1,321,207,157.78,0.012,1,2,
main,281,1,313,3,158.174,0.201,1,2,
main,282,1,448,20,158.37,0.001,1,2,
main,283,1,207,100,158.698,0.133,1,2,
main,284,1,178,229,158.892,0,1,2,
main,285,1,301,12,159.226,0.14100000000000001,1,2,
main,286,1,331,-157,159.526,0.108,1,2,
main,287,1,353,-111,159.809,0.092,1,2,
main,288,1,563,60,160.148,0.147,1,2,
main,289,1,250,46,160.46,0.11800000000000001,1,2,
main,290,1,363,-59,160.809,0.157,1,2,
main,291,1,561,14,161.083,0.081,1,2,
main,292,1,288,209,161.278,0.003,1,2,
main,293,1,-42,-82,161.629,0.158,1,2,
main,294,1,195,-82,161.997,0.176,1,2,
main,295,1,401,-53,162.338,0.15,1,2,
main,296,1,338,27,162.644,0.114,1,2,
main,297,1,323,30,162.941,0.10400000000000001,1,2,
main,298,1,-143,30,163.28900000000002,0.155,1,2,
main,299,1,325,-40,163.487,0.003,1,2,
main,300,1,309,-51,163.78300000000002,0.10400000000000001,1,2,
main,301,1,252,105,164.029,0.055,1,1,
main,302,1,-239,330,164.364,0.063,1,1,
main,303,1,-373,-1,164.705,0.066,1,1,
main,304,1,-479,-13,165.047,0.07,1,1,
main,305,1,-300,-14,165.39000000000001,0.075,1,1,
main,306,1,-255,87,165.666,0.009000000000000001,1,1,
main,307,1,-554,-41,166.025,0.08600000000000001,1,1,
main,308,1,-100,-100,166.397,0.1,1,1,
main,309,1,-287,134,166.781,0.111,1,1,
main,310,1,-341,-114,167.149,0.096,1,1,
main,311,1,-425,-188,167.425,0.005,1,1,
main,312,1,-396,-37,167.754,0.054,1,1,
main,313,1,-555,143,168.109,0.083,1,1,
main,314,1,-548,-130,168.434,0.051000000000000004,1,2,
main,315,1,361,-186,168.636,0.009000000000000001,1,2,
main,316,1,455,-240,169.013,0.183,1,2,
main,317,1,352,-37,169.399,0.193,1,2,
main,318,1,277,48,169.714,0.122,1,2,
main,319,1,313,155,170.016,0.116,1,2,
main,320,1,312,89,170.214,0.003,1,2,
main,321,1,384,44,170.419,0.01,1,2,
main,322,1,196,37,170.723,0.111,1,2,
main,323,1,294,65,170.982,0.065,1,2,
main,324,1,19,95,171.264,0.091,1,2,
main,325,1,397,-220,171.564,0.106,1,1,
main,326,1,-217,279,171.897,0.058,1,1,
main,327,1,-596,-102,172.223,0.054,1,1,
main,328,1,-354,111,172.55700000000002,0.062,1,1,
main,329,1,-325,89,172.951,0.124,1,2,
main,330,1,680,4,173.291,0.154,1,2,
main,331,1,318,-1,173.584,0.10200000000000001,1,2,
main,332,1,254,-18,173.889,0.109,1,2,
main,333,1,289,149,174.203,0.124,1,2,
main,334,1,385,95,174.406,0.01,1,2,
main,335,1,405,183,174.689,0.091,1,2,
main,336,1,143,-182,174.989,0.112,1,2,
main,337,1,251,211,175.18800000000002,0.013000000000000001,1,2,
main,338,1,242,-198,175.482,0.10200000000000001,1,2,
main,339,1,129,190,175.744,0.073,1,2,
main,340,1,242,-130,176.091,0.156,1,1,
main,341,1,-520,-188,176.42600000000002,0.068,1,1,
main,342,1,-411,-228,176.798,0.10400000000000001,1,1,
main,343,1,-444,-53,177.119,0.054,1,1,
main,344,1,-154,-248,177.442,0.058,1,1,
main,345,1,-300,-199,177.754,0.043000000000000003,1,1,
main,346,1,-242,-161,178.052,0.024,1,1,
main,347,1,-474,143,178.415,0.093,1,1,
main,348,1,-238,-289,178.76,0.076,1,1,
main,349,1,-280,281,179.048,0.02,1,1,
main,350,1,-219,24,179.371,0.056,1,1,
main,351,1,-466,115,179.684,0.043000000000000003,1,1,
main,352,1,-250,-99,180.01500000000001,0.076,1,1,
main,353,1,-145,-22,180.347,0.07,1,1,
main,354,1,-229,-106,180.661,0.055,1,1,
main,355,1,-361,51,180.985,0.057,1,1,
main,356,1,-240,176,181.26,0.003,1,1,
main,357,1,-246,-151,181.535,0.003,1,1,
main,358,1,-362,206,181.909,0.106,1,1,
main,359,1,-442,-37,182.227,0.057,1,1,
main,360,1,-239,-2,182.583,0.098,1,1,
main,361,1,-544,-123,182.996,0.149,1,1,
main,362,1,-549,-56,183.334,0.074,1,1,
main,363,1,-406,78,183.782,0.186,1,1,
main,364,1,-394,-263,184.103,0.056,1,1,
main,365,1,-275,-29,184.413,0.038,1,1,
main,366,1,-62,-22,184.716,0.037,1,1,
main,367,1,-351,-78,185.094,0.114,1,1,
main,368,1,-384,-15,185.368,0.008,1,1,
main,369,1,-261,21,185.70600000000002,0.073,1,1,
main,370,1,-577,201,185.99,0.023,1,2,
main,371,1,275,-77,186.238,0.057,1,2,
main,372,1,289,141,186.578,0.149,1,2,
main,373,1,355,-284,186.949,0.18,1,2,
main,374,1,369,-5,187.328,0.187,1,2,
main,375,1,600,-156,187.657,0.137,1,2,
main,376,1,314,-49,188.035,0.184,1,2,
main,377,1,202,-135,188.372,0.14200000000000002,1,2,
main,378,1,283,-183,188.666,0.10200000000000001,1,2,
main,379,1,650,-144,188.869,0.016,1,2,
main,380,1,173,-283,189.169,0.106,1,2,
main,381,1,443,-60,189.524,0.163,1,2,
main,382,1,443,-62,189.81900000000002,0.10300000000000001,1,2,
main,383,1,351,-148,190.018,0.007,1,2,
main,384,1,197,262,190.351,0.14,1,2,
main,385,1,373,63,190.653,0.11,1,2,
main,386,1,254,-338,191.005,0.159,1,2,
main,387,1,362,170,191.252,0.056,1,1,
main,388,1,-238,-182,191.558,0.034,1,1,
main,389,1,-288,-72,191.90200000000002,0.073,1,1,
main,390,1,-510,57,192.223,0.051000000000000004,1,1,
main,391,1,-493,118,192.566,0.07100000000000001,1,1,
main,392,1,-474,-196,192.936,0.1,1,1,
main,393,1,-326,-52,193.219,0.012,1,1,
main,394,1,-230,-116,193.574,0.081,1,1,
main,395,1,-446,38,193.915,0.069,1,1,
main,396,1,-168,133,194.276,0.089,1,1,
main,397,1,-374,-15,194.657,0.11,1,1,
main,398,1,-403,-266,195.028,0.099,1,1,
main,399,1,-305,-44,195.314,0.016,1,1,
main,400,1,-305,-25,195.625,0.04,1,1,
main,401,3,-152,-198,196.079,0.18,1,2,
main,402,3,265,74,196.28900000000002,0.017,1,2,
main,403,3,621,-33,196.561,0.078,1,2,
main,404,3,399,140,196.866,0.11,1,2,
main,405,3,586,-212,197.06300000000002,0.003,1,2,
main,406,3,320,158,197.409,0.153,1,1,
main,407,3,-370,-82,197.716,0.038,1,2,
main,408,3,271,-180,197.923,0.012,1,2,
main,409,3,71,114,198.298,0.18,1,2,
main,410,3,359,-47,198.611,0.11800000000000001,1,2,
main,411,3,165,16,198.951,0.14400000000000002,1,2,
main,412,3,505,-177,199.333,0.188,1,2,
main,413,3,493,-184,199.53900000000002,0.01,1,2,
main,414,3,504,-72,199.745,0.011,1,2,
main,415,3,167,-63,200.037,0.1,1,1,
main,416,3,-345,128,200.33100000000002,0.023,1,1,
main,417,3,-208,217,200.685,0.08,1,2,
main,418,3,275,-34,201.006,0.13,1,2,
main,419,3,371,4,201.264,0.065,1,2,
main,420,3,468,-132,201.584,0.13,1,1,
main,421,3,-405,-60,201.993,0.138,1,1,
main,422,3,-307,-81,202.305,0.041,1,1,
main,423,3,-322,-104,202.713,0.137,1,1,
main,424,3,-350,380,203.08700000000002,0.10400000000000001,1,2,
main,425,3,92,-65,203.406,0.132,1,2,
main,426,3,176,8,203.672,0.074,1,2,
main,427,3,365,-56,204.00900000000001,0.14300000000000002,1,2,
main,428,3,366,-260,204.208,0.013000000000000001,1,2,
main,429,3,147,46,204.554,0.161,1,2,
main,430,3,67,-59,204.818,0.08,1,2,
main,431,3,392,236,205.096,0.08700000000000001,1,2,
main,432,3,317,-27,205.373,0.085,1,2,
main,433,3,328,170,205.58100000000002,0.018000000000000002,1,2,
main,434,3,570,50,205.87,0.1,1,2,
main,435,3,178,-52,206.066,0.004,1,1,
main,436,3,-128,-124,206.385,0.049,1,1,
main,437,3,-417,14,206.667,0.013000000000000001,1,1,
main,438,3,-192,146,206.988,0.051000000000000004,1,1,
main,439,3,-488,-71,207.32500000000002,0.07200000000000001,1,1,
main,440,3,-611,-236,207.65800000000002,0.063,1,2,
main,441,3,208,-40,207.997,0.149,1,2,
main,442,3,351,279,208.317,0.133,1,2,
main,443,3,555,-291,208.595,0.095,1,1,
main,444,3,-236,24,208.975,0.106,1,1,
main,445,3,-298,102,209.3,0.059000000000000004,1,1,
main,446,3,-306,79,209.583,0.017,1,1,
main,447,3,-287,-166,209.90200000000002,0.051000000000000004,1,1,
main,448,3,-374,154,210.23600000000002,0.077,1,1,
main,449,3,-279,83,210.616,0.117,1,1,
main,450,3,-380,272,211.00300000000001,0.122,1,1,
main,451,3,-360,-44,211.36,0.09,1,1,
main,452,3,-680,-15,211.86100000000002,0.23800000000000002,1,1,
main,453,3,-297,-96,212.187,0.07200000000000001,1,1,
main,454,3,-462,-1,212.46200000000002,0.005,1,1,
main,455,3,-395,-100,212.744,0.01,1,2,
main,456,3,265,-120,213.088,0.156,1,2,
main,457,3,476,-81,213.296,0.022,1,2,
main,458,3,482,152,213.623,0.14200000000000002,1,2,
main,459,3,236,64,213.904,0.093,1,2,
main,460,3,295,144,214.255,0.165,1,2,
main,461,3,543,3,214.595,0.158,1,2,
main,462,3,379,13,214.894,0.116,1,2,
main,463,3,415,-212,215.097,0.012,1,2,
main,464,3,494,-147,215.405,0.116,1,2,
main,465,3,7,-28,215.689,0.092,1,2,
main,466,3,308,-54,216.008,0.128,1,2,
main,467,3,443,73,216.269,0.07,1,2,
main,468,3,494,-49,216.592,0.136,1,2,
main,469,3,235,-380,216.791,0.008,1,2,
main,470,3,154,-167,217.10500000000002,0.123,1,2,
main,471,3,466,144,217.393,0.107,1,1,
main,472,3,-165,-116,217.725,0.06,1,2,
main,473,3,279,15,218.091,0.17500000000000002,1,2,
main,474,3,225,-104,218.401,0.11900000000000001,1,2,
main,475,3,440,71,218.602,0.008,1,2,
main,476,3,34,36,218.899,0.113,1,2,
main,477,3,427,44,219.228,0.138,1,2,
main,478,3,348,-100,219.433,0.012,1,2,
main,479,3,158,-280,219.73000000000002,0.106,1,2,
main,480,3,296,-49,219.937,0.017,1,2,
main,481,3,164,53,220.282,0.157,1,2,
main,482,3,269,-51,220.568,0.099,1,1,
main,483,3,-129,79,220.935,0.105,1,1,
main,484,3,-577,258,221.221,0.017,1,1,
main,485,3,-509,-7,221.568,0.075,1,1,
main,486,3,-279,-10,221.899,0.067,1,1,
main,487,3,-349,12,222.225,0.061,1,2,
main,488,3,450,222,222.429,0.012,1,2,
main,489,3,346,-41,222.721,0.101,1,1,
main,490,3,-251,131,223.061,0.067,1,1,
main,491,3,-608,-64,223.41,0.077,1,2,
main,492,3,364,-178,223.77700000000002,0.176,1,2,
main,493,3,319,-268,223.99200000000002,0.028,1,2,
main,494,3,492,-68,224.181,0.003,1,1,
main,495,3,-632,-198,224.559,0.11,1,1,
main,496,3,-247,-63,224.886,0.053,1,1,
main,497,3,-478,160,225.159,0.003,1,1,
main,498,3,-509,71,225.446,0.016,1,1,
main,499,3,-257,-112,225.79,0.074,1,1,
main,500,3,-492,108,226.148,0.096,1,2,
main,501,3,62,71,226.494,0.156,1,2,
main,502,3,172,-30,226.695,0.01,1,2,
main,503,3,151,-121,226.99800000000002,0.11,1,2,
main,504,3,425,83,227.365,0.177,1,1,
main,505,3,-286,-104,227.719,0.084,1,1,
main,506,3,-361,39,228.059,0.073,1,1,
main,507,3,-468,324,228.403,0.073,1,2,
main,508,3,285,2,228.686,0.091,1,2,
main,509,3,366,-56,228.981,0.10400000000000001,1,2,
main,510,3,213,-44,229.288,0.11800000000000001,1,2,
main,511,3,519,19,229.559,0.076,1,2,
main,512,3,372,141,229.883,0.131,1,1,
main,513,3,-314,-110,230.205,0.056,1,2,
main,514,3,521,163,230.488,0.089,1,1,
main,515,3,-397,54,230.832,0.07100000000000001,1,1,
main,516,3,-226,-30,231.191,0.08600000000000001,1,1,
main,517,3,-606,103,231.526,0.062,1,1,
main,518,3,-235,99,231.91400000000002,0.114,1,1,
main,519,3,-457,-133,232.255,0.066,1,1,
main,520,3,-444,-114,232.65200000000002,0.128,1,1,
main,521,3,-295,-213,232.985,0.064,1,1,
main,522,3,-353,-118,233.34,0.084,1,1,
main,523,3,-304,-75,233.653,0.045,1,1,
main,524,3,-305,-152,233.96,0.033,1,1,
main,525,3,-218,58,234.28,0.049,1,1,
main,526,3,-656,295,234.6,0.05,1,1,
main,527,3,-448,48,234.87900000000002,0.012,1,1,
main,528,3,-216,-289,235.201,0.053,1,1,
main,529,3,-401,200,235.548,0.082,1,1,
main,530,3,-352,32,235.85,0.03,1,1,
main,531,3,-210,65,236.124,0.004,1,1,
main,532,3,-290,52,236.446,0.053,1,1,
main,533,3,-367,189,236.821,0.10200000000000001,1,1,
main,534,3,-465,138,237.132,0.037,1,1,
main,535,3,-231,241,237.458,0.058,1,2,
main,536,3,25,-61,237.729,0.079,1,2,
main,537,3,165,1,237.925,0.004,1,2,
main,538,3,560,45,238.223,0.106,1,2,
main,539,3,315,24,238.538,0.122,1,2,
main,540,3,385,51,238.732,0.002,1,2,
main,541,3,378,-354,239.108,0.183,1,2,
main,542,3,303,93,239.315,0.011,1,2,
main,543,3,323,147,239.579,0.073,1,1,
main,544,3,-1,115,239.89000000000001,0.037,1,1,
main,545,3,-633,-14,240.202,0.043000000000000003,1,1,
main,546,3,-601,-50,240.499,0.033,1,1,
main,547,3,-146,92,240.864,0.098,1,1,
main,548,3,-294,104,241.161,0.022,1,1,
main,549,3,-106,-97,241.5,0.067,1,1,
main,550,3,-299,113,241.792,0.02,1,1,
main,551,3,-325,31,242.083,0.021,1,1,
main,552,3,-434,68,242.425,0.07100000000000001,1,1,
main,553,3,-319,229,242.797,0.101,1,2,
main,554,3,277,90,243.132,0.146,1,2,
main,555,3,1,56,243.38,0.055,1,2,
main,556,3,337,-168,243.675,0.10200000000000001,1,1,
main,557,3,24,-198,244.108,0.16,1,1,
main,558,3,-290,-250,244.39000000000001,0.013000000000000001,1,2,
main,559,3,414,248,244.708,0.125,1,2,
main,560,3,259,-47,245.084,0.182,1,2,
main,561,3,222,101,245.281,0.005,1,2,
main,562,3,446,-18,245.609,0.139,1,2,
main,563,3,355,-46,245.857,0.06,1,1,
main,564,3,-487,-46,246.208,0.083,1,2,
main,565,3,551,178,246.4,0.001,1,2,
main,566,3,302,-48,246.608,0.022,1,2,
main,567,3,423,-27,246.804,0.007,1,2,
main,568,3,329,-136,247.147,0.157,1,2,
main,569,3,438,39,247.447,0.11,1,2,
main,570,3,403,-380,247.816,0.177,1,2,
main,571,3,493,52,248.173,0.166,1,2,
main,572,3,264,-79,248.443,0.078,1,2,
main,573,3,108,180,248.79,0.155,1,2,
main,574,3,680,244,248.988,0.005,1,2,
main,575,3,464,72,249.38400000000001,0.20400000000000001,1,2,
main,576,3,238,-223,249.72400000000002,0.146,1,2,
main,577,3,396,159,250.016,0.10300000000000001,1,2,
main,578,3,377,-27,250.311,0.10400000000000001,1,2,
main,579,3,298,76,250.606,0.10300000000000001,1,1,
main,580,3,-347,-4,250.934,0.064,1,1,
main,581,3,-293,-158,251.268,0.064,1,2,
main,582,3,602,271,251.568,0.113,1,2,
main,583,3,428,-221,251.897,0.14200000000000002,1,1,
main,584,3,-404,101,252.193,0.025,1,1,
main,585,3,-540,-145,252.549,0.09,1,2,
main,586,3,395,-67,252.886,0.146,1,2,
main,587,3,250,-24,253.231,0.158,1,2,
main,588,3,395,-187,253.437,0.015,1,2,
main,589,3,203,160,253.764,0.134,1,2,
main,590,3,60,67,254.088,0.129,1,2,
main,591,3,451,-99,254.28900000000002,0.008,1,2,
main,592,3,251,-168,254.671,0.19,1,2,
main,593,3,232,213,255.018,0.157,1,2,
main,594,3,428,-128,255.357,0.146,1,1,
main,595,3,-378,293,255.685,0.058,1,2,
main,596,3,544,115,256.011,0.135,1,2,
main,597,3,302,49,256.213,0.014,1,2,
main,598,3,128,-131,256.512,0.109,1,2,
main,599,3,369,167,256.807,0.10400000000000001,1,2,
main,600,3,490,200,257,0.006,1,1,
main,601,6,582,-122,257.315,0.043000000000000003,1,1,
main,602,6,-270,-40,257.694,0.111,1,2,
main,603,6,475,-22,258.064,0.179,1,1,
main,604,6,-208,-154,258.34000000000003,0.007,1,2,
main,605,6,680,242,258.65500000000003,0.121,1,1,
main,606,6,-449,317,258.978,0.049,1,2,
main,607,6,503,115,259.30400000000003,0.131,1,1,
main,608,6,-191,118,259.674,0.097,1,2,
main,609,6,233,85,260.038,0.17200000000000001,1,1,
main,610,6,-173,41,260.32,0.016,1,2,
main,611,6,123,92,260.663,0.152,1,1,
main,612,6,-424,-176,261.031,0.095,1,1,
main,613,6,-311,-41,261.363,0.059000000000000004,1,2,
main,614,6,501,-195,261.64,0.085,1,1,
main,615,6,-236,-372,261.91700000000003,0.005,1,2,
main,616,6,471,101,262.234,0.124,1,2,
main,617,6,72,-380,262.557,0.131,1,1,
main,618,6,-308,-71,262.942,0.114,1,2,
main,619,6,179,-16,263.144,0.007,1,1,
main,620,6,-277,257,263.46500000000003,0.049,1,1,
main,621,6,-540,-79,263.811,0.079,1,2,
main,622,6,594,14,264.152,0.148,1,1,
main,623,6,-348,7,264.483,0.059000000000000004,1,2,
main,624,6,366,13,264.769,0.094,1,1,
main,625,6,-537,-47,265.234,0.196,1,2,
main,626,6,469,306,265.60200000000003,0.17400000000000002,1,1,
main,627,6,-242,380,265.931,0.059000000000000004,1,2,
main,628,6,153,-46,266.269,0.15,1,1,
main,629,6,-573,-66,266.63100000000003,0.097,1,1,
main,630,6,-345,380,266.974,0.07200000000000001,1,2,
main,631,6,534,157,267.166,0.002,1,1,
main,632,6,168,216,267.516,0.08,1,2,
main,633,6,306,-19,267.719,0.009000000000000001,1,1,
main,634,6,-192,33,268.124,0.135,1,2,
main,635,6,288,36,268.463,0.148,1,1,
main,636,6,-497,-143,268.853,0.11900000000000001,1,1,
main,637,6,-542,54,269.139,0.017,1,2,
main,638,6,365,-363,269.492,0.161,1,1,
main,639,6,-210,233,269.769,0.005,1,2,
main,640,6,423,-4,270.067,0.105,1,1,
main,641,6,-480,-329,270.433,0.1,1,2,
main,642,6,579,336,270.722,0.10400000000000001,1,1,
main,643,6,9,-142,271.061,0.078,1,2,
main,644,6,177,-144,271.311,0.058,1,1,
main,645,6,-80,307,271.625,0.045,1,2,
main,646,6,332,-118,271.967,0.15,1,1,
main,647,6,-241,-68,272.363,0.126,1,2,
main,648,6,448,313,272.565,0.01,1,1,
main,649,6,-611,-23,272.924,0.092,1,2,
main,650,6,97,156,273.24,0.121,1,2,
main,651,6,534,-37,273.445,0.016,1,1,
main,652,6,-174,162,273.874,0.16,1,2,
main,653,6,371,140,274.229,0.164,1,1,
main,654,6,-324,60,274.509,0.011,1,2,
main,655,6,449,97,274.8,0.10300000000000001,1,2,
main,656,6,445,27,275.101,0.111,1,1,
main,657,6,-403,-137,275.389,0.016,1,2,
main,658,6,680,46,275.696,0.115,1,1,
main,659,6,-369,106,276.077,0.112,1,2,
main,660,6,491,-44,276.409,0.138,1,1,
main,661,6,-215,-19,276.758,0.077,1,2,
main,662,6,93,102,277.083,0.132,1,1,
main,663,6,-249,95,277.464,0.109,1,2,
main,664,6,175,159,277.795,0.139,1,1,
main,665,6,-375,219,278.19,0.123,1,2,
main,666,6,680,380,278.56600000000003,0.183,1,1,
main,667,6,-616,-122,278.91700000000003,0.08,1,2,
main,668,6,178,139,279.26300000000003,0.152,1,1,
main,669,6,-236,230,279.624,0.085,1,2,
main,670,6,498,-291,279.955,0.14100000000000001,1,2,
main,671,6,424,27,280.148,0.001,1,2,
main,672,6,316,305,280.524,0.183,1,1,
main,673,6,-462,152,280.831,0.034,1,2,
main,674,6,298,-115,281.188,0.165,1,1,
main,675,6,-228,-124,281.526,0.065,1,2,
main,676,6,508,-265,281.733,0.015,1,1,
main,677,6,-266,-152,282.077,0.07200000000000001,1,2,
main,678,6,438,-237,282.374,0.114,1,1,
main,679,6,-340,217,282.836,0.188,1,2,
main,680,6,314,310,283.13100000000003,0.1,1,1,
main,681,6,-527,82,283.514,0.109,1,2,
main,682,6,228,88,283.883,0.177,1,1,
main,683,6,-26,-144,284.176,0.022,1,2,
main,684,6,319,-254,284.496,0.124,1,1,
main,685,6,-295,143,284.82,0.053,1,2,
main,686,6,463,-369,285.136,0.127,1,1,
main,687,6,-431,-276,285.408,0.004,1,2,
main,688,6,-242,-49,285.686,0.083,1,1,
main,689,6,-209,-21,286.088,0.134,1,2,
main,690,6,379,-34,286.372,0.09,1,1,
main,691,6,-117,380,286.749,0.10300000000000001,1,2,
main,692,6,680,12,286.957,0.014,1,1,
main,693,6,-238,-127,287.25600000000003,0.027,1,2,
main,694,6,422,-315,287.627,0.179,1,1,
main,695,6,-330,-22,288.015,0.106,1,2,
main,696,6,398,74,288.38100000000003,0.167,1,1,
main,697,6,-419,-215,288.783,0.13,1,2,
main,698,6,56,1,289.076,0.099,1,1,
main,699,6,35,161,289.409,0.058,1,2,
main,700,6,236,61,289.613,0.01,1,1,
main,701,6,-646,-380,289.957,0.075,1,2,
main,702,6,594,68,290.16,0.01,1,1,
main,703,6,-639,-44,290.458,0.035,1,1,
main,704,6,-456,-174,290.758,0.033,1,2,
main,705,6,280,-380,291.084,0.14,1,1,
main,706,6,-678,178,291.432,0.083,1,2,
main,707,6,-63,-112,291.807,0.189,1,1,
main,708,6,-372,-164,292.204,0.132,1,2,
main,709,6,433,204,292.515,0.128,1,1,
main,710,6,-323,-237,292.821,0.042,1,1,
main,711,6,-345,-67,293.125,0.037,1,2,
main,712,6,405,-40,293.395,0.082,1,1,
main,713,6,-169,36,293.73900000000003,0.08,1,2,
main,714,6,680,23,293.925,0,1,1,
main,715,6,-46,104,294.338,0.145,1,2,
main,716,6,207,144,294.57800000000003,0.056,1,1,
main,717,6,-105,249,294.947,0.099,1,2,
main,718,6,232,-380,295.272,0.131,1,1,
main,719,6,-131,289,295.608,0.064,1,1,
main,720,6,-170,-292,296,0.11900000000000001,1,2,
main,721,6,463,345,296.201,0.007,1,2,
main,722,6,185,-295,296.532,0.139,1,1,
main,723,6,-385,80,296.859,0.054,1,2,
main,724,6,488,256,297.219,0.165,1,1,
main,725,6,-138,380,297.508,0.017,1,2,
main,726,6,279,111,297.806,0.106,1,2,
main,727,6,343,281,298.012,0.012,1,1,
main,728,6,-332,-205,298.367,0.085,1,1,
main,729,6,-541,-18,298.657,0.016,1,1,
main,730,6,-370,166,299.033,0.10400000000000001,1,2,
main,731,6,186,79,299.38100000000003,0.155,1,1,
main,732,6,-187,-33,299.7,0.048,1,2,
main,733,6,269,-49,300.041,0.15,1,1,
main,734,6,-279,380,300.311,0,1,2,
main,735,6,491,147,300.503,0.003,1,1,
main,736,6,-236,19,300.861,0.091,1,2,
main,737,6,632,-195,301.13800000000003,0.09,1,1,
main,738,6,-304,249,301.454,0.042,1,2,
main,739,6,94,1,301.742,0.093,1,1,
main,740,6,-393,206,302.209,0.196,1,2,
main,741,6,54,122,302.514,0.11,1,1,
main,742,6,-377,126,302.825,0.037,1,1,
main,743,6,-626,2,303.199,0.1,1,2,
main,744,6,219,136,303.48900000000003,0.101,1,1,
main,745,6,-181,-9,303.83,0.081,1,1,
main,746,6,55,-17,304.15500000000003,0.063,1,1,
main,747,6,-294,-180,304.635,0.203,1,2,
main,748,6,138,83,304.907,0.085,1,1,
main,749,6,-381,17,305.26800000000003,0.094,1,2,
main,750,6,433,45,305.533,0.07,1,1,
main,751,6,-284,280,305.825,0.024,1,2,
main,752,6,642,109,306.15500000000003,0.137,1,2,
main,753,6,290,-317,306.353,0.003,1,1,
main,754,6,-653,8,306.704,0.082,1,2,
main,755,6,-129,15,307.039,0.139,1,2,
main,756,6,46,141,307.372,0.14100000000000001,1,1,
main,757,6,-237,-250,307.656,0.013000000000000001,1,2,
main,758,6,680,-334,307.933,0.082,1,1,
main,759,6,-361,23,308.314,0.114,1,2,
main,760,6,326,241,308.56,0.054,1,1,
main,761,6,-373,48,308.903,0.081,1,2,
main,762,6,416,-100,309.199,0.112,1,1,
main,763,6,-597,105,309.517,0.051000000000000004,1,2,
main,764,6,210,-176,317.378,0.101,1,1,
main,765,6,-273,-6,317.823,0.17300000000000001,1,1,
main,766,6,-287,380,318.177,0.084,1,2,
main,767,6,199,-35,318.484,0.121,1,1,
main,768,6,-344,197,318.791,0.047,1,2,
main,769,6,342,68,319.036,0.054,1,1,
main,770,6,-246,110,319.377,0.077,1,2,
main,771,6,343,75,319.743,0.171,1,1,
main,772,6,-266,19,320.104,0.091,1,2,
main,773,6,335,-380,320.339,0.048,1,1,
main,774,6,-438,196,320.636,0.029,1,2,
main,775,6,65,-380,320.961,0.135,1,1,
main,776,6,-486,15,321.29900000000004,0.073,1,2,
main,777,6,338,27,321.633,0.14,1,1,
main,778,6,-525,-94,321.911,0.007,1,2,
main,779,6,356,39,322.113,0.013000000000000001,1,1,
main,780,6,-168,-25,322.451,0.074,1,2,
main,781,6,223,40,322.743,0.101,1,1,
main,782,6,-354,-72,323.082,0.068,1,1,
main,783,6,-75,25,323.386,0.029,1,2,
main,784,6,248,338,323.72700000000003,0.16,1,1,
main,785,6,-451,-204,324.135,0.14100000000000001,1,2,
main,786,6,509,84,324.335,0.016,1,1,
main,787,6,-525,-82,324.659,0.059000000000000004,1,2,
main,788,6,467,76,324.981,0.125,1,1,
main,789,6,-470,207,325.35200000000003,0.11,1,2,
main,790,6,16,66,325.636,0.088,1,1,
main,791,6,-198,-21,326.016,0.107,1,2,
main,792,6,402,297,326.3,0.088,1,1,
main,793,6,-623,-48,326.656,0.08,1,2,
main,794,6,468,46,326.99,0.139,1,1,
main,795,6,-293,203,327.332,0.08,1,2,
main,796,6,453,-191,327.588,0.069,1,1,
main,797,6,-394,338,327.904,0.055,1,2,
main,798,6,276,-160,328.233,0.14,1,1,
main,799,6,-447,-3,328.547,0.043000000000000003,1,2,
main,800,6,428,141,328.838,0.096,1,1,
main,801,2,-604,-98,329.137,0.026000000000000002,1,1,
main,802,2,-147,-2,329.431,0.019,1,1,
main,803,2,-475,-350,329.747,0.044,1,1,
main,804,2,-172,7,330.096,0.077,1,1,
main,805,2,-277,77,330.427,0.068,1,1,
main,806,2,-246,-45,330.73900000000003,0.048,1,1,
main,807,2,-680,203,331.033,0.026000000000000002,1,1,
main,808,2,-362,146,331.36,0.064,1,2,
main,809,2,-147,-106,331.728,0.181,1,2,
main,810,2,682,-276,332.043,0.121,1,2,
main,811,2,125,-138,332.398,0.16,1,2,
main,812,2,193,-91,332.587,0.004,1,2,
main,813,2,645,25,332.932,0.158,1,2,
main,814,2,373,-117,333.29200000000003,0.167,1,2,
main,815,2,646,-229,333.54900000000004,0.069,1,2,
main,816,2,126,38,333.861,0.117,1,2,
main,817,2,582,181,334.18,0.125,1,2,
main,818,2,14,32,334.462,0.094,1,1,
main,819,2,-280,357,334.731,0.002,1,1,
main,820,2,-452,234,335.083,0.08600000000000001,1,1,
main,821,2,-320,-80,335.406,0.052000000000000005,1,1,
main,822,2,-313,223,335.783,0.108,1,1,
main,823,2,-290,-251,336.11400000000003,0.073,1,1,
main,824,2,-329,326,336.401,0.026000000000000002,1,1,
main,825,2,-595,26,336.721,0.059000000000000004,1,1,
main,826,2,-470,-281,336.997,0.008,1,1,
main,827,2,-321,-65,337.345,0.075,1,1,
main,828,2,-22,33,337.673,0.058,1,1,
main,829,2,-129,12,338.002,0.06,1,1,
main,830,2,-52,-8,338.384,0.108,1,1,
main,831,2,-462,-374,338.684,0.037,1,1,
main,832,2,-376,197,339.074,0.124,1,1,
main,833,2,-265,186,339.425,0.083,1,1,
main,834,2,-219,189,339.758,0.067,1,1,
main,835,2,-44,135,340.088,0.064,1,1,
main,836,2,-143,197,340.455,0.109,1,1,
main,837,2,-458,4,340.786,0.07,1,2,
main,838,2,492,-132,341.101,0.131,1,2,
main,839,2,81,-380,341.36400000000003,0.07200000000000001,1,2,
main,840,2,292,-193,341.723,0.169,1,2,
main,841,2,594,-380,341.928,0.019,1,2,
main,842,2,680,120,342.246,0.13,1,2,
main,843,2,548,212,342.52500000000003,0.093,1,1,
main,844,2,-456,380,342.889,0.10200000000000001,1,1,
main,845,2,-388,-301,343.23900000000003,0.082,1,1,
main,846,2,-393,-165,343.539,0.033,1,2,
main,847,2,456,-210,343.851,0.128,1,2,
main,848,2,337,103,344.195,0.157,1,2,
main,849,2,314,62,344.459,0.073,1,1,
main,850,2,-328,150,344.771,0.039,1,1,
main,851,2,-156,-53,345.106,0.073,1,1,
main,852,2,-75,252,345.48,0.108,1,1,
main,853,2,-449,-198,345.755,0.015,1,1,
main,854,2,-390,-340,346.073,0.054,1,1,
main,855,2,-369,83,346.451,0.113,1,1,
main,856,2,-423,380,346.773,0.055,1,1,
main,857,2,-228,-218,347.11400000000003,0.074,1,1,
main,858,2,-232,30,347.43,0.049,1,1,
main,859,2,-293,61,347.771,0.079,1,1,
main,860,2,-487,-380,348.088,0.048,1,1,
main,861,2,-412,-118,348.407,0.049,1,1,
main,862,2,-259,-90,348.705,0.03,1,1,
main,863,2,-568,120,349.06600000000003,0.093,1,1,
main,864,2,-225,137,349.367,0.035,1,1,
main,865,2,-626,93,349.712,0.08,1,2,
main,866,2,359,88,350.04900000000004,0.147,1,2,
main,867,2,680,192,350.348,0.105,1,2,
main,868,2,365,318,350.635,0.099,1,2,
main,869,2,468,1,350.824,0.002,1,2,
main,870,2,52,-223,351.124,0.109,1,2,
main,871,2,586,-95,351.469,0.153,1,2,
main,872,2,643,-66,351.823,0.165,1,2,
main,873,2,25,-380,352.13100000000003,0.121,1,2,
main,874,2,520,-25,352.33,0.006,1,2,
main,875,2,323,-14,352.62600000000003,0.10400000000000001,1,2,
main,876,2,-11,-24,352.95,0.132,1,2,
main,877,2,205,232,353.28000000000003,0.14200000000000002,1,2,
main,878,2,328,218,353.591,0.123,1,2,
main,879,2,411,214,353.784,0.002,1,2,
main,880,2,387,-21,353.991,0.024,1,2,
main,881,2,343,-295,354.291,0.114,1,2,
main,882,2,604,343,354.487,0.007,1,2,
main,883,2,443,-197,354.813,0.134,1,2,
main,884,2,505,50,355.149,0.146,1,2,
main,885,2,295,19,355.504,0.171,1,2,
main,886,2,385,266,355.882,0.193,1,2,
main,887,2,537,251,356.236,0.162,1,2,
main,888,2,309,-65,356.588,0.163,1,2,
main,889,2,380,380,356.788,0.008,1,2,
main,890,2,102,-152,357.106,0.129,1,2,
main,891,2,374,195,357.385,0.093,1,2,
main,892,2,477,-158,357.666,0.10200000000000001,1,2,
main,893,2,10,32,357.851,0.003,1,2,
main,894,2,609,118,358.053,0.02,1,2,
main,895,2,349,380,358.40000000000003,0.168,1,2,
main,896,2,663,47,358.731,0.153,1,2,
main,897,2,397,34,359.058,0.149,1,2,
main,898,2,63,-126,359.26300000000003,0.027,1,2,
main,899,2,87,183,359.567,0.122,1,2,
main,900,2,184,228,359.869,0.116,1,2,
main,901,2,268,53,360.253,0.193,1,2,
main,902,2,402,235,360.528,0.093,1,2,
main,903,2,125,380,360.835,0.129,1,2,
main,904,2,351,83,361.166,0.14200000000000002,1,2,
main,905,2,661,56,361.533,0.185,1,2,
main,906,2,112,117,361.733,0.01,1,2,
main,907,2,259,107,361.923,0.003,1,2,
main,908,2,551,-95,362.22,0.10300000000000001,1,2,
main,909,2,266,-120,362.473,0.059000000000000004,1,2,
main,910,2,531,6,362.793,0.13,1,2,
main,911,2,295,116,363.119,0.132,1,2,
main,912,2,110,-54,363.469,0.155,1,2,
main,913,2,211,-152,363.773,0.109,1,2,
main,914,2,680,-30,364.1,0.136,1,2,
main,915,2,283,-135,364.298,0.005,1,2,
main,916,2,462,-380,364.61,0.12,1,2,
main,917,2,161,-315,364.877,0.073,1,2,
main,918,2,-79,208,365.075,0.004,1,2,
main,919,2,502,19,365.386,0.11800000000000001,1,2,
main,920,2,158,305,365.71500000000003,0.136,1,2,
main,921,2,680,-125,365.914,0.008,1,2,
main,922,2,195,-5,366.224,0.11900000000000001,1,2,
main,923,2,147,-143,366.552,0.132,1,2,
main,924,2,560,-88,366.884,0.138,1,2,
main,925,2,107,178,367.241,0.164,1,2,
main,926,2,262,43,367.596,0.161,1,2,
main,927,2,311,156,367.88100000000003,0.093,1,2,
main,928,2,310,74,368.188,0.114,1,2,
main,929,2,351,-380,368.54,0.158,1,2,
main,930,2,491,-254,368.842,0.107,1,2,
main,931,2,221,-136,369.157,0.12,1,2,
main,932,2,458,-2,369.504,0.156,1,2,
main,933,2,670,-34,369.782,0.085,1,2,
main,934,2,680,330,370.15500000000003,0.182,1,2,
main,935,2,46,-47,370.519,0.17400000000000002,1,2,
main,936,2,259,244,370.821,0.112,1,2,
main,937,2,468,8,371.124,0.112,1,2,
main,938,2,668,-321,371.326,0.008,1,2,
main,939,2,412,175,371.629,0.109,1,2,
main,940,2,453,178,371.903,0.079,1,2,
main,941,2,280,23,372.277,0.185,1,2,
main,942,2,399,-148,372.624,0.153,1,2,
main,943,2,559,72,372.933,0.115,1,2,
main,944,2,171,40,373.23900000000003,0.114,1,2,
main,945,2,316,-315,373.557,0.132,1,2,
main,946,2,322,-5,373.837,0.09,1,2,
main,947,2,557,-306,374.12600000000003,0.099,1,2,
main,948,2,177,215,374.45,0.131,1,2,
main,949,2,533,161,374.657,0.011,1,2,
main,950,2,152,8,374.997,0.146,1,2,
main,951,2,418,323,375.28700000000003,0.10400000000000001,1,2,
main,952,2,497,-50,375.61400000000003,0.134,1,2,
main,953,2,243,324,375.859,0.054,1,2,
main,954,2,680,138,376.219,0.169,1,2,
main,955,2,232,-223,376.42400000000004,0.009000000000000001,1,2,
main,956,2,310,-120,376.68600000000004,0.067,1,2,
main,957,2,402,-42,377.038,0.159,1,2,
main,958,2,217,-164,377.309,0.08,1,2,
main,959,2,373,60,377.62600000000003,0.123,1,2,
main,960,2,424,175,377.923,0.105,1,2,
main,961,2,113,154,378.124,0.009000000000000001,1,2,
main,962,2,680,-77,378.325,0.007,1,2,
main,963,2,491,78,378.585,0.069,1,2,
main,964,2,427,55,378.886,0.106,1,2,
main,965,2,680,-46,379.225,0.146,1,2,
main,966,2,334,-79,379.543,0.124,1,2,
main,967,2,563,-380,379.845,0.109,1,2,
main,968,2,330,-110,380.181,0.146,1,2,
main,969,2,314,-106,380.539,0.164,1,1,
main,970,2,-351,-57,380.84000000000003,0.033,1,1,
main,971,2,-373,-11,381.185,0.074,1,1,
main,972,2,-80,-34,381.517,0.061,1,1,
main,973,2,-165,176,381.85200000000003,0.067,1,1,
main,974,2,-91,-146,382.209,0.084,1,2,
main,975,2,231,226,382.558,0.155,1,1,
main,976,2,-479,305,382.891,0.065,1,1,
main,977,2,-122,-368,383.286,0.121,1,1,
main,978,2,-147,-24,383.647,0.08700000000000001,1,1,
main,979,2,-594,-151,383.975,0.055,1,1,
main,980,2,-623,246,384.372,0.132,1,1,
main,981,2,-680,-312,384.731,0.084,1,1,
main,982,2,-550,-380,385.02,0.016,1,1,
main,983,2,-349,-380,385.366,0.07200000000000001,1,1,
main,984,2,-561,-380,385.75,0.115,1,1,
main,985,2,-273,380,386.141,0.121,1,1,
main,986,2,-666,11,386.414,0.001,1,1,
main,987,2,-332,-49,386.709,0.023,1,1,
main,988,2,-317,-321,386.983,0.001,1,1,
main,989,2,-412,238,387.318,0.063,1,1,
main,990,2,-680,-39,387.723,0.133,1,1,
main,991,2,-130,-280,388.048,0.052000000000000005,1,1,
main,992,2,-528,-132,388.348,0.029,1,1,
main,993,2,-353,-139,388.71000000000004,0.09,1,1,
main,994,2,-317,-232,389.07800000000003,0.094,1,1,
main,995,2,-187,-272,389.449,0.096,1,1,
main,996,2,-78,-211,389.809,0.09,1,1,
main,997,2,-511,-2,390.139,0.057,1,1,
main,998,2,-617,182,390.574,0.163,1,1,
main,999,2,-342,-109,390.981,0.133,1,1,
main,1000,2,-680,-24,391.306,0.056,1,1,
main,1001,5,-145,215,391.67900000000003,0.106,1,2,
main,1002,5,320,-80,392.003,0.132,1,1,
main,1003,5,-377,-176,392.307,0.032,1,2,
main,1004,5,281,4,392.628,0.127,1,1,
main,1005,5,-187,-76,392.955,0.052000000000000005,1,2,
main,1006,5,402,136,393.295,0.148,1,2,
main,1007,5,372,-192,393.502,0.011,1,1,
main,1008,5,-145,-58,393.812,0.037,1,2,
main,1009,5,258,-270,394.09000000000003,0.08700000000000001,1,1,
main,1010,5,-412,-88,394.392,0.035,1,1,
main,1011,5,-680,144,394.778,0.11900000000000001,1,2,
main,1012,5,470,-31,394.974,0.005,1,1,
main,1013,5,-424,147,395.322,0.078,1,2,
main,1014,5,394,-102,395.652,0.137,1,1,
main,1015,5,-332,23,396.065,0.14,1,2,
main,1016,5,173,-380,396.44,0.186,1,1,
main,1017,5,-246,-129,401.901,5.19,1,1,
main,1018,5,-499,-216,402.252,0.082,1,2,
main,1019,5,149,-23,402.565,0.124,1,1,
main,1020,5,-401,96,402.891,0.064,1,1,
main,1021,5,-436,275,403.189,0.031,1,2,
main,1022,5,463,-86,403.49,0.11800000000000001,1,1,
main,1023,5,-115,-98,403.817,0.058,1,2,
main,1024,5,296,72,404.01,0.002,1,1,
main,1025,5,86,-24,404.34700000000004,0.07,1,2,
main,1026,5,365,73,404.672,0.136,1,1,
main,1027,5,-186,-20,405.095,0.158,1,2,
main,1028,5,315,-228,405.464,0.185,1,1,
main,1029,5,-422,-380,405.825,0.092,1,2,
main,1030,5,549,127,406.093,0.08,1,2,
main,1031,5,438,91,406.41200000000003,0.123,1,1,
main,1032,5,-444,-257,406.803,0.12,1,1,
main,1033,5,-421,221,407.13800000000003,0.064,1,1,
main,1034,5,-463,-20,407.49,0.083,1,2,
main,1035,5,271,-140,407.846,0.162,1,1,
main,1036,5,-198,-99,408.184,0.068,1,2,
main,1037,5,495,32,408.49,0.115,1,1,
main,1038,5,-158,-208,408.896,0.134,1,2,
main,1039,5,618,3,409.265,0.185,1,1,
main,1040,5,-566,-8,409.639,0.10400000000000001,1,2,
main,1041,5,322,193,409.938,0.108,1,1,
main,1042,5,-320,-323,410.265,0.063,1,2,
main,1043,5,503,35,410.586,0.133,1,1,
main,1044,5,-170,-380,410.93600000000004,0.08,1,2,
main,1045,5,631,-71,411.252,0.132,1,1,
main,1046,5,-260,-258,411.627,0.105,1,2,
main,1047,5,279,62,411.966,0.146,1,2,
main,1048,5,286,-116,412.261,0.107,1,1,
main,1049,5,-530,-52,412.595,0.065,1,2,
main,1050,5,178,149,412.795,0.007,1,1,
main,1051,5,-610,153,413.10200000000003,0.041,1,2,
main,1052,5,318,-27,413.41,0.12,1,1,
main,1053,5,-199,-2,413.753,0.074,1,1,
main,1054,5,-411,-30,414.093,0.074,1,2,
main,1055,5,489,-30,414.3,0.022,1,1,
main,1056,5,-495,-181,414.627,0.06,1,2,
main,1057,5,646,-294,414.897,0.076,1,1,
main,1058,5,-625,-174,415.278,0.115,1,2,
main,1059,5,250,-121,415.63800000000003,0.168,1,1,
main,1060,5,-412,220,415.942,0.031,1,2,
main,1061,5,73,44,416.284,0.153,1,1,
main,1062,5,-589,31,416.685,0.128,1,2,
main,1063,5,228,-47,416.885,0.007,1,2,
main,1064,5,437,9,417.207,0.133,1,1,
main,1065,5,-512,-200,417.57300000000004,0.099,1,2,
main,1066,5,445,29,417.883,0.125,1,1,
main,1067,5,-413,213,418.265,0.11800000000000001,1,1,
main,1068,5,-314,-224,418.57,0.041,1,2,
main,1069,5,203,-119,418.77500000000003,0.01,1,1,
main,1070,5,-249,211,419.069,0.027,1,2,
main,1071,5,339,-109,419.271,0.009000000000000001,1,1,
main,1072,5,-317,-13,419.657,0.11900000000000001,1,2,
main,1073,5,57,-61,420.021,0.171,1,1,
main,1074,5,-422,-146,420.322,0.032,1,2,
main,1075,5,180,4,420.521,0.007,1,1,
main,1076,5,-399,28,420.854,0.066,1,2,
main,1077,5,151,-114,421.057,0.02,1,1,
main,1078,5,-278,67,421.395,0.078,1,2,
main,1079,5,424,120,421.693,0.112,1,1,
main,1080,5,-285,94,422.062,0.105,1,2,
main,1081,5,300,-264,422.396,0.14300000000000002,1,1,
main,1082,5,-137,-215,422.688,0.024,1,2,
main,1083,5,532,-2,422.931,0.048,1,1,
main,1084,5,-356,-155,423.286,0.088,1,1,
main,1085,5,-392,40,423.657,0.096,1,2,
main,1086,5,564,28,423.93,0.08600000000000001,1,1,
main,1087,5,-680,-155,424.28000000000003,0.082,1,2,
main,1088,5,223,240,424.57800000000003,0.106,1,1,
main,1089,5,-244,168,424.955,0.108,1,2,
main,1090,5,399,-33,425.302,0.152,1,1,
main,1091,5,-329,-171,425.582,0.016,1,1,
main,1092,5,-458,89,425.88100000000003,0.032,1,2,
main,1093,5,389,-57,426.219,0.149,1,1,
main,1094,5,-342,198,426.612,0.124,1,1,
main,1095,5,-364,-65,426.94100000000003,0.061,1,2,
main,1096,5,246,174,427.205,0.074,1,1,
main,1097,5,-437,-45,427.528,0.053,1,2,
main,1098,5,374,-31,427.834,0.113,1,1,
main,1099,5,-661,155,428.144,0.037,1,2,
main,1100,5,208,83,428.463,0.126,1,2,
main,1101,5,528,89,428.762,0.105,1,2,
main,1102,5,366,149,429.122,0.168,1,1,
main,1103,5,-484,125,429.519,0.126,1,2,
main,1104,5,570,-10,429.717,0.004,1,1,
main,1105,5,-312,-118,430.076,0.08600000000000001,1,2,
main,1106,5,313,-55,430.365,0.096,1,1,
main,1107,5,-382,61,430.743,0.106,1,2,
main,1108,5,266,-1,431.058,0.121,1,1,
main,1109,5,-313,-274,431.414,0.081,1,2,
main,1110,5,549,66,431.693,0.08700000000000001,1,1,
main,1111,5,-551,-20,432.09000000000003,0.126,1,2,
main,1112,5,423,-113,432.29,0.006,1,1,
main,1113,5,-300,-13,432.607,0.044,1,2,
main,1114,5,622,-53,432.90500000000003,0.10400000000000001,1,1,
main,1115,5,-482,259,433.187,0.009000000000000001,1,2,
main,1116,5,388,136,433.567,0.187,1,1,
main,1117,5,-471,2,433.935,0.094,1,2,
main,1118,5,517,243,434.307,0.177,1,1,
main,1119,5,-134,-219,434.77500000000003,0.194,1,2,
main,1120,5,252,-6,435.072,0.10300000000000001,1,1,
main,1121,5,-200,-146,435.394,0.051000000000000004,1,1,
main,1122,5,-473,60,435.819,0.151,1,2,
main,1123,5,284,-122,436.024,0.009000000000000001,1,1,
main,1124,5,-263,-77,436.32300000000004,0.028,1,2,
main,1125,5,247,57,436.529,0.013000000000000001,1,1,
main,1126,5,-542,-249,436.814,0.016,1,2,
main,1127,5,193,131,437.10900000000004,0.1,1,1,
main,1128,5,-606,17,437.404,0.019,1,2,
main,1129,5,630,60,437.60900000000004,0.011,1,1,
main,1130,5,-260,-199,437.90000000000003,0.016,1,2,
main,1131,5,480,41,438.103,0.012,1,1,
main,1132,5,-301,-20,438.44,0.062,1,1,
main,1133,5,-256,27,438.845,0.133,1,2,
main,1134,5,371,-126,439.041,0.004,1,1,
main,1135,5,-167,122,439.403,0.09,1,2,
main,1136,5,172,74,439.695,0.096,1,1,
main,1137,5,-281,-233,440.067,0.1,1,2,
main,1138,5,469,-152,440.378,0.117,1,1,
main,1139,5,-190,-43,440.65500000000003,0.003,1,1,
main,1140,5,-351,319,440.958,0.029,1,2,
main,1141,5,494,-17,441.148,0.005,1,1,
main,1142,5,-87,160,441.48900000000003,0.069,1,2,
main,1143,5,247,29,441.83500000000004,0.153,1,1,
main,1144,5,-436,1,442.246,0.14,1,2,
main,1145,5,212,36,442.552,0.112,1,1,
main,1146,5,-237,135,442.855,0.03,1,2,
main,1147,5,346,21,443.176,0.126,1,1,
main,1148,5,-145,-29,443.495,0.045,1,2,
main,1149,5,364,178,443.861,0.17500000000000002,1,1,
main,1150,5,-519,-128,444.237,0.105,1,2,
main,1151,5,246,43,444.536,0.108,1,1,
main,1152,5,-400,71,444.82800000000003,0.02,1,2,
main,1153,5,373,116,445.113,0.091,1,1,
main,1154,5,-677,150,445.42,0.036000000000000004,1,2,
main,1155,5,675,-34,445.732,0.11800000000000001,1,1,
main,1156,5,-216,-375,446.01300000000003,0.009000000000000001,1,2,
main,1157,5,535,63,446.297,0.091,1,1,
main,1158,5,-163,-26,446.61400000000003,0.045,1,2,
main,1159,5,372,183,446.81100000000004,0.004,1,1,
main,1160,5,-205,-175,447.18600000000004,0.10200000000000001,1,2,
main,1161,5,321,-146,447.552,0.17400000000000002,1,1,
main,1162,5,-178,142,447.878,0.051000000000000004,1,2,
main,1163,5,436,-52,448.156,0.083,1,1,
main,1164,5,-413,-231,448.519,0.091,1,2,
main,1165,5,544,220,448.791,0.078,1,1,
main,1166,5,-363,100,449.07800000000003,0.015,1,2,
main,1167,5,339,127,449.392,0.122,1,1,
main,1168,5,-329,25,449.75600000000003,0.09,1,2,
main,1169,5,451,-116,450.069,0.121,1,1,
main,1170,5,-226,-160,450.411,0.067,1,2,
main,1171,5,234,-144,450.606,0.002,1,1,
main,1172,5,-365,-380,450.909,0.034,1,2,
main,1173,5,466,28,451.103,0.006,1,1,
main,1174,5,-566,197,451.444,0.078,1,2,
main,1175,5,272,148,451.729,0.1,1,1,
main,1176,5,-358,-11,452.062,0.07100000000000001,1,2,
main,1177,5,209,-67,452.355,0.108,1,2,
main,1178,5,464,42,452.629,0.081,1,1,
main,1179,5,-345,-189,453.068,0.167,1,2,
main,1180,5,506,-94,453.402,0.14200000000000002,1,1,
main,1181,5,-116,74,453.702,0.029,1,2,
main,1182,5,497,-232,454.06100000000004,0.166,1,1,
main,1183,5,-451,24,454.522,0.19,1,2,
main,1184,5,577,73,454.834,0.11900000000000001,1,1,
main,1185,5,-219,241,455.128,0.021,1,2,
main,1186,5,388,-149,455.445,0.124,1,1,
main,1187,5,-156,51,455.84000000000003,0.127,1,2,
main,1188,5,344,-25,456.201,0.166,1,1,
main,1189,5,-242,-98,456.582,0.113,1,2,
main,1190,5,370,-32,456.882,0.105,1,1,
main,1191,5,-335,-70,457.23900000000003,0.08700000000000001,1,2,
main,1192,5,366,-162,457.57300000000004,0.14,1,2,
main,1193,5,447,-90,457.909,0.14200000000000002,1,1,
main,1194,5,-215,277,458.26800000000003,0.088,1,2,
main,1195,5,288,-168,458.611,0.153,1,1,
main,1196,5,-340,-241,458.93600000000004,0.052000000000000005,1,2,
main,1197,5,162,-266,459.253,0.124,1,1,
main,1198,5,-213,164,459.60200000000003,0.078,1,2,
main,1199,5,275,-228,459.906,0.10300000000000001,1,1,
main,1200,5,-283,70,460.238,0.06,1,2,
