Orginal File Name:,DP-JAMESTEST1-2018_1_1_157.csv,UserAGENT:Mozilla/5.0 (Macintosh; Intel Mac OS X 10_12_6) AppleWebKit/537.36 (KHTML, like Gecko) Chrome/63.0.3239.132 Safari/537.36,IP: ::1,Time:,2018_1_1_157,Parameter File:,None:FromPsyToolkit,Event Codes:,[('INSTRUCT_ONSET', 1), ('TASK_ONSET', 2), ('TRIAL_ONSET', 3), ('CUE_ONSET', 4), ('IMAGE_ONSET', 5), ('TARGET_ONSET', 6), ('RESPONSE', 7), ('ERROR_DELAY', 8), ('BREAK_ONSET', 9), ('BREAK_END', 10)],Trial Types are coded as follows: 8 bits representing [valence neut/neg/pos] [target_orientation H/V] [target_side left/right] [duration .5/1] [valenced_image left/right] [cue_orientation H/V] [cue_side left/right] 
trial_number,trial_type,event_code,absolute_time,response_time,response,result
0,01110110,1,17.19,NaN,NA,NA,
0,01110110,2,17.192,NaN,NA,NA,
1,01110110,3,17.192,NaN,NA,NA,
1,01110110,4,18.198,NaN,NA,NA,
1,01110110,5,18.403,NaN,NA,19301.bmp,A315.bmp,
1,01110110,6,18.904,NaN,NA,NA,
1,01110110,7,19.363,0.458,1,1,
1,10101011,2,19.38,NaN,NA,NA,
2,10101011,3,19.38,NaN,NA,NA,
2,10101011,4,20.384,NaN,NA,NA,
2,10101011,5,20.587,NaN,NA,27200.bmp,A73.bmp,
2,10101011,6,21.591,NaN,NA,NA,
2,10101011,7,22.111,0.519,-1,1,
2,01000000,2,22.128,NaN,NA,NA,
3,01000000,3,22.128,NaN,NA,NA,
3,01000000,4,23.128,NaN,NA,NA,
3,01000000,5,23.333000000000002,NaN,NA,19405.bmp,A323.bmp,
3,01000000,6,23.837,NaN,NA,NA,
3,01000000,7,24.293,0.455,-1,1,
3,00001101,2,24.311,NaN,NA,NA,
4,00001101,3,24.311,NaN,NA,NA,
4,00001101,4,25.316,NaN,NA,NA,
4,00001101,5,25.517,NaN,NA,07009.bmp,A165.bmp,
4,00001101,6,26.519000000000002,NaN,NA,NA,
4,00001101,7,26.937,0.41600000000000004,-1,1,
4,00010001,2,26.954,NaN,NA,NA,
5,00010001,3,26.954,NaN,NA,NA,
5,00010001,4,27.956,NaN,NA,NA,
5,00010001,5,28.157,NaN,NA,01645.bmp,A101.bmp,
5,00010001,6,28.658,NaN,NA,NA,
5,00010001,7,31.177,2.517,1,1,
5,10110000,2,35.482,NaN,NA,NA,
6,10110000,3,35.482,NaN,NA,NA,
6,10110000,4,36.485,NaN,NA,NA,
6,10110000,5,36.688,NaN,NA,22040.bmp,A357.bmp,
6,10110000,6,37.188,NaN,NA,NA,
6,10110000,7,37.662,0.47200000000000003,1,1,
6,10000010,2,37.679,NaN,NA,NA,
7,10000010,3,37.679,NaN,NA,NA,
7,10000010,4,38.681,NaN,NA,NA,
7,10000010,5,38.884,NaN,NA,22040.bmp,A357.bmp,
7,10000010,6,39.388,NaN,NA,NA,
7,10000010,7,39.461,0.07200000000000001,-1,2,
7,10000010,8,39.461,NaN,NA,NA,
7,00001011,2,42.483000000000004,NaN,NA,NA,
8,00001011,3,42.483000000000004,NaN,NA,NA,
8,00001011,4,43.483000000000004,NaN,NA,NA,
8,00001011,5,43.687,NaN,NA,05471.bmp,A145.bmp,
8,00001011,6,44.69,NaN,NA,NA,
8,00001011,7,45.422000000000004,0.73,-1,1,
8,01110001,2,45.439,NaN,NA,NA,
9,01110001,3,45.439,NaN,NA,NA,
9,01110001,4,46.441,NaN,NA,NA,
9,01110001,5,46.643,NaN,NA,19043.bmp,A305.bmp,
9,01110001,6,47.149,NaN,NA,NA,
9,01110001,7,47.585,0.435,1,2,
9,01110001,8,47.585,NaN,NA,NA,
9,10111000,2,50.609,NaN,NA,NA,
10,10111000,3,50.609,NaN,NA,NA,
10,10111000,4,51.611000000000004,NaN,NA,NA,
10,10111000,5,51.814,NaN,NA,21722.bmp,A35.bmp,
10,10111000,6,52.817,NaN,NA,NA,
10,10111000,7,53.346000000000004,0.526,1,2,
10,10111000,8,53.346000000000004,NaN,NA,NA,
10,10111001,2,56.370000000000005,NaN,NA,NA,
11,10111001,3,56.370000000000005,NaN,NA,NA,
11,10111001,4,57.374,NaN,NA,NA,
11,10111001,5,57.576,NaN,NA,28170.bmp,A93.bmp,
11,10111001,6,58.581,NaN,NA,NA,
11,10111001,7,58.747,0.165,1,2,
11,10111001,8,58.747,NaN,NA,NA,
11,10010010,2,61.769,NaN,NA,NA,
12,10010010,3,61.769,NaN,NA,NA,
12,10010010,4,62.773,NaN,NA,NA,
12,10010010,5,62.977000000000004,NaN,NA,27510.bmp,A89.bmp,
12,10010010,6,63.481,NaN,NA,NA,
12,10010010,7,103.48700000000001,40,1,3,
12,10010010,8,103.48700000000001,NaN,NA,NA,
12,01101010,2,106.516,NaN,NA,NA,
13,01101010,3,106.516,NaN,NA,NA,
13,01101010,4,107.517,NaN,NA,NA,
13,01101010,5,107.72,NaN,NA,13001.bmp,A235.bmp,
13,01101010,6,108.723,NaN,NA,NA,
13,01101010,7,121.289,12.564,-1,1,
13,10111110,2,121.305,NaN,NA,NA,
14,10111110,3,121.305,NaN,NA,NA,
14,10111110,4,122.31,NaN,NA,NA,
14,10111110,5,122.513,NaN,NA,27580.bmp,A91.bmp,
14,10111110,6,123.514,NaN,NA,NA,
14,10111110,7,124.069,0.553,1,1,
14,00000100,2,124.08500000000001,NaN,NA,NA,
15,00000100,3,124.08500000000001,NaN,NA,NA,
15,00000100,4,125.087,NaN,NA,NA,
15,00000100,5,125.29,NaN,NA,02840.bmp,A137.bmp,
15,00000100,6,125.792,NaN,NA,NA,
15,00000100,7,126.288,0.493,-1,1,
15,10110001,2,126.305,NaN,NA,NA,
16,10110001,3,126.305,NaN,NA,NA,
16,10110001,4,127.308,NaN,NA,NA,
16,10110001,5,127.512,NaN,NA,21600.bmp,A339.bmp,
16,10110001,6,128.01500000000001,NaN,NA,NA,
16,10110001,7,128.921,0.904,1,1,
16,01110111,2,128.93800000000002,NaN,NA,NA,
17,01110111,3,128.93800000000002,NaN,NA,NA,
17,01110111,4,129.941,NaN,NA,NA,
17,01110111,5,130.143,NaN,NA,12095.bmp,A217.bmp,
17,01110111,6,130.647,NaN,NA,NA,
17,01110111,7,131.144,0.496,1,1,
17,01111110,2,131.161,NaN,NA,NA,
18,01111110,3,131.161,NaN,NA,NA,
18,01111110,4,132.163,NaN,NA,NA,
18,01111110,5,132.364,NaN,NA,19000.bmp,A303.bmp,
18,01111110,6,133.366,NaN,NA,NA,
18,01111110,7,133.749,0.382,1,1,
18,01001001,2,133.766,NaN,NA,NA,
19,01001001,3,133.766,NaN,NA,NA,
19,01001001,4,134.766,NaN,NA,NA,
19,01001001,5,134.97,NaN,NA,16831.bmp,A299.bmp,
19,01001001,6,135.972,NaN,NA,NA,
19,01001001,7,136.66,0.687,-1,1,
19,01101110,2,136.677,NaN,NA,NA,
20,01101110,3,136.677,NaN,NA,NA,
20,01101110,4,137.678,NaN,NA,NA,
20,01101110,5,137.881,NaN,NA,16360.bmp,A287.bmp,
20,01101110,6,138.882,NaN,NA,NA,
20,01101110,7,139.434,0.551,-1,1,
20,10010001,2,139.451,NaN,NA,NA,
21,10010001,3,139.451,NaN,NA,NA,
21,10010001,4,140.455,NaN,NA,NA,
21,10010001,5,140.656,NaN,NA,27510.bmp,A89.bmp,
21,10010001,6,141.157,NaN,NA,NA,
21,10010001,7,141.608,0.45,1,1,
21,10001110,2,141.625,NaN,NA,NA,
22,10001110,3,141.625,NaN,NA,NA,
22,10001110,4,142.625,NaN,NA,NA,
22,10001110,5,142.828,NaN,NA,22442.bmp,A381.bmp,
22,10001110,6,143.829,NaN,NA,NA,
22,10001110,7,144.25300000000001,0.423,-1,2,
22,10001110,8,144.25300000000001,NaN,NA,NA,
22,01100000,2,147.276,NaN,NA,NA,
23,01100000,3,147.276,NaN,NA,NA,
23,01100000,4,148.276,NaN,NA,NA,
23,01100000,5,148.48,NaN,NA,13220.bmp,A255.bmp,
23,01100000,6,148.985,NaN,NA,NA,
23,01100000,7,149.679,0.6930000000000001,-1,2,
23,01100000,8,149.679,NaN,NA,NA,
23,00111001,2,152.702,NaN,NA,NA,
24,00111001,3,152.702,NaN,NA,NA,
24,00111001,4,153.705,NaN,NA,NA,
24,00111001,5,153.909,NaN,NA,07207.bmp,A197.bmp,
24,00111001,6,154.91,NaN,NA,NA,
24,00111001,7,155.436,0.525,1,2,
24,00111001,8,155.436,NaN,NA,NA,
24,10111011,2,158.457,NaN,NA,NA,
25,10111011,3,158.457,NaN,NA,NA,
25,10111011,4,159.459,NaN,NA,NA,
25,10111011,5,159.659,NaN,NA,22092.bmp,A367.bmp,
25,10111011,6,160.66,NaN,NA,NA,
25,10111011,7,161.17000000000002,0.508,1,1,
25,00111010,2,161.186,NaN,NA,NA,
26,00111010,3,161.186,NaN,NA,NA,
26,00111010,4,162.191,NaN,NA,NA,
26,00111010,5,162.391,NaN,NA,01645.bmp,A101.bmp,
26,00111010,6,163.395,NaN,NA,NA,
26,00111010,7,164.083,0.687,1,1,
26,01001101,2,164.1,NaN,NA,NA,
27,01001101,3,164.1,NaN,NA,NA,
27,01001101,4,165.104,NaN,NA,NA,
27,01001101,5,165.30700000000002,NaN,NA,13220.bmp,A255.bmp,
27,01001101,6,166.309,NaN,NA,NA,
27,01001101,7,167.372,1.062,-1,1,
27,00001000,2,167.389,NaN,NA,NA,
28,00001000,3,167.389,NaN,NA,NA,
28,00001000,4,168.391,NaN,NA,NA,
28,00001000,5,168.594,NaN,NA,07004.bmp,A163.bmp,
28,00001000,6,169.597,NaN,NA,NA,
28,00001000,7,170.023,0.424,-1,1,
28,10101010,2,170.03900000000002,NaN,NA,NA,
29,10101010,3,170.04,NaN,NA,NA,
29,10101010,4,171.041,NaN,NA,NA,
29,10101010,5,171.243,NaN,NA,25450.bmp,A53.bmp,
29,10101010,6,172.245,NaN,NA,NA,
29,10101010,7,172.798,0.552,-1,1,
29,10000000,2,172.816,NaN,NA,NA,
30,10000000,3,172.816,NaN,NA,NA,
30,10000000,4,173.81900000000002,NaN,NA,NA,
30,10000000,5,174.022,NaN,NA,22500.bmp,A383.bmp,
30,10000000,6,174.525,NaN,NA,NA,
30,10000000,7,178.25300000000001,3.726,-1,1,
30,10100110,2,178.27,NaN,NA,NA,
31,10100110,3,178.27,NaN,NA,NA,
31,10100110,4,179.275,NaN,NA,NA,
31,10100110,5,179.479,NaN,NA,22387.bmp,A377.bmp,
31,10100110,6,179.982,NaN,NA,NA,
31,10100110,7,180.491,0.508,-1,1,
31,00000011,2,180.50900000000001,NaN,NA,NA,
32,00000011,3,180.50900000000001,NaN,NA,NA,
32,00000011,4,181.511,NaN,NA,NA,
32,00000011,5,181.716,NaN,NA,02702.bmp,A131.bmp,
32,00000011,6,182.217,NaN,NA,NA,
32,00000011,7,182.767,0.549,-1,2,
32,00000011,8,182.767,NaN,NA,NA,
32,01101110,2,185.791,NaN,NA,NA,
33,01101110,3,185.791,NaN,NA,NA,
33,01101110,4,186.792,NaN,NA,NA,
33,01101110,5,186.998,NaN,NA,19185.bmp,A31.bmp,
33,01101110,6,188,NaN,NA,NA,
33,01101110,7,188.491,0.489,-1,1,
33,10110011,2,188.50900000000001,NaN,NA,NA,
34,10110011,3,188.50900000000001,NaN,NA,NA,
34,10110011,4,189.50900000000001,NaN,NA,NA,
34,10110011,5,189.711,NaN,NA,25611.bmp,A63.bmp,
34,10110011,6,190.214,NaN,NA,NA,
34,10110011,7,190.703,0.488,1,1,
34,01101111,2,190.72,NaN,NA,NA,
35,01101111,3,190.72,NaN,NA,NA,
35,01101111,4,191.72400000000002,NaN,NA,NA,
35,01101111,5,191.925,NaN,NA,19300.bmp,A313.bmp,
35,01101111,6,192.92600000000002,NaN,NA,NA,
35,01101111,7,193.491,0.5630000000000001,-1,1,
35,10011100,2,193.508,NaN,NA,NA,
36,10011100,3,193.508,NaN,NA,NA,
36,10011100,4,194.50900000000001,NaN,NA,NA,
36,10011100,5,194.713,NaN,NA,27570.bmp,A9.bmp,
36,10011100,6,195.714,NaN,NA,NA,
36,10011100,7,196.09300000000002,0.378,1,1,
36,01001110,2,196.11,NaN,NA,NA,
37,01001110,3,196.11,NaN,NA,NA,
37,01001110,4,197.111,NaN,NA,NA,
37,01001110,5,197.311,NaN,NA,13150.bmp,A247.bmp,
37,01001110,6,198.31300000000002,NaN,NA,NA,
37,01001110,7,198.733,0.419,-1,2,
37,01001110,8,198.733,NaN,NA,NA,
37,10001111,2,201.75900000000001,NaN,NA,NA,
38,10001111,3,201.75900000000001,NaN,NA,NA,
38,10001111,4,202.75900000000001,NaN,NA,NA,
38,10001111,5,202.96200000000002,NaN,NA,25260.bmp,A49.bmp,
38,10001111,6,203.963,NaN,NA,NA,
38,10001111,7,204.691,0.727,-1,2,
38,10001111,8,204.691,NaN,NA,NA,
38,00110100,2,207.716,NaN,NA,NA,
39,00110100,3,207.716,NaN,NA,NA,
39,00110100,4,208.72,NaN,NA,NA,
39,00110100,5,208.924,NaN,NA,07009.bmp,A165.bmp,
39,00110100,6,209.428,NaN,NA,NA,
39,00110100,7,210.16400000000002,0.735,1,2,
39,00110100,8,210.16400000000002,NaN,NA,NA,
39,10010000,2,213.187,NaN,NA,NA,
40,10010000,3,213.187,NaN,NA,NA,
40,10010000,4,214.191,NaN,NA,NA,
40,10010000,5,214.392,NaN,NA,21603.bmp,A341.bmp,
40,10010000,6,214.894,NaN,NA,NA,
40,10010000,7,221.143,6.247,1,2,
40,10010000,8,221.143,NaN,NA,NA,
40,00111010,2,224.168,NaN,NA,NA,
41,00111010,3,224.168,NaN,NA,NA,
41,00111010,4,225.17000000000002,NaN,NA,NA,
41,00111010,5,225.37,NaN,NA,02749.bmp,A133.bmp,
41,00111010,6,226.372,NaN,NA,NA,
41,00111010,7,227.05700000000002,0.684,1,1,
41,10010100,2,227.074,NaN,NA,NA,
42,10010100,3,227.074,NaN,NA,NA,
42,10010100,4,228.07500000000002,NaN,NA,NA,
42,10010100,5,228.28,NaN,NA,25622.bmp,A67.bmp,
42,10010100,6,228.782,NaN,NA,NA,
42,10010100,7,229.222,0.439,1,1,
42,10111001,2,229.239,NaN,NA,NA,
43,10111001,3,229.239,NaN,NA,NA,
43,10111001,4,230.24200000000002,NaN,NA,NA,
43,10111001,5,230.445,NaN,NA,24640.bmp,A41.bmp,
43,10111001,6,231.45000000000002,NaN,NA,NA,
43,10111001,7,231.987,0.535,1,1,
43,01100010,2,232.005,NaN,NA,NA,
44,01100010,3,232.005,NaN,NA,NA,
44,01100010,4,233.008,NaN,NA,NA,
44,01100010,5,233.211,NaN,NA,130051.bmp,A237.bmp,
44,01100010,6,233.713,NaN,NA,NA,
44,01100010,7,234.35500000000002,0.641,-1,1,
44,01001010,2,234.372,NaN,NA,NA,
45,01001010,3,234.372,NaN,NA,NA,
45,01001010,4,235.374,NaN,NA,NA,
45,01001010,5,235.579,NaN,NA,13500.bmp,A265.bmp,
45,01001010,6,236.58,NaN,NA,NA,
45,01001010,7,237.186,0.605,-1,1,
45,10101100,2,237.203,NaN,NA,NA,
46,10101100,3,237.203,NaN,NA,NA,
46,10101100,4,238.204,NaN,NA,NA,
46,10101100,5,238.409,NaN,NA,27325.bmp,A81.bmp,
46,10101100,6,239.41,NaN,NA,NA,
46,10101100,7,240.20000000000002,0.788,-1,1,
46,10101101,2,240.216,NaN,NA,NA,
47,10101101,3,240.216,NaN,NA,NA,
47,10101101,4,241.217,NaN,NA,NA,
47,10101101,5,241.419,NaN,NA,25982.bmp,A7.bmp,
47,10101101,6,242.421,NaN,NA,NA,
47,10101101,7,243.066,0.644,-1,1,
47,01110010,2,243.083,NaN,NA,NA,
48,01110010,3,243.083,NaN,NA,NA,
48,01110010,4,244.084,NaN,NA,NA,
48,01110010,5,244.286,NaN,NA,13150.bmp,A247.bmp,
48,01110010,6,244.78900000000002,NaN,NA,NA,
48,01110010,7,245.31900000000002,0.529,1,1,
48,01000011,2,245.335,NaN,NA,NA,
49,01000011,3,245.335,NaN,NA,NA,
49,01000011,4,246.33700000000002,NaN,NA,NA,
49,01000011,5,246.541,NaN,NA,13100.bmp,A243.bmp,
49,01000011,6,247.044,NaN,NA,NA,
49,01000011,7,247.55,0.504,-1,1,
49,01000001,2,247.566,NaN,NA,NA,
50,01000001,3,247.567,NaN,NA,NA,
50,01000001,4,248.56900000000002,NaN,NA,NA,
50,01000001,5,248.77,NaN,NA,135501.bmp,A269.bmp,
50,01000001,6,249.27100000000002,NaN,NA,NA,
50,01000001,7,249.721,0.449,-1,1,
50,00101001,2,249.738,NaN,NA,NA,
51,00101001,3,249.738,NaN,NA,NA,
51,00101001,4,250.741,NaN,NA,NA,
51,00101001,5,250.942,NaN,NA,02480.bmp,A119.bmp,
51,00101001,6,251.945,NaN,NA,NA,
51,00101001,7,252.351,0.405,-1,2,
51,00101001,8,252.351,NaN,NA,NA,
51,00000001,2,255.372,NaN,NA,NA,
52,00000001,3,255.372,NaN,NA,NA,
52,00000001,4,256.374,NaN,NA,NA,
52,00000001,5,256.576,NaN,NA,08232.bmp,A211.bmp,
52,00000001,6,257.07800000000003,NaN,NA,NA,
52,00000001,7,257.618,0.539,-1,1,
52,10110101,2,257.635,NaN,NA,NA,
53,10110101,3,257.635,NaN,NA,NA,
53,10110101,4,258.64,NaN,NA,NA,
53,10110101,5,258.841,NaN,NA,21661.bmp,A347.bmp,
53,10110101,6,259.345,NaN,NA,NA,
53,10110101,7,260.059,0.712,1,1,
53,10110111,2,260.075,NaN,NA,NA,
54,10110111,3,260.075,NaN,NA,NA,
54,10110111,4,261.08,NaN,NA,NA,
54,10110111,5,261.281,NaN,NA,22222.bmp,A37.bmp,
54,10110111,6,261.783,NaN,NA,NA,
54,10110111,7,262.194,0.40900000000000003,1,1,
54,10111100,2,262.211,NaN,NA,NA,
55,10111100,3,262.211,NaN,NA,NA,
55,10111100,4,263.213,NaN,NA,NA,
55,10111100,5,263.414,NaN,NA,27350.bmp,A83.bmp,
55,10111100,6,264.418,NaN,NA,NA,
55,10111100,7,264.969,0.55,1,2,
55,10111100,8,264.969,NaN,NA,NA,
55,10100110,2,267.992,NaN,NA,NA,
56,10100110,3,267.992,NaN,NA,NA,
56,10100110,4,268.995,NaN,NA,NA,
56,10100110,5,269.196,NaN,NA,22057.bmp,A363.bmp,
56,10100110,6,269.702,NaN,NA,NA,
56,10100110,7,270.178,0.47500000000000003,-1,1,
56,10001010,2,270.196,NaN,NA,NA,
57,10001010,3,270.196,NaN,NA,NA,
57,10001010,4,271.199,NaN,NA,NA,
57,10001010,5,271.402,NaN,NA,21650.bmp,A343.bmp,
57,10001010,6,272.403,NaN,NA,NA,
57,10001010,7,272.968,0.5640000000000001,-1,1,
57,00001101,2,272.984,NaN,NA,NA,
58,00001101,3,272.984,NaN,NA,NA,
58,00001101,4,273.988,NaN,NA,NA,
58,00001101,5,274.189,NaN,NA,07491.bmp,A205.bmp,
58,00001101,6,275.19,NaN,NA,NA,
58,00001101,7,275.68,0.488,-1,1,
58,10011100,2,275.696,NaN,NA,NA,
59,10011100,3,275.697,NaN,NA,NA,
59,10011100,4,276.699,NaN,NA,NA,
59,10011100,5,276.899,NaN,NA,21999.bmp,A353.bmp,
59,10011100,6,277.901,NaN,NA,NA,
59,10011100,7,278.336,0.432,1,1,
59,10011100,2,278.353,NaN,NA,NA,
60,10011100,3,278.353,NaN,NA,NA,
60,10011100,4,279.357,NaN,NA,NA,
60,10011100,5,279.558,NaN,NA,27200.bmp,A73.bmp,
60,10011100,6,280.561,NaN,NA,NA,
60,10011100,7,280.891,0.329,1,1,
60,10101111,2,280.909,NaN,NA,NA,
61,10101111,3,280.909,NaN,NA,NA,
61,10101111,4,281.911,NaN,NA,NA,
61,10101111,5,282.112,NaN,NA,22000.bmp,A355.bmp,
61,10101111,6,283.113,NaN,NA,NA,
61,10101111,7,283.687,0.5730000000000001,-1,1,
61,01011010,2,283.705,NaN,NA,NA,
62,01011010,3,283.705,NaN,NA,NA,
62,01011010,4,284.709,NaN,NA,NA,
62,01011010,5,284.914,NaN,NA,13181.bmp,A249.bmp,
62,01011010,6,285.914,NaN,NA,NA,
62,01011010,7,286.38100000000003,0.466,1,1,
62,00000111,2,286.399,NaN,NA,NA,
63,00000111,3,286.399,NaN,NA,NA,
63,00000111,4,287.403,NaN,NA,NA,
63,00000111,5,287.606,NaN,NA,07045.bmp,A181.bmp,
63,00000111,6,288.106,NaN,NA,NA,
63,00000111,7,288.887,0.78,-1,1,
63,00000001,2,288.904,NaN,NA,NA,
64,00000001,3,288.904,NaN,NA,NA,
64,00000001,4,289.906,NaN,NA,NA,
64,00000001,5,290.109,NaN,NA,05535.bmp,A15.bmp,
64,00000001,6,290.61400000000003,NaN,NA,NA,
64,00000001,7,291.162,0.547,-1,1,
64,01000111,9,291.166,NaN,NA,NA,
64,01000111,9,291.166,0.936,0,NA,
64,01000111,2,292.111,NaN,NA,NA,
65,01000111,3,292.111,NaN,NA,NA,
65,01000111,4,293.113,NaN,NA,NA,
65,01000111,5,293.314,NaN,NA,16415.bmp,A289.bmp,
65,01000111,6,293.817,NaN,NA,NA,
65,01000111,7,294.658,0.84,-1,1,
65,10000110,2,294.675,NaN,NA,NA,
66,10000110,3,294.675,NaN,NA,NA,
66,10000110,4,295.677,NaN,NA,NA,
66,10000110,5,295.879,NaN,NA,27325.bmp,A81.bmp,
66,10000110,6,296.384,NaN,NA,NA,
66,10000110,7,297.047,0.662,-1,2,
66,10000110,8,297.047,NaN,NA,NA,
66,01000111,2,300.07,NaN,NA,NA,
67,01000111,3,300.07,NaN,NA,NA,
67,01000111,4,301.073,NaN,NA,NA,
67,01000111,5,301.277,NaN,NA,19140.bmp,A307.bmp,
67,01000111,6,301.779,NaN,NA,NA,
67,01000111,7,302.52,0.739,-1,2,
67,01000111,8,302.52,NaN,NA,NA,
67,10001111,2,305.545,NaN,NA,NA,
68,10001111,3,305.545,NaN,NA,NA,
68,10001111,4,306.546,NaN,NA,NA,
68,10001111,5,306.749,NaN,NA,21463.bmp,A337.bmp,
68,10001111,6,307.749,NaN,NA,NA,
68,10001111,7,308.702,0.9510000000000001,-1,1,
68,00100110,2,308.719,NaN,NA,NA,
69,00100110,3,308.719,NaN,NA,NA,
69,00100110,4,309.723,NaN,NA,NA,
69,00100110,5,309.927,NaN,NA,02516.bmp,A127.bmp,
69,00100110,6,310.431,NaN,NA,NA,
69,00100110,7,311.035,0.603,-1,1,
69,10100110,2,311.053,NaN,NA,NA,
70,10100110,3,311.053,NaN,NA,NA,
70,10100110,4,312.05400000000003,NaN,NA,NA,
70,10100110,5,312.255,NaN,NA,27200.bmp,A73.bmp,
70,10100110,6,312.757,NaN,NA,NA,
70,10100110,7,313.40500000000003,0.647,-1,1,
70,01010101,2,313.423,NaN,NA,NA,
71,01010101,3,313.423,NaN,NA,NA,
71,01010101,4,314.424,NaN,NA,NA,
71,01010101,5,314.628,NaN,NA,13350.bmp,A263.bmp,
71,01010101,6,315.13,NaN,NA,NA,
71,01010101,7,315.887,0.756,1,2,
71,01010101,8,315.887,NaN,NA,NA,
71,10011110,2,318.909,NaN,NA,NA,
72,10011110,3,318.909,NaN,NA,NA,
72,10011110,4,319.909,NaN,NA,NA,
72,10011110,5,320.113,NaN,NA,22442.bmp,A381.bmp,
72,10011110,6,321.117,NaN,NA,NA,
72,10011110,7,321.785,0.667,1,1,
72,00010111,2,321.803,NaN,NA,NA,
73,00010111,3,321.803,NaN,NA,NA,
73,00010111,4,322.805,NaN,NA,NA,
73,00010111,5,323.008,NaN,NA,07170.bmp,A19.bmp,
73,00010111,6,323.51300000000003,NaN,NA,NA,
73,00010111,7,324.205,0.6910000000000001,1,2,
73,00010111,8,324.205,NaN,NA,NA,
73,00101101,2,327.229,NaN,NA,NA,
74,00101101,3,327.229,NaN,NA,NA,
74,00101101,4,328.233,NaN,NA,NA,
74,00101101,5,328.436,NaN,NA,05534.bmp,A149.bmp,
74,00101101,6,329.437,NaN,NA,NA,
74,00101101,7,329.92400000000004,0.486,-1,1,
74,00110101,2,329.94100000000003,NaN,NA,NA,
75,00110101,3,329.94100000000003,NaN,NA,NA,
75,00110101,4,330.942,NaN,NA,NA,
75,00110101,5,331.145,NaN,NA,05534.bmp,A149.bmp,
75,00110101,6,331.648,NaN,NA,NA,
75,00110101,7,332.145,0.496,1,1,
75,01110011,2,332.16200000000003,NaN,NA,NA,
76,01110011,3,332.16200000000003,NaN,NA,NA,
76,01110011,4,333.16700000000003,NaN,NA,NA,
76,01110011,5,333.369,NaN,NA,13301.bmp,A261.bmp,
76,01110011,6,333.87,NaN,NA,NA,
76,01110011,7,334.346,0.47500000000000003,1,1,
76,10101011,2,334.363,NaN,NA,NA,
77,10101011,3,334.363,NaN,NA,NA,
77,10101011,4,335.363,NaN,NA,NA,
77,10101011,5,335.564,NaN,NA,21603.bmp,A341.bmp,
77,10101011,6,336.56600000000003,NaN,NA,NA,
77,10101011,7,337.016,0.449,-1,1,
77,10101101,2,337.033,NaN,NA,NA,
78,10101101,3,337.033,NaN,NA,NA,
78,10101101,4,338.035,NaN,NA,NA,
78,10101101,5,338.236,NaN,NA,27200.bmp,A73.bmp,
78,10101101,6,339.237,NaN,NA,NA,
78,10101101,7,339.90500000000003,0.667,-1,2,
78,10101101,8,339.90500000000003,NaN,NA,NA,
78,10000011,2,342.931,NaN,NA,NA,
79,10000011,3,342.931,NaN,NA,NA,
79,10000011,4,343.935,NaN,NA,NA,
79,10000011,5,344.13800000000003,NaN,NA,22057.bmp,A363.bmp,
79,10000011,6,344.641,NaN,NA,NA,
79,10000011,7,345.235,0.593,-1,1,
79,10000100,2,345.252,NaN,NA,NA,
80,10000100,3,345.252,NaN,NA,NA,
80,10000100,4,346.25600000000003,NaN,NA,NA,
80,10000100,5,346.461,NaN,NA,25551.bmp,A59.bmp,
80,10000100,6,346.966,NaN,NA,NA,
80,10000100,7,347.471,0.504,-1,1,
80,01101000,2,347.487,NaN,NA,NA,
81,01101000,3,347.487,NaN,NA,NA,
81,01101000,4,348.48900000000003,NaN,NA,NA,
81,01101000,5,348.69100000000003,NaN,NA,12683.bmp,A227.bmp,
81,01101000,6,349.697,NaN,NA,NA,
81,01101000,7,350.24,0.542,-1,1,
81,00101101,2,350.257,NaN,NA,NA,
82,00101101,3,350.257,NaN,NA,NA,
82,00101101,4,351.258,NaN,NA,NA,
82,00101101,5,351.459,NaN,NA,02397.bmp,A115.bmp,
82,00101101,6,352.462,NaN,NA,NA,
82,00101101,7,352.984,0.521,-1,1,
82,00100001,2,353.00100000000003,NaN,NA,NA,
83,00100001,3,353.00100000000003,NaN,NA,NA,
83,00100001,4,354.005,NaN,NA,NA,
83,00100001,5,354.21,NaN,NA,05740.bmp,A151.bmp,
83,00100001,6,354.714,NaN,NA,NA,
83,00100001,7,355.21500000000003,0.5,-1,1,
83,00111111,2,355.231,NaN,NA,NA,
84,00111111,3,355.231,NaN,NA,NA,
84,00111111,4,356.236,NaN,NA,NA,
84,00111111,5,356.439,NaN,NA,02749.bmp,A133.bmp,
84,00111111,6,357.444,NaN,NA,NA,
84,00111111,7,358.075,0.63,1,1,
84,00011000,2,358.093,NaN,NA,NA,
85,00011000,3,358.093,NaN,NA,NA,
85,00011000,4,359.098,NaN,NA,NA,
85,00011000,5,359.303,NaN,NA,02516.bmp,A127.bmp,
85,00011000,6,360.306,NaN,NA,NA,
85,00011000,7,360.841,0.534,1,1,
85,00011001,2,360.858,NaN,NA,NA,
86,00011001,3,360.858,NaN,NA,NA,
86,00011001,4,361.859,NaN,NA,NA,
86,00011001,5,362.06100000000004,NaN,NA,02702.bmp,A131.bmp,
86,00011001,6,363.063,NaN,NA,NA,
86,00011001,7,363.534,0.47000000000000003,1,1,
86,01101010,2,363.55,NaN,NA,NA,
87,01101010,3,363.55,NaN,NA,NA,
87,01101010,4,364.551,NaN,NA,NA,
87,01101010,5,364.754,NaN,NA,19000.bmp,A303.bmp,
87,01101010,6,365.757,NaN,NA,NA,
87,01101010,7,366.375,0.617,-1,1,
87,00111110,2,366.39300000000003,NaN,NA,NA,
88,00111110,3,366.39300000000003,NaN,NA,NA,
88,00111110,4,367.398,NaN,NA,NA,
88,00111110,5,367.6,NaN,NA,07019.bmp,A173.bmp,
88,00111110,6,368.604,NaN,NA,NA,
88,00111110,7,369.107,0.502,1,1,
88,01111111,2,369.124,NaN,NA,NA,
89,01111111,3,369.124,NaN,NA,NA,
89,01111111,4,370.125,NaN,NA,NA,
89,01111111,5,370.325,NaN,NA,12053.bmp,A215.bmp,
89,01111111,6,371.33,NaN,NA,NA,
89,01111111,7,371.87600000000003,0.545,1,1,
89,10010000,2,371.894,NaN,NA,NA,
90,10010000,3,371.894,NaN,NA,NA,
90,10010000,4,372.899,NaN,NA,NA,
90,10010000,5,373.104,NaN,NA,22209.bmp,A369.bmp,
90,10010000,6,373.605,NaN,NA,NA,
90,10010000,7,374.136,0.53,1,1,
90,10001000,2,374.154,NaN,NA,NA,
91,10001000,3,374.154,NaN,NA,NA,
91,10001000,4,375.15500000000003,NaN,NA,NA,
91,10001000,5,375.359,NaN,NA,27570.bmp,A9.bmp,
91,10001000,6,376.363,NaN,NA,NA,
91,10001000,7,376.902,0.538,-1,1,
91,00000100,2,376.919,NaN,NA,NA,
92,00000100,3,376.919,NaN,NA,NA,
92,00000100,4,377.92,NaN,NA,NA,
92,00000100,5,378.123,NaN,NA,08160.bmp,A21.bmp,
92,00000100,6,378.627,NaN,NA,NA,
92,00000100,7,379.04200000000003,0.41400000000000003,-1,1,
92,10100100,2,379.06,NaN,NA,NA,
93,10100100,3,379.06,NaN,NA,NA,
93,10100100,4,380.064,NaN,NA,NA,
93,10100100,5,380.267,NaN,NA,21463.bmp,A337.bmp,
93,10100100,6,380.77,NaN,NA,NA,
93,10100100,7,381.279,0.507,-1,1,
93,00101111,2,381.297,NaN,NA,NA,
94,00101111,3,381.297,NaN,NA,NA,
94,00101111,4,382.301,NaN,NA,NA,
94,00101111,5,382.502,NaN,NA,02038.bmp,A105.bmp,
94,00101111,6,383.505,NaN,NA,NA,
94,00101111,7,384.059,0.553,-1,1,
94,10111100,2,384.076,NaN,NA,NA,
95,10111100,3,384.076,NaN,NA,NA,
95,10111100,4,385.07800000000003,NaN,NA,NA,
95,10111100,5,385.281,NaN,NA,27200.bmp,A73.bmp,
95,10111100,6,386.283,NaN,NA,NA,
95,10111100,7,386.932,0.648,1,1,
95,00111100,2,386.949,NaN,NA,NA,
96,00111100,3,386.949,NaN,NA,NA,
96,00111100,4,387.95,NaN,NA,NA,
96,00111100,5,388.153,NaN,NA,02512.bmp,A125.bmp,
96,00111100,6,389.15500000000003,NaN,NA,NA,
96,00111100,7,390.288,1.1320000000000001,1,2,
96,00111100,8,390.288,NaN,NA,NA,
96,00101101,2,393.31100000000004,NaN,NA,NA,
97,00101101,3,393.31100000000004,NaN,NA,NA,
97,00101101,4,394.313,NaN,NA,NA,
97,00101101,5,394.514,NaN,NA,07207.bmp,A197.bmp,
97,00101101,6,395.516,NaN,NA,NA,
97,00101101,7,396.185,0.668,-1,1,
97,01110010,2,396.20300000000003,NaN,NA,NA,
98,01110010,3,396.20300000000003,NaN,NA,NA,
98,01110010,4,397.208,NaN,NA,NA,
98,01110010,5,397.41200000000003,NaN,NA,19140.bmp,A307.bmp,
98,01110010,6,397.91700000000003,NaN,NA,NA,
98,01110010,7,398.527,0.609,1,1,
98,00110010,2,398.545,NaN,NA,NA,
99,00110010,3,398.545,NaN,NA,NA,
99,00110010,4,399.547,NaN,NA,NA,
99,00110010,5,399.75,NaN,NA,02038.bmp,A105.bmp,
99,00110010,6,400.252,NaN,NA,NA,
99,00110010,7,400.834,0.581,1,1,
99,10001100,2,400.85200000000003,NaN,NA,NA,
100,10001100,3,400.85200000000003,NaN,NA,NA,
100,10001100,4,401.855,NaN,NA,NA,
100,10001100,5,402.057,NaN,NA,27270.bmp,A77.bmp,
100,10001100,6,403.058,NaN,NA,NA,
100,10001100,7,403.505,0.444,-1,1,
100,00111110,2,403.522,NaN,NA,NA,
101,00111110,3,403.522,NaN,NA,NA,
101,00111110,4,404.52500000000003,NaN,NA,NA,
101,00111110,5,404.728,NaN,NA,02211.bmp,A107.bmp,
101,00111110,6,405.729,NaN,NA,NA,
101,00111110,7,406.345,0.615,1,1,
101,01011101,2,406.362,NaN,NA,NA,
102,01011101,3,406.362,NaN,NA,NA,
102,01011101,4,407.367,NaN,NA,NA,
102,01011101,5,407.568,NaN,NA,13195.bmp,A251.bmp,
102,01011101,6,408.569,NaN,NA,NA,
102,01011101,7,409.019,0.449,1,1,
102,00111000,2,409.036,NaN,NA,NA,
103,00111000,3,409.036,NaN,NA,NA,
103,00111000,4,410.03700000000003,NaN,NA,NA,
103,00111000,5,410.242,NaN,NA,06150.bmp,A155.bmp,
103,00111000,6,411.244,NaN,NA,NA,
103,00111000,7,411.688,0.443,1,1,
103,00000000,2,411.705,NaN,NA,NA,
104,00000000,3,411.705,NaN,NA,NA,
104,00000000,4,412.708,NaN,NA,NA,
104,00000000,5,412.909,NaN,NA,07017.bmp,A17.bmp,
104,00000000,6,413.409,NaN,NA,NA,
104,00000000,7,413.962,0.552,-1,1,
104,10101010,2,413.979,NaN,NA,NA,
105,10101010,3,413.979,NaN,NA,NA,
105,10101010,4,414.983,NaN,NA,NA,
105,10101010,5,415.187,NaN,NA,25551.bmp,A59.bmp,
105,10101010,6,416.19100000000003,NaN,NA,NA,
105,10101010,7,416.725,0.532,-1,1,
105,10001010,2,416.742,NaN,NA,NA,
106,10001010,3,416.742,NaN,NA,NA,
106,10001010,4,417.743,NaN,NA,NA,
106,10001010,5,417.944,NaN,NA,22387.bmp,A377.bmp,
106,10001010,6,418.946,NaN,NA,NA,
106,10001010,7,419.59000000000003,0.643,-1,1,
106,10001100,2,419.607,NaN,NA,NA,
107,10001100,3,419.607,NaN,NA,NA,
107,10001100,4,420.608,NaN,NA,NA,
107,10001100,5,420.81100000000004,NaN,NA,223752.bmp,A375.bmp,
107,10001100,6,421.81100000000004,NaN,NA,NA,
107,10001100,7,422.47700000000003,0.665,-1,1,
107,00000110,2,422.495,NaN,NA,NA,
108,00000110,3,422.495,NaN,NA,NA,
108,00000110,4,423.495,NaN,NA,NA,
108,00000110,5,423.696,NaN,NA,05535.bmp,A15.bmp,
108,00000110,6,424.199,NaN,NA,NA,
108,00000110,7,424.88,0.68,-1,1,
108,10100100,2,424.897,NaN,NA,NA,
109,10100100,3,424.897,NaN,NA,NA,
109,10100100,4,425.902,NaN,NA,NA,
109,10100100,5,426.105,NaN,NA,22092.bmp,A367.bmp,
109,10100100,6,426.60900000000004,NaN,NA,NA,
109,10100100,7,427.16700000000003,0.557,-1,1,
109,10011110,2,427.184,NaN,NA,NA,
110,10011110,3,427.184,NaN,NA,NA,
110,10011110,4,428.184,NaN,NA,NA,
110,10011110,5,428.387,NaN,NA,25201.bmp,A43.bmp,
110,10011110,6,429.389,NaN,NA,NA,
110,10011110,7,430.038,0.647,1,1,
110,10001100,2,430.05400000000003,NaN,NA,NA,
111,10001100,3,430.05400000000003,NaN,NA,NA,
111,10001100,4,431.055,NaN,NA,NA,
111,10001100,5,431.257,NaN,NA,22387.bmp,A377.bmp,
111,10001100,6,432.258,NaN,NA,NA,
111,10001100,7,432.90000000000003,0.641,-1,1,
111,00101001,2,432.916,NaN,NA,NA,
112,00101001,3,432.916,NaN,NA,NA,
112,00101001,4,433.921,NaN,NA,NA,
112,00101001,5,434.125,NaN,NA,05510.bmp,A147.bmp,
112,00101001,6,435.127,NaN,NA,NA,
112,00101001,7,435.82,0.6910000000000001,-1,1,
112,00001001,2,435.836,NaN,NA,NA,
113,00001001,3,435.836,NaN,NA,NA,
113,00001001,4,436.837,NaN,NA,NA,
113,00001001,5,437.038,NaN,NA,07187.bmp,A195.bmp,
113,00001001,6,438.04,NaN,NA,NA,
113,00001001,7,438.879,0.838,-1,2,
113,00001001,8,438.879,NaN,NA,NA,
113,00101001,2,441.90000000000003,NaN,NA,NA,
114,00101001,3,441.90000000000003,NaN,NA,NA,
114,00101001,4,442.90500000000003,NaN,NA,NA,
114,00101001,5,443.107,NaN,NA,07001.bmp,A159.bmp,
114,00101001,6,444.108,NaN,NA,NA,
114,00101001,7,444.75100000000003,0.642,-1,1,
114,10011011,2,444.76800000000003,NaN,NA,NA,
115,10011011,3,444.76800000000003,NaN,NA,NA,
115,10011011,4,445.769,NaN,NA,NA,
115,10011011,5,445.973,NaN,NA,27200.bmp,A73.bmp,
115,10011011,6,446.974,NaN,NA,NA,
115,10011011,7,447.621,0.646,1,1,
115,10110011,2,447.63800000000003,NaN,NA,NA,
116,10110011,3,447.63800000000003,NaN,NA,NA,
116,10110011,4,448.642,NaN,NA,NA,
116,10110011,5,448.846,NaN,NA,22630.bmp,A39.bmp,
116,10110011,6,449.35,NaN,NA,NA,
116,10110011,7,449.998,0.646,1,1,
116,00111111,2,450.015,NaN,NA,NA,
117,00111111,3,450.015,NaN,NA,NA,
117,00111111,4,451.017,NaN,NA,NA,
117,00111111,5,451.218,NaN,NA,02381.bmp,A113.bmp,
117,00111111,6,452.223,NaN,NA,NA,
117,00111111,7,452.74,0.516,1,1,
117,00111010,2,452.757,NaN,NA,NA,
118,00111010,3,452.757,NaN,NA,NA,
118,00111010,4,453.76300000000003,NaN,NA,NA,
118,00111010,5,453.963,NaN,NA,07255.bmp,A203.bmp,
118,00111010,6,454.96500000000003,NaN,NA,NA,
118,00111010,7,455.47200000000004,0.506,1,1,
118,01001010,2,455.48900000000003,NaN,NA,NA,
119,01001010,3,455.48900000000003,NaN,NA,NA,
119,01001010,4,456.492,NaN,NA,NA,
119,01001010,5,456.696,NaN,NA,13001.bmp,A235.bmp,
119,01001010,6,457.699,NaN,NA,NA,
119,01001010,7,458.249,0.549,-1,1,
119,01101001,2,458.267,NaN,NA,NA,
120,01101001,3,458.267,NaN,NA,NA,
120,01101001,4,459.271,NaN,NA,NA,
120,01101001,5,459.474,NaN,NA,13100.bmp,A243.bmp,
120,01101001,6,460.476,NaN,NA,NA,
120,01101001,7,461.06100000000004,0.584,-1,1,
120,01101001,2,461.079,NaN,NA,NA,
121,01101001,3,461.079,NaN,NA,NA,
121,01101001,4,462.082,NaN,NA,NA,
121,01101001,5,462.283,NaN,NA,19325.bmp,A319.bmp,
121,01101001,6,463.286,NaN,NA,NA,
121,01101001,7,463.849,0.562,-1,1,
121,01000000,2,463.867,NaN,NA,NA,
122,01000000,3,463.867,NaN,NA,NA,
122,01000000,4,464.87,NaN,NA,NA,
122,01000000,5,465.071,NaN,NA,19000.bmp,A303.bmp,
122,01000000,6,465.576,NaN,NA,NA,
122,01000000,7,466.74600000000004,1.168,-1,1,
122,01001101,2,466.764,NaN,NA,NA,
123,01001101,3,466.764,NaN,NA,NA,
123,01001101,4,467.767,NaN,NA,NA,
123,01001101,5,467.968,NaN,NA,12205.bmp,A221.bmp,
123,01001101,6,468.969,NaN,NA,NA,
123,01001101,7,469.57,0.599,-1,1,
123,10101110,2,469.586,NaN,NA,NA,
124,10101110,3,469.586,NaN,NA,NA,
124,10101110,4,470.588,NaN,NA,NA,
124,10101110,5,470.789,NaN,NA,27320.bmp,A79.bmp,
124,10101110,6,471.79,NaN,NA,NA,
124,10101110,7,472.414,0.623,-1,1,
124,01101100,2,472.431,NaN,NA,NA,
125,01101100,3,472.431,NaN,NA,NA,
125,01101100,4,473.43600000000004,NaN,NA,NA,
125,01101100,5,473.63800000000003,NaN,NA,12141.bmp,A219.bmp,
125,01101100,6,474.639,NaN,NA,NA,
125,01101100,7,475.288,0.648,-1,1,
125,10100000,2,475.306,NaN,NA,NA,
126,10100000,3,475.306,NaN,NA,NA,
126,10100000,4,476.306,NaN,NA,NA,
126,10100000,5,476.50800000000004,NaN,NA,21999.bmp,A353.bmp,
126,10100000,6,477.009,NaN,NA,NA,
126,10100000,7,477.58,0.5700000000000001,-1,2,
126,10100000,8,477.58,NaN,NA,NA,
126,00111101,2,480.607,NaN,NA,NA,
127,00111101,3,480.607,NaN,NA,NA,
127,00111101,4,481.611,NaN,NA,NA,
127,00111101,5,481.81100000000004,NaN,NA,02880.bmp,A139.bmp,
127,00111101,6,482.812,NaN,NA,NA,
127,00111101,7,483.297,0.484,1,1,
127,00101000,2,483.314,NaN,NA,NA,
128,00101000,3,483.314,NaN,NA,NA,
128,00101000,4,484.314,NaN,NA,NA,
128,00101000,5,484.519,NaN,NA,02780.bmp,A135.bmp,
128,00101000,6,485.522,NaN,NA,NA,
128,00101000,7,486.266,0.743,-1,1,
128,01101000,9,486.27,NaN,NA,NA,
128,01101000,9,486.27,0.841,0,NA,
128,01101000,2,487.125,NaN,NA,NA,
129,01101000,3,487.125,NaN,NA,NA,
129,01101000,4,488.127,NaN,NA,NA,
129,01101000,5,488.32800000000003,NaN,NA,16360.bmp,A287.bmp,
129,01101000,6,489.33,NaN,NA,NA,
129,01101000,7,489.747,0.41600000000000004,-1,2,
129,01101000,8,489.747,NaN,NA,NA,
129,00101111,2,492.772,NaN,NA,NA,
130,00101111,3,492.772,NaN,NA,NA,
130,00101111,4,493.77500000000003,NaN,NA,NA,
130,00101111,5,493.98,NaN,NA,07004.bmp,A163.bmp,
130,00101111,6,494.981,NaN,NA,NA,
130,00101111,7,495.439,0.457,-1,1,
130,00111111,2,495.457,NaN,NA,NA,
131,00111111,3,495.457,NaN,NA,NA,
131,00111111,4,496.461,NaN,NA,NA,
131,00111111,5,496.66200000000003,NaN,NA,07211.bmp,A199.bmp,
131,00111111,6,497.663,NaN,NA,NA,
131,00111111,7,498.254,0.59,1,1,
131,10111001,2,498.27000000000004,NaN,NA,NA,
132,10111001,3,498.27000000000004,NaN,NA,NA,
132,10111001,4,499.273,NaN,NA,NA,
132,10111001,5,499.476,NaN,NA,21999.bmp,A353.bmp,
132,10111001,6,500.47700000000003,NaN,NA,NA,
132,10111001,7,501.04200000000003,0.5640000000000001,1,1,
132,00010010,2,501.06,NaN,NA,NA,
133,00010010,3,501.06,NaN,NA,NA,
133,00010010,4,502.06100000000004,NaN,NA,NA,
133,00010010,5,502.267,NaN,NA,07019.bmp,A173.bmp,
133,00010010,6,502.76800000000003,NaN,NA,NA,
133,00010010,7,503.346,0.577,1,1,
133,00010100,2,503.36400000000003,NaN,NA,NA,
134,00010100,3,503.36400000000003,NaN,NA,NA,
134,00010100,4,504.366,NaN,NA,NA,
134,00010100,5,504.57,NaN,NA,07010.bmp,A167.bmp,
134,00010100,6,505.07300000000004,NaN,NA,NA,
134,00010100,7,505.837,0.763,1,2,
134,00010100,8,505.837,NaN,NA,NA,
134,10000000,2,508.861,NaN,NA,NA,
135,10000000,3,508.861,NaN,NA,NA,
135,10000000,4,509.865,NaN,NA,NA,
135,10000000,5,510.067,NaN,NA,21440.bmp,A333.bmp,
135,10000000,6,510.568,NaN,NA,NA,
135,10000000,7,511.115,0.546,-1,1,
135,00100110,2,511.132,NaN,NA,NA,
136,00100110,3,511.132,NaN,NA,NA,
136,00100110,4,512.135,NaN,NA,NA,
136,00100110,5,512.338,NaN,NA,08160.bmp,A21.bmp,
136,00100110,6,512.842,NaN,NA,NA,
136,00100110,7,513.393,0.55,-1,1,
136,01000111,2,513.409,NaN,NA,NA,
137,01000111,3,513.409,NaN,NA,NA,
137,01000111,4,514.4110000000001,NaN,NA,NA,
137,01000111,5,514.615,NaN,NA,162501.bmp,A275.bmp,
137,01000111,6,515.118,NaN,NA,NA,
137,01000111,7,515.698,0.579,-1,1,
137,01010000,2,515.716,NaN,NA,NA,
138,01010000,3,515.716,NaN,NA,NA,
138,01010000,4,516.72,NaN,NA,NA,
138,01010000,5,516.924,NaN,NA,13220.bmp,A255.bmp,
138,01010000,6,517.425,NaN,NA,NA,
138,01010000,7,518.003,0.577,1,1,
138,00101110,2,518.02,NaN,NA,NA,
139,00101110,3,518.02,NaN,NA,NA,
139,00101110,4,519.024,NaN,NA,NA,
139,00101110,5,519.226,NaN,NA,07025.bmp,A177.bmp,
139,00101110,6,520.2280000000001,NaN,NA,NA,
139,00101110,7,520.7,0.47100000000000003,-1,1,
139,01000110,2,520.718,NaN,NA,NA,
140,01000110,3,520.718,NaN,NA,NA,
140,01000110,4,521.722,NaN,NA,NA,
140,01000110,5,521.926,NaN,NA,19295.bmp,A311.bmp,
140,01000110,6,522.432,NaN,NA,NA,
140,01000110,7,522.917,0.484,-1,1,
140,00111000,2,522.9350000000001,NaN,NA,NA,
141,00111000,3,522.9350000000001,NaN,NA,NA,
141,00111000,4,523.94,NaN,NA,NA,
141,00111000,5,524.145,NaN,NA,07255.bmp,A203.bmp,
141,00111000,6,525.148,NaN,NA,NA,
141,00111000,7,525.811,0.662,1,1,
141,01111010,2,525.828,NaN,NA,NA,
142,01111010,3,525.828,NaN,NA,NA,
142,01111010,4,526.832,NaN,NA,NA,
142,01111010,5,527.035,NaN,NA,123451.bmp,A223.bmp,
142,01111010,6,528.0360000000001,NaN,NA,NA,
142,01111010,7,528.5120000000001,0.47500000000000003,1,1,
142,10000010,2,528.529,NaN,NA,NA,
143,10000010,3,528.529,NaN,NA,NA,
143,10000010,4,529.53,NaN,NA,NA,
143,10000010,5,529.731,NaN,NA,27270.bmp,A77.bmp,
143,10000010,6,530.232,NaN,NA,NA,
143,10000010,7,530.734,0.499,-1,1,
143,10011101,2,530.751,NaN,NA,NA,
144,10011101,3,530.751,NaN,NA,NA,
144,10011101,4,531.755,NaN,NA,NA,
144,10011101,5,531.9590000000001,NaN,NA,22057.bmp,A363.bmp,
144,10011101,6,532.96,NaN,NA,NA,
144,10011101,7,533.445,0.483,1,1,
144,00100001,2,533.462,NaN,NA,NA,
145,00100001,3,533.462,NaN,NA,NA,
145,00100001,4,534.466,NaN,NA,NA,
145,00100001,5,534.666,NaN,NA,07001.bmp,A159.bmp,
145,00100001,6,535.169,NaN,NA,NA,
145,00100001,7,535.761,0.591,-1,1,
145,00000101,2,535.778,NaN,NA,NA,
146,00000101,3,535.778,NaN,NA,NA,
146,00000101,4,536.778,NaN,NA,NA,
146,00000101,5,536.98,NaN,NA,02309.bmp,A111.bmp,
146,00000101,6,537.481,NaN,NA,NA,
146,00000101,7,538.134,0.651,-1,1,
146,00000000,2,538.152,NaN,NA,NA,
147,00000000,3,538.152,NaN,NA,NA,
147,00000000,4,539.157,NaN,NA,NA,
147,00000000,5,539.36,NaN,NA,07211.bmp,A199.bmp,
147,00000000,6,539.864,NaN,NA,NA,
147,00000000,7,540.308,0.443,-1,1,
147,00111010,2,540.325,NaN,NA,NA,
148,00111010,3,540.325,NaN,NA,NA,
148,00111010,4,541.327,NaN,NA,NA,
148,00111010,5,541.532,NaN,NA,07211.bmp,A199.bmp,
148,00111010,6,542.537,NaN,NA,NA,
148,00111010,7,543.049,0.511,1,1,
148,10011001,2,543.067,NaN,NA,NA,
149,10011001,3,543.067,NaN,NA,NA,
149,10011001,4,544.07,NaN,NA,NA,
149,10011001,5,544.273,NaN,NA,21750.bmp,A351.bmp,
149,10011001,6,545.278,NaN,NA,NA,
149,10011001,7,545.742,0.463,1,1,
149,01100100,2,545.759,NaN,NA,NA,
150,01100100,3,545.759,NaN,NA,NA,
150,01100100,4,546.76,NaN,NA,NA,
150,01100100,5,546.961,NaN,NA,123451.bmp,A223.bmp,
150,01100100,6,547.463,NaN,NA,NA,
150,01100100,7,547.956,0.492,-1,1,
150,00010110,2,547.973,NaN,NA,NA,
151,00010110,3,547.973,NaN,NA,NA,
151,00010110,4,548.974,NaN,NA,NA,
151,00010110,5,549.1750000000001,NaN,NA,02411.bmp,A117.bmp,
151,00010110,6,549.679,NaN,NA,NA,
151,00010110,7,550.428,0.748,1,1,
151,00101000,2,550.445,NaN,NA,NA,
152,00101000,3,550.445,NaN,NA,NA,
152,00101000,4,551.446,NaN,NA,NA,
152,00101000,5,551.647,NaN,NA,02411.bmp,A117.bmp,
152,00101000,6,552.6510000000001,NaN,NA,NA,
152,00101000,7,553.117,0.465,-1,1,
152,01001101,2,553.134,NaN,NA,NA,
153,01001101,3,553.134,NaN,NA,NA,
153,01001101,4,554.134,NaN,NA,NA,
153,01001101,5,554.337,NaN,NA,13230.bmp,A259.bmp,
153,01001101,6,555.34,NaN,NA,NA,
153,01001101,7,555.898,0.557,-1,1,
153,01100011,2,555.915,NaN,NA,NA,
154,01100011,3,555.915,NaN,NA,NA,
154,01100011,4,556.917,NaN,NA,NA,
154,01100011,5,557.119,NaN,NA,16540.bmp,A291.bmp,
154,01100011,6,557.622,NaN,NA,NA,
154,01100011,7,558.2,0.5760000000000001,-1,1,
154,00011110,2,558.216,NaN,NA,NA,
155,00011110,3,558.216,NaN,NA,NA,
155,00011110,4,559.218,NaN,NA,NA,
155,00011110,5,559.422,NaN,NA,07187.bmp,A195.bmp,
155,00011110,6,560.423,NaN,NA,NA,
155,00011110,7,561.374,0.9500000000000001,1,1,
155,01101110,2,561.391,NaN,NA,NA,
156,01101110,3,561.391,NaN,NA,NA,
156,01101110,4,562.394,NaN,NA,NA,
156,01101110,5,562.598,NaN,NA,16831.bmp,A299.bmp,
156,01101110,6,563.6,NaN,NA,NA,
156,01101110,7,564.165,0.5630000000000001,-1,1,
156,01001100,2,564.181,NaN,NA,NA,
157,01001100,3,564.181,NaN,NA,NA,
157,01001100,4,565.182,NaN,NA,NA,
157,01001100,5,565.385,NaN,NA,130051.bmp,A237.bmp,
157,01001100,6,566.389,NaN,NA,NA,
157,01001100,7,566.832,0.442,-1,1,
157,01001010,2,566.849,NaN,NA,NA,
158,01001010,3,566.849,NaN,NA,NA,
158,01001010,4,567.851,NaN,NA,NA,
158,01001010,5,568.052,NaN,NA,12799.bmp,A23.bmp,
158,01001010,6,569.053,NaN,NA,NA,
158,01001010,7,569.643,0.589,-1,2,
158,01001010,8,569.643,NaN,NA,NA,
158,01001010,2,572.666,NaN,NA,NA,
159,01001010,3,572.666,NaN,NA,NA,
159,01001010,4,573.668,NaN,NA,NA,
159,01001010,5,573.872,NaN,NA,123451.bmp,A223.bmp,
159,01001010,6,574.876,NaN,NA,NA,
159,01001010,7,575.414,0.537,-1,1,
159,10111101,2,575.4300000000001,NaN,NA,NA,
160,10111101,3,575.4300000000001,NaN,NA,NA,
160,10111101,4,576.434,NaN,NA,NA,
160,10111101,5,576.638,NaN,NA,22395.bmp,A379.bmp,
160,10111101,6,577.642,NaN,NA,NA,
160,10111101,7,578.316,0.673,1,2,
160,10111101,8,578.316,NaN,NA,NA,
160,01010110,2,581.343,NaN,NA,NA,
161,01010110,3,581.343,NaN,NA,NA,
161,01010110,4,582.343,NaN,NA,NA,
161,01010110,5,582.544,NaN,NA,19301.bmp,A315.bmp,
161,01010110,6,583.048,NaN,NA,NA,
161,01010110,7,583.614,0.5650000000000001,1,1,
161,00010011,2,583.6320000000001,NaN,NA,NA,
162,00010011,3,583.6320000000001,NaN,NA,NA,
162,00010011,4,584.635,NaN,NA,NA,
162,00010011,5,584.836,NaN,NA,09700.bmp,A213.bmp,
162,00010011,6,585.34,NaN,NA,NA,
162,00010011,7,586.054,0.713,1,1,
162,01100111,2,586.071,NaN,NA,NA,
163,01100111,3,586.071,NaN,NA,NA,
163,01100111,4,587.073,NaN,NA,NA,
163,01100111,5,587.275,NaN,NA,16300.bmp,A279.bmp,
163,01100111,6,587.779,NaN,NA,NA,
163,01100111,7,588.44,0.659,-1,1,
163,01011011,2,588.456,NaN,NA,NA,
164,01011011,3,588.456,NaN,NA,NA,
164,01011011,4,589.457,NaN,NA,NA,
164,01011011,5,589.6610000000001,NaN,NA,19600.bmp,A327.bmp,
164,01011011,6,590.6610000000001,NaN,NA,NA,
164,01011011,7,591.242,0.579,1,1,
164,00000100,2,591.258,NaN,NA,NA,
165,00000100,3,591.258,NaN,NA,NA,
165,00000100,4,592.259,NaN,NA,NA,
165,00000100,5,592.462,NaN,NA,05471.bmp,A145.bmp,
165,00000100,6,592.963,NaN,NA,NA,
165,00000100,7,593.722,0.758,-1,2,
165,00000100,8,593.722,NaN,NA,NA,
165,01010001,2,596.746,NaN,NA,NA,
166,01010001,3,596.746,NaN,NA,NA,
166,01010001,4,597.748,NaN,NA,NA,
166,01010001,5,597.95,NaN,NA,19185.bmp,A31.bmp,
166,01010001,6,598.451,NaN,NA,NA,
166,01010001,7,598.966,0.514,1,1,
166,00110101,2,598.984,NaN,NA,NA,
167,00110101,3,598.984,NaN,NA,NA,
167,00110101,4,599.989,NaN,NA,NA,
167,00110101,5,600.19,NaN,NA,05535.bmp,A15.bmp,
167,00110101,6,600.692,NaN,NA,NA,
167,00110101,7,601.117,0.424,1,1,
167,10001010,2,601.135,NaN,NA,NA,
168,10001010,3,601.135,NaN,NA,NA,
168,10001010,4,602.1370000000001,NaN,NA,NA,
168,10001010,5,602.34,NaN,NA,223752.bmp,A375.bmp,
168,10001010,6,603.343,NaN,NA,NA,
168,10001010,7,604.029,0.685,-1,2,
168,10001010,8,604.029,NaN,NA,NA,
168,10001101,2,607.054,NaN,NA,NA,
169,10001101,3,607.054,NaN,NA,NA,
169,10001101,4,608.058,NaN,NA,NA,
169,10001101,5,608.259,NaN,NA,27472.bmp,A85.bmp,
169,10001101,6,609.261,NaN,NA,NA,
169,10001101,7,609.764,0.502,-1,1,
169,00011010,2,609.7810000000001,NaN,NA,NA,
170,00011010,3,609.7810000000001,NaN,NA,NA,
170,00011010,4,610.783,NaN,NA,NA,
170,00011010,5,610.9830000000001,NaN,NA,02214.bmp,A109.bmp,
170,00011010,6,611.988,NaN,NA,NA,
170,00011010,7,612.679,0.6900000000000001,1,1,
170,10110101,2,612.696,NaN,NA,NA,
171,10110101,3,612.696,NaN,NA,NA,
171,10110101,4,613.7,NaN,NA,NA,
171,10110101,5,613.904,NaN,NA,21722.bmp,A35.bmp,
171,10110101,6,614.404,NaN,NA,NA,
171,10110101,7,614.929,0.524,1,1,
171,01000110,2,614.946,NaN,NA,NA,
172,01000110,3,614.946,NaN,NA,NA,
172,01000110,4,615.951,NaN,NA,NA,
172,01000110,5,616.153,NaN,NA,13500.bmp,A265.bmp,
172,01000110,6,616.654,NaN,NA,NA,
172,01000110,7,617.202,0.547,-1,2,
172,01000110,8,617.202,NaN,NA,NA,
172,00110110,2,620.223,NaN,NA,NA,
173,00110110,3,620.223,NaN,NA,NA,
173,00110110,4,621.227,NaN,NA,NA,
173,00110110,5,621.428,NaN,NA,07050.bmp,A183.bmp,
173,00110110,6,621.9300000000001,NaN,NA,NA,
173,00110110,7,622.434,0.502,1,1,
173,01000000,2,622.45,NaN,NA,NA,
174,01000000,3,622.45,NaN,NA,NA,
174,01000000,4,623.453,NaN,NA,NA,
174,01000000,5,623.6560000000001,NaN,NA,13103.bmp,A245.bmp,
174,01000000,6,624.157,NaN,NA,NA,
174,01000000,7,624.741,0.583,-1,1,
174,10001101,2,624.758,NaN,NA,NA,
175,10001101,3,624.758,NaN,NA,NA,
175,10001101,4,625.761,NaN,NA,NA,
175,10001101,5,625.964,NaN,NA,27570.bmp,A9.bmp,
175,10001101,6,626.968,NaN,NA,NA,
175,10001101,7,627.457,0.488,-1,1,
175,10001011,2,627.473,NaN,NA,NA,
176,10001011,3,627.473,NaN,NA,NA,
176,10001011,4,628.476,NaN,NA,NA,
176,10001011,5,628.679,NaN,NA,25621.bmp,A65.bmp,
176,10001011,6,629.679,NaN,NA,NA,
176,10001011,7,630.201,0.521,-1,1,
176,10010011,2,630.217,NaN,NA,NA,
177,10010011,3,630.217,NaN,NA,NA,
177,10010011,4,631.218,NaN,NA,NA,
177,10010011,5,631.422,NaN,NA,21463.bmp,A337.bmp,
177,10010011,6,631.926,NaN,NA,NA,
177,10010011,7,632.487,0.56,1,1,
177,10110111,2,632.505,NaN,NA,NA,
178,10110111,3,632.505,NaN,NA,NA,
178,10110111,4,633.5070000000001,NaN,NA,NA,
178,10110111,5,633.707,NaN,NA,21710.bmp,A349.bmp,
178,10110111,6,634.212,NaN,NA,NA,
178,10110111,7,635.016,0.803,1,1,
178,00011000,2,635.033,NaN,NA,NA,
179,00011000,3,635.033,NaN,NA,NA,
179,00011000,4,636.0360000000001,NaN,NA,NA,
179,00011000,5,636.239,NaN,NA,07036.bmp,A179.bmp,
179,00011000,6,637.243,NaN,NA,NA,
179,00011000,7,637.83,0.585,1,1,
179,10000001,2,637.846,NaN,NA,NA,
180,10000001,3,637.846,NaN,NA,NA,
180,10000001,4,638.8480000000001,NaN,NA,NA,
180,10000001,5,639.049,NaN,NA,21463.bmp,A337.bmp,
180,10000001,6,639.551,NaN,NA,NA,
180,10000001,7,640.097,0.545,-1,1,
180,10001011,2,640.114,NaN,NA,NA,
181,10001011,3,640.114,NaN,NA,NA,
181,10001011,4,641.115,NaN,NA,NA,
181,10001011,5,641.32,NaN,NA,27320.bmp,A79.bmp,
181,10001011,6,642.326,NaN,NA,NA,
181,10001011,7,642.886,0.559,-1,1,
181,00011101,2,642.902,NaN,NA,NA,
182,00011101,3,642.902,NaN,NA,NA,
182,00011101,4,643.905,NaN,NA,NA,
182,00011101,5,644.107,NaN,NA,07830.bmp,A209.bmp,
182,00011101,6,645.1080000000001,NaN,NA,NA,
182,00011101,7,645.6510000000001,0.542,1,1,
182,01101100,2,645.668,NaN,NA,NA,
183,01101100,3,645.668,NaN,NA,NA,
183,01101100,4,646.671,NaN,NA,NA,
183,01101100,5,646.876,NaN,NA,16838.bmp,A3.bmp,
183,01101100,6,647.88,NaN,NA,NA,
183,01101100,7,648.626,0.745,-1,1,
183,00111010,2,648.644,NaN,NA,NA,
184,00111010,3,648.644,NaN,NA,NA,
184,00111010,4,649.649,NaN,NA,NA,
184,00111010,5,649.851,NaN,NA,01616.bmp,A1.bmp,
184,00111010,6,650.852,NaN,NA,NA,
184,00111010,7,651.4780000000001,0.625,1,1,
184,00110110,2,651.496,NaN,NA,NA,
185,00110110,3,651.496,NaN,NA,NA,
185,00110110,4,652.5,NaN,NA,NA,
185,00110110,5,652.703,NaN,NA,07019.bmp,A173.bmp,
185,00110110,6,653.207,NaN,NA,NA,
185,00110110,7,653.738,0.529,1,1,
185,10001101,2,653.755,NaN,NA,NA,
186,10001101,3,653.755,NaN,NA,NA,
186,10001101,4,654.759,NaN,NA,NA,
186,10001101,5,654.962,NaN,NA,22387.bmp,A377.bmp,
186,10001101,6,655.964,NaN,NA,NA,
186,10001101,7,656.618,0.653,-1,1,
186,01110001,2,656.635,NaN,NA,NA,
187,01110001,3,656.635,NaN,NA,NA,
187,01110001,4,657.6370000000001,NaN,NA,NA,
187,01110001,5,657.839,NaN,NA,19295.bmp,A311.bmp,
187,01110001,6,658.341,NaN,NA,NA,
187,01110001,7,660.184,1.842,1,2,
187,01110001,8,660.184,NaN,NA,NA,
187,10001101,2,663.21,NaN,NA,NA,
188,10001101,3,663.21,NaN,NA,NA,
188,10001101,4,664.213,NaN,NA,NA,
188,10001101,5,664.414,NaN,NA,22000.bmp,A355.bmp,
188,10001101,6,665.418,NaN,NA,NA,
188,10001101,7,665.88,0.461,-1,1,
188,00010101,2,665.899,NaN,NA,NA,
189,00010101,3,665.899,NaN,NA,NA,
189,00010101,4,666.904,NaN,NA,NA,
189,00010101,5,667.104,NaN,NA,07050.bmp,A183.bmp,
189,00010101,6,667.607,NaN,NA,NA,
189,00010101,7,668.289,0.68,1,1,
189,10000011,2,668.3050000000001,NaN,NA,NA,
190,10000011,3,668.3050000000001,NaN,NA,NA,
190,10000011,4,669.306,NaN,NA,NA,
190,10000011,5,669.5070000000001,NaN,NA,21650.bmp,A343.bmp,
190,10000011,6,670.0120000000001,NaN,NA,NA,
190,10000011,7,671.136,1.123,-1,1,
190,10100001,2,671.153,NaN,NA,NA,
191,10100001,3,671.153,NaN,NA,NA,
191,10100001,4,672.157,NaN,NA,NA,
191,10100001,5,672.36,NaN,NA,25260.bmp,A49.bmp,
191,10100001,6,672.864,NaN,NA,NA,
191,10100001,7,673.49,0.625,-1,1,
191,01010110,2,673.5070000000001,NaN,NA,NA,
192,01010110,3,673.5070000000001,NaN,NA,NA,
192,01010110,4,674.51,NaN,NA,NA,
192,01010110,5,674.714,NaN,NA,13015.bmp,A239.bmp,
192,01010110,6,675.214,NaN,NA,NA,
192,01010110,7,675.8290000000001,0.613,1,1,
192,10100001,2,675.846,NaN,NA,NA,
193,10100001,3,675.846,NaN,NA,NA,
193,10100001,4,676.851,NaN,NA,NA,
193,10100001,5,677.0550000000001,NaN,NA,25611.bmp,A63.bmp,
193,10100001,6,677.5550000000001,NaN,NA,NA,
193,10100001,7,678.197,0.641,-1,1,
193,10000101,2,678.215,NaN,NA,NA,
194,10000101,3,678.215,NaN,NA,NA,
194,10000101,4,679.216,NaN,NA,NA,
194,10000101,5,679.417,NaN,NA,27580.bmp,A91.bmp,
194,10000101,6,679.92,NaN,NA,NA,
194,10000101,7,680.5070000000001,0.585,-1,1,
194,10111100,2,680.524,NaN,NA,NA,
195,10111100,3,680.524,NaN,NA,NA,
195,10111100,4,681.527,NaN,NA,NA,
195,10111100,5,681.7280000000001,NaN,NA,25450.bmp,A53.bmp,
195,10111100,6,682.729,NaN,NA,NA,
195,10111100,7,683.302,0.5720000000000001,1,1,
195,01001100,2,683.319,NaN,NA,NA,
196,01001100,3,683.319,NaN,NA,NA,
196,01001100,4,684.3240000000001,NaN,NA,NA,
196,01001100,5,684.5260000000001,NaN,NA,129001.bmp,A233.bmp,
196,01001100,6,685.53,NaN,NA,NA,
196,01001100,7,686.1320000000001,0.6,-1,1,
196,01101100,2,686.15,NaN,NA,NA,
197,01101100,3,686.15,NaN,NA,NA,
197,01101100,4,687.152,NaN,NA,NA,
197,01101100,5,687.354,NaN,NA,12811.bmp,A231.bmp,
197,01101100,6,688.3580000000001,NaN,NA,NA,
197,01101100,7,688.958,0.599,-1,1,
