Orginal File Name:,DP-NULL-2018_0_1_1911.csv,UserAGENT:Mozilla/5.0 (Macintosh; Intel Mac OS X 10_12_6) AppleWebKit/537.36 (KHTML, like Gecko) Chrome/63.0.3239.84 Safari/537.36,Time:,2018_0_1_1911,Parameter File:,None:FromPsyToolkit,Event Codes:,[('INSTRUCT_ONSET', 1), ('TASK_ONSET', 2), ('TRIAL_ONSET', 3), ('CUE_ONSET', 4), ('IMAGE_ONSET', 5), ('TARGET_ONSET', 6), ('RESPONSE', 7), ('ERROR_DELAY', 8), ('BREAK_ONSET', 9), ('BREAK_END', 10)],Trial Types are coded as follows: 8 bits representing [valence neut/neg/pos] [target_orientation H/V] [target_side left/right] [duration .5/1] [valenced_image left/right] [cue_orientation H/V] [cue_side left/right] 
trial_number,trial_type,event_code,absolute_time,response_time,response,result
0,10001010,1,16.884,NaN,NA,NA,
0,10001010,2,16.886,NaN,NA,NA,
1,10001010,3,16.886,NaN,NA,NA,
1,10001010,4,17.887,NaN,NA,NA,
1,10001010,5,18.088,NaN,NA,22222.bmp,A37.bmp,
1,10001010,6,19.092,NaN,NA,NA,
1,10001010,7,19.597,0.504,-1,2,
1,10001010,8,19.597,NaN,NA,NA,
1,01001000,2,22.622,NaN,NA,NA,
2,01001000,3,22.623,NaN,NA,NA,
2,01001000,4,23.627,NaN,NA,NA,
2,01001000,5,23.830000000000002,NaN,NA,129001.bmp,A233.bmp,
2,01001000,6,24.834,NaN,NA,NA,
2,01001000,7,25.403000000000002,0.5670000000000001,-1,2,
2,01001000,8,25.403000000000002,NaN,NA,NA,
2,10000010,2,28.427,NaN,NA,NA,
3,10000010,3,28.427,NaN,NA,NA,
3,10000010,4,29.428,NaN,NA,NA,
3,10000010,5,29.634,NaN,NA,220552.bmp,A361.bmp,
3,10000010,6,30.136,NaN,NA,NA,
3,10000010,7,30.729,0.592,-1,1,
3,10010100,2,30.746000000000002,NaN,NA,NA,
4,10010100,3,30.746000000000002,NaN,NA,NA,
4,10010100,4,31.749000000000002,NaN,NA,NA,
4,10010100,5,31.95,NaN,NA,25982.bmp,A7.bmp,
4,10010100,6,32.454,NaN,NA,NA,
4,10010100,7,32.927,0.47200000000000003,1,1,
4,01000011,2,32.944,NaN,NA,NA,
5,01000011,3,32.944,NaN,NA,NA,
5,01000011,4,33.944,NaN,NA,NA,
5,01000011,5,34.15,NaN,NA,16360.bmp,A287.bmp,
5,01000011,6,34.655,NaN,NA,NA,
5,01000011,7,35.269,0.613,-1,1,
5,01000111,2,36.879,NaN,NA,NA,
6,01000111,3,36.879,NaN,NA,NA,
6,01000111,4,37.885,NaN,NA,NA,
6,01000111,5,38.086,NaN,NA,16242.bmp,A273.bmp,
6,01000111,6,38.586,NaN,NA,NA,
6,01000111,7,39.235,0.648,-1,1,
6,00111100,2,39.253,NaN,NA,NA,
7,00111100,3,39.253,NaN,NA,NA,
7,00111100,4,40.255,NaN,NA,NA,
7,00111100,5,40.46,NaN,NA,02493.bmp,A121.bmp,
7,00111100,6,41.463,NaN,NA,NA,
7,00111100,7,42.078,0.614,1,1,
7,10101011,2,42.097,NaN,NA,NA,
8,10101011,3,42.097,NaN,NA,NA,
8,10101011,4,43.097,NaN,NA,NA,
8,10101011,5,43.299,NaN,NA,21999.bmp,A353.bmp,
8,10101011,6,44.302,NaN,NA,NA,
8,10101011,7,45.139,0.836,-1,1,
8,10011111,2,45.157000000000004,NaN,NA,NA,
9,10011111,3,45.157000000000004,NaN,NA,NA,
9,10011111,4,46.158,NaN,NA,NA,
9,10011111,5,46.361000000000004,NaN,NA,25300.bmp,A5.bmp,
9,10011111,6,47.362,NaN,NA,NA,
9,10011111,7,47.902,0.537,1,1,
9,10000111,2,47.92,NaN,NA,NA,
10,10000111,3,47.92,NaN,NA,NA,
10,10000111,4,48.925000000000004,NaN,NA,NA,
10,10000111,5,49.127,NaN,NA,220552.bmp,A361.bmp,
10,10000111,6,49.632,NaN,NA,NA,
10,10000111,7,50.339,0.705,-1,1,
10,10111111,2,50.356,NaN,NA,NA,
11,10111111,3,50.356,NaN,NA,NA,
11,10111111,4,51.36,NaN,NA,NA,
11,10111111,5,51.561,NaN,NA,28250.bmp,A99.bmp,
11,10111111,6,52.564,NaN,NA,NA,
11,10111111,7,53.307,0.742,1,1,
11,10000000,2,53.325,NaN,NA,NA,
12,10000000,3,53.325,NaN,NA,NA,
12,10000000,4,54.326,NaN,NA,NA,
12,10000000,5,54.527,NaN,NA,25460.bmp,A55.bmp,
12,10000000,6,55.028,NaN,NA,NA,
12,10000000,7,55.523,0.494,-1,1,
12,01101000,2,55.54,NaN,NA,NA,
13,01101000,3,55.54,NaN,NA,NA,
13,01101000,4,56.543,NaN,NA,NA,
13,01101000,5,56.746,NaN,NA,13350.bmp,A263.bmp,
13,01101000,6,57.746,NaN,NA,NA,
13,01101000,7,58.370000000000005,0.622,-1,1,
13,01101101,2,58.39,NaN,NA,NA,
14,01101101,3,58.39,NaN,NA,NA,
14,01101101,4,59.393,NaN,NA,NA,
14,01101101,5,59.597,NaN,NA,130051.bmp,A237.bmp,
14,01101101,6,60.599000000000004,NaN,NA,NA,
14,01101101,7,61.165,0.5640000000000001,-1,1,
14,10000000,2,61.183,NaN,NA,NA,
15,10000000,3,61.183,NaN,NA,NA,
15,10000000,4,62.188,NaN,NA,NA,
15,10000000,5,62.388,NaN,NA,21722.bmp,A35.bmp,
15,10000000,6,62.892,NaN,NA,NA,
15,10000000,7,63.619,0.726,-1,1,
15,10100010,2,63.637,NaN,NA,NA,
16,10100010,3,63.637,NaN,NA,NA,
16,10100010,4,64.639,NaN,NA,NA,
16,10100010,5,64.84,NaN,NA,27510.bmp,A89.bmp,
16,10100010,6,65.343,NaN,NA,NA,
16,10100010,7,65.989,0.645,-1,2,
16,10100010,8,65.989,NaN,NA,NA,
16,00110101,2,69.014,NaN,NA,NA,
17,00110101,3,69.014,NaN,NA,NA,
17,00110101,4,70.014,NaN,NA,NA,
17,00110101,5,70.21900000000001,NaN,NA,02381.bmp,A113.bmp,
17,00110101,6,70.721,NaN,NA,NA,
17,00110101,7,71.386,0.663,1,1,
17,01100000,2,71.404,NaN,NA,NA,
18,01100000,3,71.404,NaN,NA,NA,
18,01100000,4,72.406,NaN,NA,NA,
18,01100000,5,72.612,NaN,NA,16360.bmp,A287.bmp,
18,01100000,6,73.114,NaN,NA,NA,
18,01100000,7,73.783,0.667,-1,1,
18,00111001,2,73.803,NaN,NA,NA,
19,00111001,3,73.803,NaN,NA,NA,
19,00111001,4,74.805,NaN,NA,NA,
19,00111001,5,75.006,NaN,NA,07019.bmp,A173.bmp,
19,00111001,6,76.008,NaN,NA,NA,
19,00111001,7,76.724,0.714,1,1,
19,00011101,2,76.742,NaN,NA,NA,
20,00011101,3,76.742,NaN,NA,NA,
20,00011101,4,77.747,NaN,NA,NA,
20,00011101,5,77.95,NaN,NA,02516.bmp,A127.bmp,
20,00011101,6,78.95400000000001,NaN,NA,NA,
20,00011101,7,79.364,0.40900000000000003,1,1,
20,00100011,2,79.383,NaN,NA,NA,
21,00100011,3,79.383,NaN,NA,NA,
21,00100011,4,80.387,NaN,NA,NA,
21,00100011,5,80.59100000000001,NaN,NA,065702.bmp,A157.bmp,
21,00100011,6,81.09400000000001,NaN,NA,NA,
21,00100011,7,82.053,0.9570000000000001,-1,1,
21,00011011,2,82.071,NaN,NA,NA,
22,00011011,3,82.071,NaN,NA,NA,
22,00011011,4,83.071,NaN,NA,NA,
22,00011011,5,83.276,NaN,NA,08160.bmp,A21.bmp,
22,00011011,6,84.277,NaN,NA,NA,
22,00011011,7,84.955,0.676,1,1,
22,01100110,2,84.973,NaN,NA,NA,
23,01100110,3,84.973,NaN,NA,NA,
23,01100110,4,85.974,NaN,NA,NA,
23,01100110,5,86.18,NaN,NA,13195.bmp,A251.bmp,
23,01100110,6,86.686,NaN,NA,NA,
23,01100110,7,87.387,0.7000000000000001,-1,1,
23,00110100,2,87.405,NaN,NA,NA,
24,00110100,3,87.405,NaN,NA,NA,
24,00110100,4,88.405,NaN,NA,NA,
24,00110100,5,88.60600000000001,NaN,NA,02880.bmp,A139.bmp,
24,00110100,6,89.107,NaN,NA,NA,
24,00110100,7,89.868,0.759,1,1,
24,00011101,2,89.887,NaN,NA,NA,
25,00011101,3,89.887,NaN,NA,NA,
25,00011101,4,90.889,NaN,NA,NA,
25,00011101,5,91.09400000000001,NaN,NA,02749.bmp,A133.bmp,
25,00011101,6,92.09700000000001,NaN,NA,NA,
25,00011101,7,92.815,0.717,1,1,
25,00000100,2,92.833,NaN,NA,NA,
26,00000100,3,92.833,NaN,NA,NA,
26,00000100,4,93.836,NaN,NA,NA,
26,00000100,5,94.042,NaN,NA,02214.bmp,A109.bmp,
26,00000100,6,94.542,NaN,NA,NA,
26,00000100,7,95.092,0.548,-1,1,
26,01010101,2,95.11,NaN,NA,NA,
27,01010101,3,95.11,NaN,NA,NA,
27,01010101,4,96.114,NaN,NA,NA,
27,01010101,5,96.318,NaN,NA,19405.bmp,A323.bmp,
27,01010101,6,96.82000000000001,NaN,NA,NA,
27,01010101,7,97.535,0.714,1,1,
27,10010000,2,97.553,NaN,NA,NA,
28,10010000,3,97.553,NaN,NA,NA,
28,10010000,4,98.559,NaN,NA,NA,
28,10010000,5,98.76,NaN,NA,220552.bmp,A361.bmp,
28,10010000,6,99.261,NaN,NA,NA,
28,10010000,7,99.882,0.619,1,1,
28,01000111,2,99.899,NaN,NA,NA,
29,01000111,3,99.899,NaN,NA,NA,
29,01000111,4,100.9,NaN,NA,NA,
29,01000111,5,101.105,NaN,NA,13181.bmp,A249.bmp,
29,01000111,6,101.61,NaN,NA,NA,
29,01000111,7,102.385,0.774,-1,2,
29,01000111,8,102.385,NaN,NA,NA,
29,10101101,2,105.41,NaN,NA,NA,
30,10101101,3,105.41,NaN,NA,NA,
30,10101101,4,106.413,NaN,NA,NA,
30,10101101,5,106.61500000000001,NaN,NA,21710.bmp,A349.bmp,
30,10101101,6,107.616,NaN,NA,NA,
30,10101101,7,108.283,0.666,-1,1,
30,00001001,2,108.302,NaN,NA,NA,
31,00001001,3,108.302,NaN,NA,NA,
31,00001001,4,109.305,NaN,NA,NA,
31,00001001,5,109.51,NaN,NA,05534.bmp,A149.bmp,
31,00001001,6,110.515,NaN,NA,NA,
31,00001001,7,111.104,0.588,-1,1,
31,10100011,2,111.123,NaN,NA,NA,
32,10100011,3,111.123,NaN,NA,NA,
32,10100011,4,112.12400000000001,NaN,NA,NA,
32,10100011,5,112.328,NaN,NA,21410.bmp,A331.bmp,
32,10100011,6,112.83200000000001,NaN,NA,NA,
32,10100011,7,113.446,0.613,-1,1,
32,10111110,2,113.464,NaN,NA,NA,
33,10111110,3,113.464,NaN,NA,NA,
33,10111110,4,114.465,NaN,NA,NA,
33,10111110,5,114.667,NaN,NA,25460.bmp,A55.bmp,
33,10111110,6,115.668,NaN,NA,NA,
33,10111110,7,116.319,0.65,1,1,
33,00000001,2,116.336,NaN,NA,NA,
34,00000001,3,116.336,NaN,NA,NA,
34,00000001,4,117.337,NaN,NA,NA,
34,00000001,5,117.541,NaN,NA,05534.bmp,A149.bmp,
34,00000001,6,118.045,NaN,NA,NA,
34,00000001,7,118.62100000000001,0.5750000000000001,-1,1,
34,10110010,2,118.639,NaN,NA,NA,
35,10110010,3,118.639,NaN,NA,NA,
35,10110010,4,119.641,NaN,NA,NA,
35,10110010,5,119.845,NaN,NA,27270.bmp,A77.bmp,
35,10110010,6,120.345,NaN,NA,NA,
35,10110010,7,121.235,0.889,1,1,
35,00001011,2,121.25200000000001,NaN,NA,NA,
36,00001011,3,121.25200000000001,NaN,NA,NA,
36,00001011,4,122.257,NaN,NA,NA,
36,00001011,5,122.458,NaN,NA,07207.bmp,A197.bmp,
36,00001011,6,123.46000000000001,NaN,NA,NA,
36,00001011,7,124.241,0.779,-1,2,
36,00001011,8,124.241,NaN,NA,NA,
36,00101000,2,127.268,NaN,NA,NA,
37,00101000,3,127.268,NaN,NA,NA,
37,00101000,4,128.269,NaN,NA,NA,
37,00101000,5,128.471,NaN,NA,07017.bmp,A17.bmp,
37,00101000,6,129.471,NaN,NA,NA,
37,00101000,7,130.14600000000002,0.674,-1,1,
37,01111000,2,130.163,NaN,NA,NA,
38,01111000,3,130.163,NaN,NA,NA,
38,01111000,4,131.16400000000002,NaN,NA,NA,
38,01111000,5,131.365,NaN,NA,13103.bmp,A245.bmp,
38,01111000,6,132.368,NaN,NA,NA,
38,01111000,7,136.274,3.903,1,2,
38,01111000,8,136.274,NaN,NA,NA,
38,00111111,2,139.30100000000002,NaN,NA,NA,
39,00111111,3,139.30100000000002,NaN,NA,NA,
39,00111111,4,140.302,NaN,NA,NA,
39,00111111,5,140.502,NaN,NA,05534.bmp,A149.bmp,
39,00111111,6,141.50300000000001,NaN,NA,NA,
39,00111111,7,142.286,0.781,1,1,
39,01001001,2,142.303,NaN,NA,NA,
40,01001001,3,142.303,NaN,NA,NA,
40,01001001,4,143.30700000000002,NaN,NA,NA,
40,01001001,5,143.50900000000001,NaN,NA,13225.bmp,A257.bmp,
40,01001001,6,144.51,NaN,NA,NA,
40,01001001,7,145.353,0.842,-1,1,
40,10100001,2,145.371,NaN,NA,NA,
41,10100001,3,145.371,NaN,NA,NA,
41,10100001,4,146.373,NaN,NA,NA,
41,10100001,5,146.574,NaN,NA,25621.bmp,A65.bmp,
41,10100001,6,147.07500000000002,NaN,NA,NA,
41,10100001,7,147.939,0.862,-1,1,
41,10111001,2,147.957,NaN,NA,NA,
42,10111001,3,147.957,NaN,NA,NA,
42,10111001,4,148.962,NaN,NA,NA,
42,10111001,5,149.166,NaN,NA,25480.bmp,A57.bmp,
42,10111001,6,150.169,NaN,NA,NA,
42,10111001,7,150.803,0.633,1,1,
42,10100011,2,150.821,NaN,NA,NA,
43,10100011,3,150.821,NaN,NA,NA,
43,10100011,4,151.823,NaN,NA,NA,
43,10100011,5,152.026,NaN,NA,25410.bmp,A51.bmp,
43,10100011,6,152.532,NaN,NA,NA,
43,10100011,7,153.126,0.592,-1,1,
43,01111001,2,153.143,NaN,NA,NA,
44,01111001,3,153.143,NaN,NA,NA,
44,01111001,4,154.145,NaN,NA,NA,
44,01111001,5,154.348,NaN,NA,19183.bmp,A309.bmp,
44,01111001,6,155.349,NaN,NA,NA,
44,01111001,7,155.927,0.577,1,1,
44,01000000,2,155.94400000000002,NaN,NA,NA,
45,01000000,3,155.94400000000002,NaN,NA,NA,
45,01000000,4,156.946,NaN,NA,NA,
45,01000000,5,157.147,NaN,NA,130051.bmp,A237.bmp,
45,01000000,6,157.651,NaN,NA,NA,
45,01000000,7,158.171,0.518,-1,1,
45,01110011,2,158.19,NaN,NA,NA,
46,01110011,3,158.19,NaN,NA,NA,
46,01110011,4,159.195,NaN,NA,NA,
46,01110011,5,159.399,NaN,NA,19185.bmp,A31.bmp,
46,01110011,6,159.90200000000002,NaN,NA,NA,
46,01110011,7,160.588,0.685,1,1,
46,10000010,2,160.607,NaN,NA,NA,
47,10000010,3,160.607,NaN,NA,NA,
47,10000010,4,161.612,NaN,NA,NA,
47,10000010,5,161.815,NaN,NA,22050.bmp,A359.bmp,
47,10000010,6,162.316,NaN,NA,NA,
47,10000010,7,162.997,0.68,-1,1,
47,00111001,2,163.01500000000001,NaN,NA,NA,
48,00111001,3,163.01500000000001,NaN,NA,NA,
48,00111001,4,164.019,NaN,NA,NA,
48,00111001,5,164.222,NaN,NA,02220.bmp,A11.bmp,
48,00111001,6,165.223,NaN,NA,NA,
48,00111001,7,166.135,0.91,1,1,
48,01100100,2,166.15200000000002,NaN,NA,NA,
49,01100100,3,166.15200000000002,NaN,NA,NA,
49,01100100,4,167.155,NaN,NA,NA,
49,01100100,5,167.359,NaN,NA,13181.bmp,A249.bmp,
49,01100100,6,167.863,NaN,NA,NA,
49,01100100,7,168.836,0.971,-1,1,
49,00011000,2,168.854,NaN,NA,NA,
50,00011000,3,168.854,NaN,NA,NA,
50,00011000,4,169.859,NaN,NA,NA,
50,00011000,5,170.061,NaN,NA,07175.bmp,A191.bmp,
50,00011000,6,171.06300000000002,NaN,NA,NA,
50,00011000,7,171.62800000000001,0.562,1,1,
50,10001110,2,171.644,NaN,NA,NA,
51,10001110,3,171.644,NaN,NA,NA,
51,10001110,4,172.648,NaN,NA,NA,
51,10001110,5,172.85,NaN,NA,22057.bmp,A363.bmp,
51,10001110,6,173.853,NaN,NA,NA,
51,10001110,7,174.595,0.741,-1,1,
51,10101101,2,174.612,NaN,NA,NA,
52,10101101,3,174.612,NaN,NA,NA,
52,10101101,4,175.613,NaN,NA,NA,
52,10101101,5,175.816,NaN,NA,25611.bmp,A63.bmp,
52,10101101,6,176.81900000000002,NaN,NA,NA,
52,10101101,7,177.596,0.776,-1,1,
52,01001010,2,177.615,NaN,NA,NA,
53,01001010,3,177.615,NaN,NA,NA,
53,01001010,4,178.618,NaN,NA,NA,
53,01001010,5,178.823,NaN,NA,19185.bmp,A31.bmp,
53,01001010,6,179.827,NaN,NA,NA,
53,01001010,7,181.299,1.471,-1,2,
53,01001010,8,181.299,NaN,NA,NA,
53,01110010,2,184.324,NaN,NA,NA,
54,01110010,3,184.324,NaN,NA,NA,
54,01110010,4,185.32500000000002,NaN,NA,NA,
54,01110010,5,185.52700000000002,NaN,NA,16313.bmp,A283.bmp,
54,01110010,6,186.029,NaN,NA,NA,
54,01110010,7,186.846,0.8160000000000001,1,1,
54,00001110,2,186.864,NaN,NA,NA,
55,00001110,3,186.864,NaN,NA,NA,
55,00001110,4,187.867,NaN,NA,NA,
55,00001110,5,188.073,NaN,NA,07050.bmp,A183.bmp,
55,00001110,6,189.07500000000002,NaN,NA,NA,
55,00001110,7,189.674,0.598,-1,1,
55,00101011,2,189.693,NaN,NA,NA,
56,00101011,3,189.693,NaN,NA,NA,
56,00101011,4,190.69400000000002,NaN,NA,NA,
56,00101011,5,190.899,NaN,NA,07059.bmp,A187.bmp,
56,00101011,6,191.901,NaN,NA,NA,
56,00101011,7,192.609,0.707,-1,1,
56,10110011,2,192.627,NaN,NA,NA,
57,10110011,3,192.627,NaN,NA,NA,
57,10110011,4,193.62800000000001,NaN,NA,NA,
57,10110011,5,193.83,NaN,NA,27270.bmp,A77.bmp,
57,10110011,6,194.33,NaN,NA,NA,
57,10110011,7,194.886,0.554,1,1,
57,00111110,2,194.904,NaN,NA,NA,
58,00111110,3,194.904,NaN,NA,NA,
58,00111110,4,195.905,NaN,NA,NA,
58,00111110,5,196.11,NaN,NA,01935.bmp,A103.bmp,
58,00111110,6,197.116,NaN,NA,NA,
58,00111110,7,197.71800000000002,0.601,1,1,
58,10011101,2,197.736,NaN,NA,NA,
59,10011101,3,197.736,NaN,NA,NA,
59,10011101,4,198.737,NaN,NA,NA,
59,10011101,5,198.94,NaN,NA,25460.bmp,A55.bmp,
59,10011101,6,199.945,NaN,NA,NA,
59,10011101,7,200.691,0.744,1,1,
59,10101101,2,200.709,NaN,NA,NA,
60,10101101,3,200.709,NaN,NA,NA,
60,10101101,4,201.713,NaN,NA,NA,
60,10101101,5,201.916,NaN,NA,21450.bmp,A335.bmp,
60,10101101,6,202.92000000000002,NaN,NA,NA,
60,10101101,7,203.591,0.669,-1,1,
60,10000010,2,203.608,NaN,NA,NA,
61,10000010,3,203.608,NaN,NA,NA,
61,10000010,4,204.609,NaN,NA,NA,
61,10000010,5,204.811,NaN,NA,21410.bmp,A331.bmp,
61,10000010,6,205.316,NaN,NA,NA,
61,10000010,7,205.904,0.587,-1,1,
61,01011011,2,205.923,NaN,NA,NA,
62,01011011,3,205.923,NaN,NA,NA,
62,01011011,4,206.92600000000002,NaN,NA,NA,
62,01011011,5,207.13,NaN,NA,12095.bmp,A217.bmp,
62,01011011,6,208.132,NaN,NA,NA,
62,01011011,7,208.897,0.764,1,1,
62,10000010,2,208.915,NaN,NA,NA,
63,10000010,3,208.915,NaN,NA,NA,
63,10000010,4,209.916,NaN,NA,NA,
63,10000010,5,210.12,NaN,NA,22442.bmp,A381.bmp,
63,10000010,6,210.623,NaN,NA,NA,
63,10000010,7,211.264,0.64,-1,1,
63,10111001,2,211.282,NaN,NA,NA,
64,10111001,3,211.282,NaN,NA,NA,
64,10111001,4,212.287,NaN,NA,NA,
64,10111001,5,212.492,NaN,NA,27350.bmp,A83.bmp,
64,10111001,6,213.497,NaN,NA,NA,
64,10111001,7,214.145,0.647,1,1,
64,00010000,9,214.149,NaN,NA,NA,
64,00010000,9,214.149,207.911,0,NA,
64,00010000,2,422.069,NaN,NA,NA,
65,00010000,3,422.069,NaN,NA,NA,
65,00010000,4,423.07300000000004,NaN,NA,NA,
65,00010000,5,423.277,NaN,NA,02381.bmp,A113.bmp,
65,00010000,6,423.782,NaN,NA,NA,
65,00010000,7,425.09000000000003,1.307,1,1,
65,10011011,2,425.109,NaN,NA,NA,
66,10011011,3,425.109,NaN,NA,NA,
66,10011011,4,426.115,NaN,NA,NA,
66,10011011,5,426.31600000000003,NaN,NA,27510.bmp,A89.bmp,
66,10011011,6,427.31600000000003,NaN,NA,NA,
66,10011011,7,427.993,0.675,1,2,
66,10011011,8,427.993,NaN,NA,NA,
66,01100100,2,431.02,NaN,NA,NA,
67,01100100,3,431.02,NaN,NA,NA,
67,01100100,4,432.023,NaN,NA,NA,
67,01100100,5,432.229,NaN,NA,13195.bmp,A251.bmp,
67,01100100,6,432.73,NaN,NA,NA,
67,01100100,7,433.403,0.672,-1,1,
67,01011101,2,433.421,NaN,NA,NA,
68,01011101,3,433.421,NaN,NA,NA,
68,01011101,4,434.42400000000004,NaN,NA,NA,
68,01011101,5,434.627,NaN,NA,16350.bmp,A285.bmp,
68,01011101,6,435.628,NaN,NA,NA,
68,01011101,7,436.17900000000003,0.55,1,1,
68,10011000,2,436.197,NaN,NA,NA,
69,10011000,3,436.197,NaN,NA,NA,
69,10011000,4,437.2,NaN,NA,NA,
69,10011000,5,437.401,NaN,NA,21450.bmp,A335.bmp,
69,10011000,6,438.401,NaN,NA,NA,
69,10011000,7,438.983,0.581,1,1,
69,10010011,2,439.00100000000003,NaN,NA,NA,
70,10010011,3,439.00100000000003,NaN,NA,NA,
70,10010011,4,440.002,NaN,NA,NA,
70,10010011,5,440.204,NaN,NA,27200.bmp,A73.bmp,
70,10010011,6,440.708,NaN,NA,NA,
70,10010011,7,442.016,1.306,1,1,
70,01110011,2,442.034,NaN,NA,NA,
71,01110011,3,442.034,NaN,NA,NA,
71,01110011,4,443.034,NaN,NA,NA,
71,01110011,5,443.235,NaN,NA,13350.bmp,A263.bmp,
71,01110011,6,443.738,NaN,NA,NA,
71,01110011,7,444.34000000000003,0.601,1,1,
71,00001001,2,444.358,NaN,NA,NA,
72,00001001,3,444.358,NaN,NA,NA,
72,00001001,4,445.362,NaN,NA,NA,
72,00001001,5,445.563,NaN,NA,02397.bmp,A115.bmp,
72,00001001,6,446.568,NaN,NA,NA,
72,00001001,7,447.064,0.494,-1,1,
72,10101011,2,447.082,NaN,NA,NA,
73,10101011,3,447.082,NaN,NA,NA,
73,10101011,4,448.084,NaN,NA,NA,
73,10101011,5,448.29,NaN,NA,28250.bmp,A99.bmp,
73,10101011,6,449.295,NaN,NA,NA,
73,10101011,7,449.896,0.6,-1,1,
73,10011100,2,449.914,NaN,NA,NA,
74,10011100,3,449.914,NaN,NA,NA,
74,10011100,4,450.915,NaN,NA,NA,
74,10011100,5,451.12,NaN,NA,220552.bmp,A361.bmp,
74,10011100,6,452.124,NaN,NA,NA,
74,10011100,7,452.685,0.56,1,1,
74,10010001,2,452.702,NaN,NA,NA,
75,10010001,3,452.702,NaN,NA,NA,
75,10010001,4,453.70300000000003,NaN,NA,NA,
75,10010001,5,453.904,NaN,NA,27350.bmp,A83.bmp,
75,10010001,6,454.408,NaN,NA,NA,
75,10010001,7,454.95300000000003,0.544,1,1,
75,00101110,2,454.97200000000004,NaN,NA,NA,
76,00101110,3,454.97200000000004,NaN,NA,NA,
76,00101110,4,455.974,NaN,NA,NA,
76,00101110,5,456.175,NaN,NA,07010.bmp,A167.bmp,
76,00101110,6,457.178,NaN,NA,NA,
76,00101110,7,457.854,0.674,-1,1,
76,01100100,2,457.872,NaN,NA,NA,
77,01100100,3,457.872,NaN,NA,NA,
77,01100100,4,458.877,NaN,NA,NA,
77,01100100,5,459.081,NaN,NA,19295.bmp,A311.bmp,
77,01100100,6,459.587,NaN,NA,NA,
77,01100100,7,460.232,0.644,-1,1,
77,10111110,2,460.249,NaN,NA,NA,
78,10111110,3,460.249,NaN,NA,NA,
78,10111110,4,461.255,NaN,NA,NA,
78,10111110,5,461.457,NaN,NA,22222.bmp,A37.bmp,
78,10111110,6,462.459,NaN,NA,NA,
78,10111110,7,463.086,0.626,1,1,
78,01111000,2,463.104,NaN,NA,NA,
79,01111000,3,463.104,NaN,NA,NA,
79,01111000,4,464.106,NaN,NA,NA,
79,01111000,5,464.312,NaN,NA,162501.bmp,A275.bmp,
79,01111000,6,465.312,NaN,NA,NA,
79,01111000,7,466.125,0.812,1,1,
79,01100110,2,466.144,NaN,NA,NA,
80,01100110,3,466.144,NaN,NA,NA,
80,01100110,4,467.146,NaN,NA,NA,
80,01100110,5,467.351,NaN,NA,19300.bmp,A313.bmp,
80,01100110,6,467.856,NaN,NA,NA,
80,01100110,7,468.553,0.6960000000000001,-1,1,
80,00101111,2,468.57,NaN,NA,NA,
81,00101111,3,468.57,NaN,NA,NA,
81,00101111,4,469.572,NaN,NA,NA,
81,00101111,5,469.777,NaN,NA,07547.bmp,A207.bmp,
81,00101111,6,470.778,NaN,NA,NA,
81,00101111,7,472.69800000000004,1.9180000000000001,-1,1,
81,10000001,2,472.716,NaN,NA,NA,
82,10000001,3,472.716,NaN,NA,NA,
82,10000001,4,473.716,NaN,NA,NA,
82,10000001,5,473.91700000000003,NaN,NA,21660.bmp,A345.bmp,
82,10000001,6,474.418,NaN,NA,NA,
82,10000001,7,476.854,2.434,-1,1,
82,00110010,2,476.872,NaN,NA,NA,
83,00110010,3,476.872,NaN,NA,NA,
83,00110010,4,477.875,NaN,NA,NA,
83,00110010,5,478.07800000000003,NaN,NA,07830.bmp,A209.bmp,
83,00110010,6,478.581,NaN,NA,NA,
83,00110010,7,479.321,0.739,1,1,
83,10110000,2,479.338,NaN,NA,NA,
84,10110000,3,479.338,NaN,NA,NA,
84,10110000,4,480.341,NaN,NA,NA,
84,10110000,5,480.545,NaN,NA,22092.bmp,A367.bmp,
84,10110000,6,481.048,NaN,NA,NA,
84,10110000,7,482.009,0.9590000000000001,1,1,
84,01100111,2,482.027,NaN,NA,NA,
85,01100111,3,482.027,NaN,NA,NA,
85,01100111,4,483.031,NaN,NA,NA,
85,01100111,5,483.233,NaN,NA,19183.bmp,A309.bmp,
85,01100111,6,483.738,NaN,NA,NA,
85,01100111,7,484.59000000000003,0.85,-1,1,
85,10010101,2,484.608,NaN,NA,NA,
86,10010101,3,484.608,NaN,NA,NA,
86,10010101,4,485.61,NaN,NA,NA,
86,10010101,5,485.813,NaN,NA,25250.bmp,A47.bmp,
86,10010101,6,486.314,NaN,NA,NA,
86,10010101,7,486.938,0.623,1,1,
86,10111110,2,486.956,NaN,NA,NA,
87,10111110,3,486.956,NaN,NA,NA,
87,10111110,4,487.958,NaN,NA,NA,
87,10111110,5,488.16200000000003,NaN,NA,25621.bmp,A65.bmp,
87,10111110,6,489.166,NaN,NA,NA,
87,10111110,7,489.73400000000004,0.5660000000000001,1,1,
87,01110010,2,489.752,NaN,NA,NA,
88,01110010,3,489.752,NaN,NA,NA,
88,01110010,4,490.753,NaN,NA,NA,
88,01110010,5,490.958,NaN,NA,13195.bmp,A251.bmp,
88,01110010,6,491.458,NaN,NA,NA,
88,01110010,7,492.41,0.9510000000000001,1,1,
88,00110101,2,492.42900000000003,NaN,NA,NA,
89,00110101,3,492.42900000000003,NaN,NA,NA,
89,00110101,4,493.43,NaN,NA,NA,
89,00110101,5,493.635,NaN,NA,08160.bmp,A21.bmp,
89,00110101,6,494.136,NaN,NA,NA,
89,00110101,7,495.406,1.2690000000000001,1,2,
89,00110101,8,495.406,NaN,NA,NA,
89,01110110,2,498.432,NaN,NA,NA,
90,01110110,3,498.432,NaN,NA,NA,
90,01110110,4,499.433,NaN,NA,NA,
90,01110110,5,499.634,NaN,NA,16313.bmp,A283.bmp,
90,01110110,6,500.136,NaN,NA,NA,
90,01110110,7,500.66700000000003,0.53,1,1,
90,01111000,2,500.685,NaN,NA,NA,
91,01111000,3,500.685,NaN,NA,NA,
91,01111000,4,501.689,NaN,NA,NA,
91,01111000,5,501.89300000000003,NaN,NA,19185.bmp,A31.bmp,
91,01111000,6,502.894,NaN,NA,NA,
91,01111000,7,503.473,0.577,1,1,
91,10011011,2,503.491,NaN,NA,NA,
92,10011011,3,503.491,NaN,NA,NA,
92,10011011,4,504.495,NaN,NA,NA,
92,10011011,5,504.699,NaN,NA,22222.bmp,A37.bmp,
92,10011011,6,505.702,NaN,NA,NA,
92,10011011,7,506.469,0.764,1,1,
92,01111110,2,506.486,NaN,NA,NA,
93,01111110,3,506.486,NaN,NA,NA,
93,01111110,4,507.48900000000003,NaN,NA,NA,
93,01111110,5,507.693,NaN,NA,12703.bmp,A229.bmp,
93,01111110,6,508.694,NaN,NA,NA,
93,01111110,7,509.35,0.655,1,1,
93,00100110,2,509.369,NaN,NA,NA,
94,00100110,3,509.369,NaN,NA,NA,
94,00100110,4,510.369,NaN,NA,NA,
94,00100110,5,510.571,NaN,NA,08160.bmp,A21.bmp,
94,00100110,6,511.077,NaN,NA,NA,
94,00100110,7,511.572,0.494,-1,1,
94,00001010,2,511.588,NaN,NA,NA,
95,00001010,3,511.588,NaN,NA,NA,
95,00001010,4,512.589,NaN,NA,NA,
95,00001010,5,512.792,NaN,NA,08160.bmp,A21.bmp,
95,00001010,6,513.796,NaN,NA,NA,
95,00001010,7,514.275,0.47800000000000004,-1,1,
95,01011101,2,514.293,NaN,NA,NA,
96,01011101,3,514.293,NaN,NA,NA,
96,01011101,4,515.293,NaN,NA,NA,
96,01011101,5,515.495,NaN,NA,19911.bmp,A329.bmp,
96,01011101,6,516.496,NaN,NA,NA,
96,01011101,7,517.214,0.716,1,1,
96,01110101,2,517.231,NaN,NA,NA,
97,01110101,3,517.231,NaN,NA,NA,
97,01110101,4,518.234,NaN,NA,NA,
97,01110101,5,518.437,NaN,NA,13103.bmp,A245.bmp,
97,01110101,6,518.94,NaN,NA,NA,
97,01110101,7,519.924,0.983,1,1,
97,10100001,2,519.942,NaN,NA,NA,
98,10100001,3,519.942,NaN,NA,NA,
98,10100001,4,520.945,NaN,NA,NA,
98,10100001,5,521.149,NaN,NA,22091.bmp,A365.bmp,
98,10100001,6,521.654,NaN,NA,NA,
98,10100001,7,522.595,0.9400000000000001,-1,2,
98,10100001,8,522.595,NaN,NA,NA,
98,10010100,2,525.622,NaN,NA,NA,
99,10010100,3,525.622,NaN,NA,NA,
99,10010100,4,526.6270000000001,NaN,NA,NA,
99,10010100,5,526.828,NaN,NA,22387.bmp,A377.bmp,
99,10010100,6,527.33,NaN,NA,NA,
99,10010100,7,527.796,0.465,1,1,
99,00001000,2,527.815,NaN,NA,NA,
100,00001000,3,527.815,NaN,NA,NA,
100,00001000,4,528.816,NaN,NA,NA,
100,00001000,5,529.022,NaN,NA,07050.bmp,A183.bmp,
100,00001000,6,530.025,NaN,NA,NA,
100,00001000,7,530.595,0.5690000000000001,-1,1,
100,00000100,2,530.613,NaN,NA,NA,
101,00000100,3,530.613,NaN,NA,NA,
101,00000100,4,531.614,NaN,NA,NA,
101,00000100,5,531.816,NaN,NA,01616.bmp,A1.bmp,
101,00000100,6,532.321,NaN,NA,NA,
101,00000100,7,532.892,0.5690000000000001,-1,1,
101,10011101,2,532.909,NaN,NA,NA,
102,10011101,3,532.909,NaN,NA,NA,
102,10011101,4,533.91,NaN,NA,NA,
102,10011101,5,534.111,NaN,NA,25201.bmp,A43.bmp,
102,10011101,6,535.113,NaN,NA,NA,
102,10011101,7,535.57,0.455,1,2,
102,10011101,8,535.57,NaN,NA,NA,
102,00010001,2,538.595,NaN,NA,NA,
103,00010001,3,538.595,NaN,NA,NA,
103,00010001,4,539.596,NaN,NA,NA,
103,00010001,5,539.8,NaN,NA,05534.bmp,A149.bmp,
103,00010001,6,540.3,NaN,NA,NA,
103,00010001,7,541.013,0.712,1,1,
103,10111111,2,541.0310000000001,NaN,NA,NA,
104,10111111,3,541.0310000000001,NaN,NA,NA,
104,10111111,4,542.034,NaN,NA,NA,
104,10111111,5,542.237,NaN,NA,28170.bmp,A93.bmp,
104,10111111,6,543.239,NaN,NA,NA,
104,10111111,7,543.881,0.641,1,1,
104,01100111,2,543.898,NaN,NA,NA,
105,01100111,3,543.898,NaN,NA,NA,
105,01100111,4,544.9,NaN,NA,NA,
105,01100111,5,545.1,NaN,NA,19301.bmp,A315.bmp,
105,01100111,6,545.604,NaN,NA,NA,
105,01100111,7,546.34,0.735,-1,1,
105,00000010,2,546.3580000000001,NaN,NA,NA,
106,00000010,3,546.3580000000001,NaN,NA,NA,
106,00000010,4,547.359,NaN,NA,NA,
106,00000010,5,547.559,NaN,NA,02840.bmp,A137.bmp,
106,00000010,6,548.063,NaN,NA,NA,
106,00000010,7,548.957,0.893,-1,2,
106,00000010,8,548.957,NaN,NA,NA,
106,00001100,2,551.982,NaN,NA,NA,
107,00001100,3,551.982,NaN,NA,NA,
107,00001100,4,552.987,NaN,NA,NA,
107,00001100,5,553.189,NaN,NA,07187.bmp,A195.bmp,
107,00001100,6,554.19,NaN,NA,NA,
107,00001100,7,554.868,0.676,-1,1,
107,01101100,2,554.886,NaN,NA,NA,
108,01101100,3,554.886,NaN,NA,NA,
108,01101100,4,555.889,NaN,NA,NA,
108,01101100,5,556.095,NaN,NA,17380.bmp,A301.bmp,
108,01101100,6,557.098,NaN,NA,NA,
108,01101100,7,557.808,0.707,-1,1,
108,01110110,2,557.825,NaN,NA,NA,
109,01110110,3,557.825,NaN,NA,NA,
109,01110110,4,558.8290000000001,NaN,NA,NA,
109,01110110,5,559.035,NaN,NA,13150.bmp,A247.bmp,
109,01110110,6,559.5360000000001,NaN,NA,NA,
109,01110110,7,560.326,0.789,1,1,
109,10010001,2,560.344,NaN,NA,NA,
110,10010001,3,560.344,NaN,NA,NA,
110,10010001,4,561.349,NaN,NA,NA,
110,10010001,5,561.553,NaN,NA,21600.bmp,A339.bmp,
110,10010001,6,562.057,NaN,NA,NA,
110,10010001,7,562.667,0.608,1,1,
110,10011101,2,562.6850000000001,NaN,NA,NA,
111,10011101,3,562.6850000000001,NaN,NA,NA,
111,10011101,4,563.691,NaN,NA,NA,
111,10011101,5,563.891,NaN,NA,22209.bmp,A369.bmp,
111,10011101,6,564.896,NaN,NA,NA,
111,10011101,7,565.544,0.647,1,1,
111,01001000,2,565.563,NaN,NA,NA,
112,01001000,3,565.563,NaN,NA,NA,
112,01001000,4,566.564,NaN,NA,NA,
112,01001000,5,566.767,NaN,NA,16350.bmp,A285.bmp,
112,01001000,6,567.769,NaN,NA,NA,
112,01001000,7,568.309,0.538,-1,1,
112,01101000,2,568.328,NaN,NA,NA,
113,01101000,3,568.328,NaN,NA,NA,
113,01101000,4,569.3290000000001,NaN,NA,NA,
113,01101000,5,569.532,NaN,NA,135501.bmp,A269.bmp,
113,01101000,6,570.537,NaN,NA,NA,
113,01101000,7,571.174,0.635,-1,2,
113,01101000,8,571.174,NaN,NA,NA,
113,01010101,2,574.198,NaN,NA,NA,
114,01010101,3,574.198,NaN,NA,NA,
114,01010101,4,575.202,NaN,NA,NA,
114,01010101,5,575.4060000000001,NaN,NA,13001.bmp,A235.bmp,
114,01010101,6,575.907,NaN,NA,NA,
114,01010101,7,577.1510000000001,1.243,1,1,
114,00010101,2,577.17,NaN,NA,NA,
115,00010101,3,577.17,NaN,NA,NA,
115,00010101,4,578.171,NaN,NA,NA,
115,00010101,5,578.374,NaN,NA,01935.bmp,A103.bmp,
115,00010101,6,578.879,NaN,NA,NA,
115,00010101,7,580.423,1.543,1,1,
115,10111110,2,580.441,NaN,NA,NA,
116,10111110,3,580.441,NaN,NA,NA,
116,10111110,4,581.444,NaN,NA,NA,
116,10111110,5,581.649,NaN,NA,25593.bmp,A61.bmp,
116,10111110,6,582.655,NaN,NA,NA,
116,10111110,7,583.458,0.801,1,1,
116,00111011,2,583.476,NaN,NA,NA,
117,00111011,3,583.476,NaN,NA,NA,
117,00111011,4,584.479,NaN,NA,NA,
117,00111011,5,584.682,NaN,NA,02595.bmp,A129.bmp,
117,00111011,6,585.683,NaN,NA,NA,
117,00111011,7,586.6370000000001,0.9530000000000001,1,1,
117,01001111,2,586.6560000000001,NaN,NA,NA,
118,01001111,3,586.6560000000001,NaN,NA,NA,
118,01001111,4,587.6610000000001,NaN,NA,NA,
118,01001111,5,587.865,NaN,NA,19300.bmp,A313.bmp,
118,01001111,6,588.866,NaN,NA,NA,
118,01001111,7,589.54,0.673,-1,2,
118,01001111,8,589.54,NaN,NA,NA,
118,01111011,2,592.566,NaN,NA,NA,
119,01111011,3,592.566,NaN,NA,NA,
119,01111011,4,593.568,NaN,NA,NA,
119,01111011,5,593.768,NaN,NA,16360.bmp,A287.bmp,
119,01111011,6,594.772,NaN,NA,NA,
119,01111011,7,595.367,0.594,1,1,
119,00101100,2,595.384,NaN,NA,NA,
120,00101100,3,595.384,NaN,NA,NA,
120,00101100,4,596.388,NaN,NA,NA,
120,00101100,5,596.589,NaN,NA,02495.bmp,A123.bmp,
120,00101100,6,597.593,NaN,NA,NA,
120,00101100,7,598.2570000000001,0.663,-1,1,
120,01001100,2,598.2760000000001,NaN,NA,NA,
121,01001100,3,598.2760000000001,NaN,NA,NA,
121,01001100,4,599.279,NaN,NA,NA,
121,01001100,5,599.482,NaN,NA,13225.bmp,A257.bmp,
121,01001100,6,600.486,NaN,NA,NA,
121,01001100,7,601.016,0.528,-1,1,
121,00010111,2,601.034,NaN,NA,NA,
122,00010111,3,601.034,NaN,NA,NA,
122,00010111,4,602.038,NaN,NA,NA,
122,00010111,5,602.244,NaN,NA,07045.bmp,A181.bmp,
122,00010111,6,602.747,NaN,NA,NA,
122,00010111,7,603.375,0.627,1,2,
122,00010111,8,603.375,NaN,NA,NA,
122,01100101,2,606.404,NaN,NA,NA,
123,01100101,3,606.404,NaN,NA,NA,
123,01100101,4,607.405,NaN,NA,NA,
123,01100101,5,607.606,NaN,NA,129001.bmp,A233.bmp,
123,01100101,6,608.109,NaN,NA,NA,
123,01100101,7,608.845,0.735,-1,1,
123,01111000,2,608.864,NaN,NA,NA,
124,01111000,3,608.864,NaN,NA,NA,
124,01111000,4,609.866,NaN,NA,NA,
124,01111000,5,610.069,NaN,NA,19405.bmp,A323.bmp,
124,01111000,6,611.07,NaN,NA,NA,
124,01111000,7,611.6800000000001,0.608,1,2,
124,01111000,8,611.6800000000001,NaN,NA,NA,
124,10111000,2,614.703,NaN,NA,NA,
125,10111000,3,614.703,NaN,NA,NA,
125,10111000,4,615.707,NaN,NA,NA,
125,10111000,5,615.912,NaN,NA,21440.bmp,A333.bmp,
125,10111000,6,616.913,NaN,NA,NA,
125,10111000,7,617.775,0.861,1,1,
125,00000000,2,617.792,NaN,NA,NA,
126,00000000,3,617.792,NaN,NA,NA,
126,00000000,4,618.797,NaN,NA,NA,
126,00000000,5,618.998,NaN,NA,07207.bmp,A197.bmp,
126,00000000,6,619.5020000000001,NaN,NA,NA,
126,00000000,7,620.14,0.636,-1,1,
126,10010010,2,620.158,NaN,NA,NA,
127,10010010,3,620.158,NaN,NA,NA,
127,10010010,4,621.1610000000001,NaN,NA,NA,
127,10010010,5,621.365,NaN,NA,25300.bmp,A5.bmp,
127,10010010,6,621.867,NaN,NA,NA,
127,10010010,7,622.576,0.708,1,1,
127,10010011,2,622.595,NaN,NA,NA,
128,10010011,3,622.595,NaN,NA,NA,
128,10010011,4,623.595,NaN,NA,NA,
128,10010011,5,623.797,NaN,NA,21463.bmp,A337.bmp,
128,10010011,6,624.298,NaN,NA,NA,
128,10010011,7,624.948,0.649,1,1,
128,01010011,9,624.952,NaN,NA,NA,
128,01010011,9,624.952,5.283,0,NA,
128,01010011,2,630.25,NaN,NA,NA,
129,01010011,3,630.25,NaN,NA,NA,
129,01010011,4,631.2520000000001,NaN,NA,NA,
129,01010011,5,631.4540000000001,NaN,NA,16313.bmp,A283.bmp,
129,01010011,6,631.9590000000001,NaN,NA,NA,
129,01010011,7,633.0360000000001,1.075,1,2,
129,01010011,8,633.0360000000001,NaN,NA,NA,
129,01111111,2,636.063,NaN,NA,NA,
130,01111111,3,636.063,NaN,NA,NA,
130,01111111,4,637.064,NaN,NA,NA,
130,01111111,5,637.268,NaN,NA,16831.bmp,A299.bmp,
130,01111111,6,638.272,NaN,NA,NA,
130,01111111,7,639.086,0.812,1,1,
130,10110101,2,639.105,NaN,NA,NA,
131,10110101,3,639.105,NaN,NA,NA,
131,10110101,4,640.107,NaN,NA,NA,
131,10110101,5,640.308,NaN,NA,28250.bmp,A99.bmp,
131,10110101,6,640.813,NaN,NA,NA,
131,10110101,7,641.542,0.728,1,1,
131,10101110,2,641.5600000000001,NaN,NA,NA,
132,10101110,3,641.5600000000001,NaN,NA,NA,
132,10101110,4,642.565,NaN,NA,NA,
132,10101110,5,642.769,NaN,NA,25460.bmp,A55.bmp,
132,10101110,6,643.769,NaN,NA,NA,
132,10101110,7,644.716,0.9460000000000001,-1,1,
132,01000000,2,644.734,NaN,NA,NA,
133,01000000,3,644.734,NaN,NA,NA,
133,01000000,4,645.74,NaN,NA,NA,
133,01000000,5,645.945,NaN,NA,12095.bmp,A217.bmp,
133,01000000,6,646.45,NaN,NA,NA,
133,01000000,7,648.082,1.6300000000000001,-1,1,
133,00010111,2,648.101,NaN,NA,NA,
134,00010111,3,648.101,NaN,NA,NA,
134,00010111,4,649.105,NaN,NA,NA,
134,00010111,5,649.3100000000001,NaN,NA,07547.bmp,A207.bmp,
134,00010111,6,649.815,NaN,NA,NA,
134,00010111,7,650.674,0.857,1,1,
134,00110110,2,650.692,NaN,NA,NA,
135,00110110,3,650.692,NaN,NA,NA,
135,00110110,4,651.696,NaN,NA,NA,
135,00110110,5,651.9,NaN,NA,02512.bmp,A125.bmp,
135,00110110,6,652.4010000000001,NaN,NA,NA,
135,00110110,7,653.212,0.81,1,1,
135,01010100,2,653.231,NaN,NA,NA,
136,01010100,3,653.231,NaN,NA,NA,
136,01010100,4,654.237,NaN,NA,NA,
136,01010100,5,654.438,NaN,NA,12053.bmp,A215.bmp,
136,01010100,6,654.941,NaN,NA,NA,
136,01010100,7,655.568,0.626,1,1,
136,10101111,2,655.587,NaN,NA,NA,
137,10101111,3,655.587,NaN,NA,NA,
137,10101111,4,656.587,NaN,NA,NA,
137,10101111,5,656.788,NaN,NA,25450.bmp,A53.bmp,
137,10101111,6,657.793,NaN,NA,NA,
137,10101111,7,658.488,0.6930000000000001,-1,1,
137,01100101,2,658.506,NaN,NA,NA,
138,01100101,3,658.506,NaN,NA,NA,
138,01100101,4,659.508,NaN,NA,NA,
138,01100101,5,659.7090000000001,NaN,NA,16360.bmp,A287.bmp,
138,01100101,6,660.2090000000001,NaN,NA,NA,
138,01100101,7,660.962,0.75,-1,1,
138,10011101,2,660.979,NaN,NA,NA,
139,10011101,3,660.979,NaN,NA,NA,
139,10011101,4,661.982,NaN,NA,NA,
139,10011101,5,662.1850000000001,NaN,NA,21440.bmp,A333.bmp,
139,10011101,6,663.186,NaN,NA,NA,
139,10011101,7,663.97,0.782,1,1,
139,01111111,2,663.988,NaN,NA,NA,
140,01111111,3,663.988,NaN,NA,NA,
140,01111111,4,664.99,NaN,NA,NA,
140,01111111,5,665.19,NaN,NA,16415.bmp,A289.bmp,
140,01111111,6,666.193,NaN,NA,NA,
140,01111111,7,666.819,0.625,1,2,
140,01111111,8,666.819,NaN,NA,NA,
140,00111101,2,669.842,NaN,NA,NA,
141,00111101,3,669.842,NaN,NA,NA,
141,00111101,4,670.843,NaN,NA,NA,
141,00111101,5,671.048,NaN,NA,02493.bmp,A121.bmp,
141,00111101,6,672.049,NaN,NA,NA,
141,00111101,7,673.085,1.035,1,1,
141,01001010,2,673.104,NaN,NA,NA,
142,01001010,3,673.104,NaN,NA,NA,
142,01001010,4,674.105,NaN,NA,NA,
142,01001010,5,674.306,NaN,NA,19140.bmp,A307.bmp,
142,01001010,6,675.311,NaN,NA,NA,
142,01001010,7,675.917,0.604,-1,2,
142,01001010,8,675.917,NaN,NA,NA,
142,01100010,2,678.945,NaN,NA,NA,
143,01100010,3,678.945,NaN,NA,NA,
143,01100010,4,679.946,NaN,NA,NA,
143,01100010,5,680.149,NaN,NA,13103.bmp,A245.bmp,
143,01100010,6,680.653,NaN,NA,NA,
143,01100010,7,681.253,0.599,-1,1,
143,00010111,2,681.272,NaN,NA,NA,
144,00010111,3,681.272,NaN,NA,NA,
144,00010111,4,682.2760000000001,NaN,NA,NA,
144,00010111,5,682.4780000000001,NaN,NA,02211.bmp,A107.bmp,
144,00010111,6,682.979,NaN,NA,NA,
144,00010111,7,683.545,0.5640000000000001,1,1,
144,01010100,2,683.562,NaN,NA,NA,
145,01010100,3,683.562,NaN,NA,NA,
145,01010100,4,684.566,NaN,NA,NA,
145,01010100,5,684.767,NaN,NA,16350.bmp,A285.bmp,
145,01010100,6,685.269,NaN,NA,NA,
145,01010100,7,685.8530000000001,0.582,1,1,
145,01000110,2,685.87,NaN,NA,NA,
146,01000110,3,685.87,NaN,NA,NA,
146,01000110,4,686.874,NaN,NA,NA,
146,01000110,5,687.077,NaN,NA,16821.bmp,A297.bmp,
146,01000110,6,687.58,NaN,NA,NA,
146,01000110,7,688.394,0.812,-1,1,
146,10001111,2,688.412,NaN,NA,NA,
147,10001111,3,688.412,NaN,NA,NA,
147,10001111,4,689.412,NaN,NA,NA,
147,10001111,5,689.613,NaN,NA,21410.bmp,A331.bmp,
147,10001111,6,690.618,NaN,NA,NA,
147,10001111,7,691.42,0.801,-1,2,
147,10001111,8,691.42,NaN,NA,NA,
147,00010110,2,694.444,NaN,NA,NA,
148,00010110,3,694.444,NaN,NA,NA,
148,00010110,4,695.445,NaN,NA,NA,
148,00010110,5,695.649,NaN,NA,02397.bmp,A115.bmp,
148,00010110,6,696.153,NaN,NA,NA,
148,00010110,7,696.807,0.652,1,1,
148,01011001,2,696.8240000000001,NaN,NA,NA,
149,01011001,3,696.8240000000001,NaN,NA,NA,
149,01011001,4,697.826,NaN,NA,NA,
149,01011001,5,698.029,NaN,NA,16242.bmp,A273.bmp,
149,01011001,6,699.03,NaN,NA,NA,
149,01011001,7,699.495,0.464,1,1,
149,01101011,2,699.5120000000001,NaN,NA,NA,
150,01101011,3,699.5120000000001,NaN,NA,NA,
150,01101011,4,700.513,NaN,NA,NA,
150,01101011,5,700.715,NaN,NA,13191.bmp,A25.bmp,
150,01101011,6,701.721,NaN,NA,NA,
150,01101011,7,702.527,0.805,-1,1,
150,01010101,2,702.546,NaN,NA,NA,
151,01010101,3,702.546,NaN,NA,NA,
151,01010101,4,703.547,NaN,NA,NA,
151,01010101,5,703.751,NaN,NA,12141.bmp,A219.bmp,
151,01010101,6,704.255,NaN,NA,NA,
151,01010101,7,705.134,0.878,1,1,
151,10001111,2,705.152,NaN,NA,NA,
152,10001111,3,705.152,NaN,NA,NA,
152,10001111,4,706.158,NaN,NA,NA,
152,10001111,5,706.362,NaN,NA,22387.bmp,A377.bmp,
152,10001111,6,707.367,NaN,NA,NA,
152,10001111,7,708.259,0.891,-1,1,
152,01001001,2,708.277,NaN,NA,NA,
153,01001001,3,708.277,NaN,NA,NA,
153,01001001,4,709.278,NaN,NA,NA,
153,01001001,5,709.479,NaN,NA,17380.bmp,A301.bmp,
153,01001001,6,710.481,NaN,NA,NA,
153,01001001,7,711.15,0.668,-1,1,
153,01111111,2,711.168,NaN,NA,NA,
154,01111111,3,711.168,NaN,NA,NA,
154,01111111,4,712.172,NaN,NA,NA,
154,01111111,5,712.374,NaN,NA,16360.bmp,A287.bmp,
154,01111111,6,713.378,NaN,NA,NA,
154,01111111,7,714.284,0.905,1,2,
154,01111111,8,714.284,NaN,NA,NA,
154,00001101,2,717.3100000000001,NaN,NA,NA,
155,00001101,3,717.3100000000001,NaN,NA,NA,
155,00001101,4,718.3100000000001,NaN,NA,NA,
155,00001101,5,718.513,NaN,NA,02220.bmp,A11.bmp,
155,00001101,6,719.514,NaN,NA,NA,
155,00001101,7,720.011,0.495,-1,1,
155,10110101,2,720.03,NaN,NA,NA,
156,10110101,3,720.03,NaN,NA,NA,
156,10110101,4,721.0310000000001,NaN,NA,NA,
156,10110101,5,721.232,NaN,NA,22395.bmp,A379.bmp,
156,10110101,6,721.738,NaN,NA,NA,
156,10110101,7,722.439,0.7000000000000001,1,1,
156,00110111,2,722.457,NaN,NA,NA,
157,00110111,3,722.457,NaN,NA,NA,
157,00110111,4,723.4590000000001,NaN,NA,NA,
157,00110111,5,723.665,NaN,NA,07004.bmp,A163.bmp,
157,00110111,6,724.166,NaN,NA,NA,
157,00110111,7,725.037,0.87,1,1,
157,00011101,2,725.0550000000001,NaN,NA,NA,
158,00011101,3,725.0550000000001,NaN,NA,NA,
158,00011101,4,726.0600000000001,NaN,NA,NA,
158,00011101,5,726.2620000000001,NaN,NA,02411.bmp,A117.bmp,
158,00011101,6,727.266,NaN,NA,NA,
158,00011101,7,727.854,0.586,1,1,
158,01001001,2,727.871,NaN,NA,NA,
159,01001001,3,727.871,NaN,NA,NA,
159,01001001,4,728.871,NaN,NA,NA,
159,01001001,5,729.073,NaN,NA,19325.bmp,A319.bmp,
159,01001001,6,730.076,NaN,NA,NA,
159,01001001,7,730.617,0.54,-1,1,
159,01011110,2,730.634,NaN,NA,NA,
160,01011110,3,730.634,NaN,NA,NA,
160,01011110,4,731.636,NaN,NA,NA,
160,01011110,5,731.837,NaN,NA,12799.bmp,A23.bmp,
160,01011110,6,732.84,NaN,NA,NA,
160,01011110,7,733.467,0.626,1,1,
160,01000010,2,733.486,NaN,NA,NA,
161,01000010,3,733.486,NaN,NA,NA,
161,01000010,4,734.486,NaN,NA,NA,
161,01000010,5,734.687,NaN,NA,19320.bmp,A317.bmp,
161,01000010,6,735.193,NaN,NA,NA,
161,01000010,7,735.994,0.8,-1,1,
161,00100010,2,736.011,NaN,NA,NA,
162,00100010,3,736.011,NaN,NA,NA,
162,00100010,4,737.016,NaN,NA,NA,
162,00100010,5,737.22,NaN,NA,07187.bmp,A195.bmp,
162,00100010,6,737.72,NaN,NA,NA,
162,00100010,7,739.003,1.28,-1,1,
162,01100110,2,739.0210000000001,NaN,NA,NA,
163,01100110,3,739.0210000000001,NaN,NA,NA,
163,01100110,4,740.0260000000001,NaN,NA,NA,
163,01100110,5,740.2280000000001,NaN,NA,130051.bmp,A237.bmp,
163,01100110,6,740.732,NaN,NA,NA,
163,01100110,7,741.191,0.458,-1,1,
163,10101001,2,741.21,NaN,NA,NA,
164,10101001,3,741.21,NaN,NA,NA,
164,10101001,4,742.213,NaN,NA,NA,
164,10101001,5,742.414,NaN,NA,25220.bmp,A45.bmp,
164,10101001,6,743.418,NaN,NA,NA,
164,10101001,7,744.063,0.643,-1,1,
164,10100001,2,744.08,NaN,NA,NA,
165,10100001,3,744.08,NaN,NA,NA,
165,10100001,4,745.081,NaN,NA,NA,
165,10100001,5,745.282,NaN,NA,25611.bmp,A63.bmp,
165,10100001,6,745.782,NaN,NA,NA,
165,10100001,7,746.485,0.7020000000000001,-1,1,
165,10110000,2,746.503,NaN,NA,NA,
166,10110000,3,746.503,NaN,NA,NA,
166,10110000,4,747.5070000000001,NaN,NA,NA,
166,10110000,5,747.712,NaN,NA,22442.bmp,A381.bmp,
166,10110000,6,748.213,NaN,NA,NA,
166,10110000,7,749.16,0.9450000000000001,1,1,
166,01111000,2,749.179,NaN,NA,NA,
167,01111000,3,749.179,NaN,NA,NA,
167,01111000,4,750.183,NaN,NA,NA,
167,01111000,5,750.3870000000001,NaN,NA,12703.bmp,A229.bmp,
167,01111000,6,751.39,NaN,NA,NA,
167,01111000,7,752.184,0.792,1,2,
167,01111000,8,752.184,NaN,NA,NA,
167,01101110,2,755.21,NaN,NA,NA,
168,01101110,3,755.21,NaN,NA,NA,
168,01101110,4,756.211,NaN,NA,NA,
168,01101110,5,756.413,NaN,NA,12141.bmp,A219.bmp,
168,01101110,6,757.414,NaN,NA,NA,
168,01101110,7,758.195,0.778,-1,2,
168,01101110,8,758.195,NaN,NA,NA,
168,01110011,2,761.217,NaN,NA,NA,
169,01110011,3,761.217,NaN,NA,NA,
169,01110011,4,762.22,NaN,NA,NA,
169,01110011,5,762.422,NaN,NA,19183.bmp,A309.bmp,
169,01110011,6,762.928,NaN,NA,NA,
169,01110011,7,763.852,0.922,1,1,
169,00001111,2,763.869,NaN,NA,NA,
170,00001111,3,763.869,NaN,NA,NA,
170,00001111,4,764.873,NaN,NA,NA,
170,00001111,5,765.077,NaN,NA,02512.bmp,A125.bmp,
170,00001111,6,766.078,NaN,NA,NA,
170,00001111,7,766.7860000000001,0.706,-1,2,
170,00001111,8,766.7860000000001,NaN,NA,NA,
170,10111111,2,769.808,NaN,NA,NA,
171,10111111,3,769.808,NaN,NA,NA,
171,10111111,4,770.811,NaN,NA,NA,
171,10111111,5,771.0120000000001,NaN,NA,27472.bmp,A85.bmp,
171,10111111,6,772.017,NaN,NA,NA,
171,10111111,7,772.87,0.852,1,1,
171,01011101,2,772.889,NaN,NA,NA,
172,01011101,3,772.889,NaN,NA,NA,
172,01011101,4,773.889,NaN,NA,NA,
172,01011101,5,774.09,NaN,NA,12205.bmp,A221.bmp,
172,01011101,6,775.091,NaN,NA,NA,
172,01011101,7,775.765,0.673,1,2,
172,01011101,8,775.765,NaN,NA,NA,
172,01001000,2,778.791,NaN,NA,NA,
173,01001000,3,778.791,NaN,NA,NA,
173,01001000,4,779.794,NaN,NA,NA,
173,01001000,5,779.995,NaN,NA,19600.bmp,A327.bmp,
173,01001000,6,780.996,NaN,NA,NA,
173,01001000,7,781.361,0.364,-1,1,
173,00101111,2,781.38,NaN,NA,NA,
174,00101111,3,781.381,NaN,NA,NA,
174,00101111,4,782.3820000000001,NaN,NA,NA,
174,00101111,5,782.587,NaN,NA,02038.bmp,A105.bmp,
174,00101111,6,783.588,NaN,NA,NA,
174,00101111,7,784.174,0.585,-1,1,
174,00101100,2,784.193,NaN,NA,NA,
175,00101100,3,784.193,NaN,NA,NA,
175,00101100,4,785.198,NaN,NA,NA,
175,00101100,5,785.403,NaN,NA,01616.bmp,A1.bmp,
175,00101100,6,786.407,NaN,NA,NA,
175,00101100,7,786.905,0.496,-1,2,
175,00101100,8,786.905,NaN,NA,NA,
175,10111011,2,789.929,NaN,NA,NA,
176,10111011,3,789.929,NaN,NA,NA,
176,10111011,4,790.933,NaN,NA,NA,
176,10111011,5,791.134,NaN,NA,25410.bmp,A51.bmp,
176,10111011,6,792.14,NaN,NA,NA,
176,10111011,7,797.218,5.077,1,2,
176,10111011,8,797.218,NaN,NA,NA,
176,01101011,2,800.239,NaN,NA,NA,
177,01101011,3,800.239,NaN,NA,NA,
177,01101011,4,801.241,NaN,NA,NA,
177,01101011,5,801.445,NaN,NA,16821.bmp,A297.bmp,
177,01101011,6,802.445,NaN,NA,NA,
177,01101011,7,802.932,0.485,-1,1,
177,10000111,2,802.95,NaN,NA,NA,
178,10000111,3,802.95,NaN,NA,NA,
178,10000111,4,803.951,NaN,NA,NA,
178,10000111,5,804.154,NaN,NA,25621.bmp,A65.bmp,
178,10000111,6,804.6560000000001,NaN,NA,NA,
178,10000111,7,805.366,0.709,-1,1,
178,01001111,2,805.384,NaN,NA,NA,
179,01001111,3,805.384,NaN,NA,NA,
179,01001111,4,806.389,NaN,NA,NA,
179,01001111,5,806.59,NaN,NA,19325.bmp,A319.bmp,
179,01001111,6,807.593,NaN,NA,NA,
179,01001111,7,808.886,1.291,-1,1,
179,00011001,2,808.904,NaN,NA,NA,
180,00011001,3,808.904,NaN,NA,NA,
180,00011001,4,809.905,NaN,NA,NA,
180,00011001,5,810.109,NaN,NA,07017.bmp,A17.bmp,
180,00011001,6,811.112,NaN,NA,NA,
180,00011001,7,811.809,0.6960000000000001,1,1,
180,00100110,2,811.828,NaN,NA,NA,
181,00100110,3,811.828,NaN,NA,NA,
181,00100110,4,812.833,NaN,NA,NA,
181,00100110,5,813.035,NaN,NA,07001.bmp,A159.bmp,
181,00100110,6,813.539,NaN,NA,NA,
181,00100110,7,816.263,2.723,-1,1,
181,01111110,2,816.2810000000001,NaN,NA,NA,
182,01111110,3,816.2810000000001,NaN,NA,NA,
182,01111110,4,817.282,NaN,NA,NA,
182,01111110,5,817.485,NaN,NA,123751.bmp,A225.bmp,
182,01111110,6,818.487,NaN,NA,NA,
182,01111110,7,819.307,0.8190000000000001,1,1,
182,01100010,2,819.325,NaN,NA,NA,
183,01100010,3,819.325,NaN,NA,NA,
183,01100010,4,820.327,NaN,NA,NA,
183,01100010,5,820.529,NaN,NA,13230.bmp,A259.bmp,
183,01100010,6,821.029,NaN,NA,NA,
183,01100010,7,822.337,1.306,-1,1,
183,00100101,2,822.356,NaN,NA,NA,
184,00100101,3,822.356,NaN,NA,NA,
184,00100101,4,823.359,NaN,NA,NA,
184,00100101,5,823.561,NaN,NA,05740.bmp,A151.bmp,
184,00100101,6,824.067,NaN,NA,NA,
184,00100101,7,825.006,0.9380000000000001,-1,1,
184,10000110,2,825.025,NaN,NA,NA,
185,10000110,3,825.025,NaN,NA,NA,
185,10000110,4,826.028,NaN,NA,NA,
185,10000110,5,826.231,NaN,NA,21722.bmp,A35.bmp,
185,10000110,6,826.736,NaN,NA,NA,
185,10000110,7,827.745,1.0070000000000001,-1,1,
185,01101101,2,827.7620000000001,NaN,NA,NA,
186,01101101,3,827.7620000000001,NaN,NA,NA,
186,01101101,4,828.766,NaN,NA,NA,
186,01101101,5,828.969,NaN,NA,16540.bmp,A291.bmp,
186,01101101,6,829.97,NaN,NA,NA,
186,01101101,7,830.852,0.881,-1,2,
186,01101101,8,830.852,NaN,NA,NA,
186,00001001,2,833.88,NaN,NA,NA,
187,00001001,3,833.88,NaN,NA,NA,
187,00001001,4,834.881,NaN,NA,NA,
187,00001001,5,835.085,NaN,NA,02480.bmp,A119.bmp,
187,00001001,6,836.088,NaN,NA,NA,
187,00001001,7,836.6080000000001,0.519,-1,1,
187,00010001,2,836.626,NaN,NA,NA,
188,00010001,3,836.626,NaN,NA,NA,
188,00010001,4,837.626,NaN,NA,NA,
188,00010001,5,837.827,NaN,NA,05534.bmp,A149.bmp,
188,00010001,6,838.332,NaN,NA,NA,
188,00010001,7,839.006,0.672,1,1,
188,00110111,2,839.023,NaN,NA,NA,
189,00110111,3,839.023,NaN,NA,NA,
189,00110111,4,840.029,NaN,NA,NA,
189,00110111,5,840.232,NaN,NA,06150.bmp,A155.bmp,
189,00110111,6,840.738,NaN,NA,NA,
189,00110111,7,841.514,0.774,1,1,
189,01011111,2,841.532,NaN,NA,NA,
190,01011111,3,841.532,NaN,NA,NA,
190,01011111,4,842.538,NaN,NA,NA,
190,01011111,5,842.74,NaN,NA,12205.bmp,A221.bmp,
190,01011111,6,843.742,NaN,NA,NA,
190,01011111,7,844.432,0.6880000000000001,1,1,
190,00110101,2,844.45,NaN,NA,NA,
191,00110101,3,844.45,NaN,NA,NA,
191,00110101,4,845.456,NaN,NA,NA,
191,00110101,5,845.657,NaN,NA,07018.bmp,A171.bmp,
191,00110101,6,846.158,NaN,NA,NA,
191,00110101,7,846.807,0.647,1,1,
191,00110010,2,846.8240000000001,NaN,NA,NA,
192,00110010,3,846.8240000000001,NaN,NA,NA,
192,00110010,4,847.828,NaN,NA,NA,
192,00110010,5,848.03,NaN,NA,07175.bmp,A191.bmp,
192,00110010,6,848.534,NaN,NA,NA,
192,00110010,7,849.203,0.668,1,1,
192,10110111,2,849.221,NaN,NA,NA,
193,10110111,3,849.221,NaN,NA,NA,
193,10110111,4,850.226,NaN,NA,NA,
193,10110111,5,850.427,NaN,NA,22000.bmp,A355.bmp,
193,10110111,6,850.9300000000001,NaN,NA,NA,
193,10110111,7,851.575,0.644,1,1,
193,10000001,2,851.593,NaN,NA,NA,
194,10000001,3,851.593,NaN,NA,NA,
194,10000001,4,852.597,NaN,NA,NA,
194,10000001,5,852.802,NaN,NA,27320.bmp,A79.bmp,
194,10000001,6,853.307,NaN,NA,NA,
194,10000001,7,854.075,0.767,-1,1,
194,10101011,2,854.094,NaN,NA,NA,
195,10101011,3,854.094,NaN,NA,NA,
195,10101011,4,855.097,NaN,NA,NA,
195,10101011,5,855.3000000000001,NaN,NA,21600.bmp,A339.bmp,
195,10101011,6,856.304,NaN,NA,NA,
195,10101011,7,857.2950000000001,0.989,-1,1,
195,10011101,2,857.312,NaN,NA,NA,
196,10011101,3,857.312,NaN,NA,NA,
196,10011101,4,858.316,NaN,NA,NA,
196,10011101,5,858.519,NaN,NA,27570.bmp,A9.bmp,
196,10011101,6,859.524,NaN,NA,NA,
196,10011101,7,860.336,0.81,1,1,
196,00101100,2,860.354,NaN,NA,NA,
197,00101100,3,860.354,NaN,NA,NA,
197,00101100,4,861.356,NaN,NA,NA,
197,00101100,5,861.5600000000001,NaN,NA,02038.bmp,A105.bmp,
197,00101100,6,862.566,NaN,NA,NA,
197,00101100,7,863.291,0.724,-1,1,
