Version:,3,Orginal File Name:,CT-JCTEST1-T1.csv,UserAGENT:Mozilla/5.0 (Macintosh; Intel Mac OS X 10_12_6) AppleWebKit/605.1.15 (KHTML, like Gecko) Version/11.1.1 Safari/605.1.15,IP: ::1,Time:,2018_6_29_20_41,Parameter File:,None:FromPsyToolkit
trial_type,trial_number,block_num,egg_x_position,egg_y_position,absolute_time_sec,response_time_sec,response,result
practice,1,1,-154,-163,25.454,5.875,2,1,
practice,2,1,78,42,25.78,0.056,2,2,
practice,3,1,-56,-87,25.998,0.031,2,2,
practice,4,1,-368,-364,26.215,0.036000000000000004,2,2,
practice,5,1,-434,190,26.427,0.027,2,2,
practice,6,1,-318,-102,26.642,0.03,2,1,
practice,7,1,208,224,26.963,0.06,2,1,
practice,8,1,239,-67,27.287,0.053,2,1,
practice,9,1,632,331,27.61,0.059000000000000004,2,1,
practice,10,1,362,151,27.934,0.064,2,1,
practice,12,1,480,-140,28.367,0.107,2,1,
practice,13,1,208,-188,28.695,0.058,2,1,
practice,14,1,90,136,29.019000000000002,0.055,2,2,
practice,15,1,-433,-21,29.237000000000002,0.027,2,2,
practice,16,1,-680,-38,29.455000000000002,0.029,2,1,
practice,17,1,199,-266,29.782,0.06,2,1,
practice,18,1,278,139,30.111,0.063,2,2,
practice,19,1,-201,1,30.327,0.025,2,2,
practice,20,1,-261,-132,30.548000000000002,0.031,2,2,
practice,21,1,-563,-121,30.762,0.024,2,2,
practice,22,1,-218,-59,30.98,0.028,2,1,
practice,23,1,302,51,31.311,0.063,2,1,
practice,24,1,366,359,31.635,0.055,2,1,
practice,25,1,640,147,31.966,0.064,2,2,
practice,26,1,-460,-194,32.183,0.024,2,2,
practice,27,1,-424,262,32.398,0.023,2,2,
practice,28,1,-144,4,32.611000000000004,0.021,2,2,
practice,29,1,-41,134,32.828,0.03,2,2,
practice,30,1,-144,224,33.038000000000004,0.024,2,2,
practice,31,1,-185,-116,33.254,0.033,2,2,
practice,32,1,-503,47,33.469,0.032,2,2,
practice,33,1,-183,213,33.687,0.035,2,2,
practice,34,1,-339,7,33.905,0.028,2,2,
practice,35,1,-274,-180,34.122,0.026000000000000002,2,2,
practice,36,1,-429,70,34.343,0.035,2,2,
practice,37,1,-469,174,34.56,0.029,2,2,
practice,38,1,-148,-318,34.776,0.03,2,2,
practice,39,1,-323,-61,34.991,0.032,2,2,
practice,40,1,-545,-126,35.208,0.034,2,2,
practice,41,1,-407,188,35.423,0.029,2,2,
practice,42,1,-183,249,35.64,0.037,2,2,
practice,43,1,-467,-47,35.857,0.034,2,2,
practice,44,1,-486,-110,36.073,0.031,2,2,
practice,45,1,-279,313,36.29,0.034,2,2,
practice,46,1,-494,173,36.502,0.025,2,2,
practice,47,1,-127,27,36.718,0.028,2,2,
practice,48,1,-149,-50,36.937,0.034,2,1,
practice,49,1,99,-163,37.263,0.058,2,1,
practice,50,1,247,57,37.59,0.059000000000000004,2,1,
practice,51,1,7,96,37.916000000000004,0.057,2,1,
practice,52,1,680,107,38.236000000000004,0.053,2,1,
practice,53,1,309,-4,38.561,0.06,2,1,
practice,54,1,25,27,38.885,0.058,2,1,
practice,55,1,63,64,39.212,0.059000000000000004,2,1,
practice,56,1,490,-64,39.537,0.057,2,1,
practice,57,1,379,-110,39.862,0.059000000000000004,2,2,
practice,58,1,-262,152,40.08,0.028,2,2,
practice,59,1,-354,-206,40.298,0.028,2,2,
practice,60,1,-608,294,40.515,0.028,2,2,
practice,61,1,-387,-41,40.735,0.03,2,2,
practice,62,1,-192,18,40.95,0.024,2,1,
practice,63,1,263,241,41.278,0.063,2,1,
practice,64,1,379,122,41.602000000000004,0.054,2,2,
practice,65,1,-389,71,41.824,0.034,2,2,
practice,66,1,-469,-150,42.041000000000004,0.027,2,2,
practice,67,1,-256,-113,42.257,0.026000000000000002,2,2,
practice,68,1,-255,114,42.473,0.025,2,2,
practice,69,1,-33,-82,42.692,0.03,2,2,
practice,70,1,-357,228,42.909,0.025,2,2,
practice,71,1,-284,-124,43.128,0.03,2,2,
practice,72,1,-254,190,43.35,0.032,2,2,
practice,73,1,-336,83,43.566,0.027,2,2,
practice,74,1,-72,68,43.782000000000004,0.034,2,2,
practice,75,1,-283,-36,44.001,0.033,2,2,
practice,76,1,-261,38,44.216,0.024,2,2,
practice,77,1,-586,-212,44.432,0.027,2,2,
practice,78,1,-279,-153,44.645,0.023,2,2,
practice,79,1,-384,83,44.861000000000004,0.026000000000000002,2,2,
practice,80,1,-325,207,45.08,0.028,2,1,
practice,81,1,275,3,45.405,0.058,2,1,
practice,82,1,410,20,45.736000000000004,0.062,2,1,
practice,83,1,169,100,46.06,0.059000000000000004,2,1,
practice,84,1,140,229,46.384,0.054,2,1,
practice,85,1,263,12,46.715,0.061,2,1,
practice,86,1,293,-157,47.039,0.054,2,1,
practice,87,1,315,-111,47.363,0.056,2,1,
practice,88,1,525,60,47.687,0.058,2,1,
practice,89,1,212,46,48.014,0.061,2,2,
practice,90,1,-283,-59,48.235,0.03,2,2,
practice,91,1,-85,14,48.448,0.022,2,1,
practice,92,1,250,209,48.772,0.056,2,1,
practice,93,1,-80,-82,49.101,0.062,2,2,
practice,94,1,-451,-82,49.317,0.028,2,2,
practice,95,1,-245,-53,49.532000000000004,0.024,2,1,
practice,96,1,300,27,49.856,0.056,2,1,
practice,97,1,285,30,50.178000000000004,0.053,2,1,
practice,98,1,-181,30,50.502,0.057,2,1,
practice,99,1,287,-40,50.83,0.061,2,1,
practice,100,1,271,-51,51.152,0.053,2,1,
practice,101,1,214,105,51.480000000000004,0.061,2,1,
practice,102,1,407,330,51.805,0.065,2,1,
practice,103,1,273,-1,52.128,0.063,2,1,
practice,104,1,167,-13,52.452,0.055,2,1,
practice,105,1,346,-14,52.781,0.064,2,1,
practice,106,1,391,87,53.11,0.059000000000000004,2,1,
practice,107,1,92,-41,53.434000000000005,0.06,2,1,
practice,108,1,546,-100,53.757,0.054,2,1,
practice,109,1,359,134,54.079,0.054,2,1,
practice,110,1,305,-114,54.407000000000004,0.059000000000000004,2,1,
practice,111,1,221,-188,54.734,0.058,2,1,
practice,112,1,250,-37,55.062,0.059000000000000004,2,2,
practice,113,1,-517,143,55.279,0.027,2,2,
practice,114,1,-510,-130,55.495000000000005,0.028,2,1,
practice,115,1,323,-186,55.823,0.062,2,1,
practice,116,1,417,-240,56.152,0.063,2,1,
practice,117,1,314,-37,56.473,0.058,2,1,
practice,118,1,239,48,56.805,0.063,2,1,
practice,119,1,275,155,57.128,0.055,2,1,
practice,120,1,274,89,57.457,0.061,2,1,
practice,121,1,346,44,57.785000000000004,0.06,2,1,
practice,122,1,158,37,58.112,0.056,2,1,
practice,123,1,256,65,58.433,0.052000000000000005,2,1,
practice,124,1,-19,95,58.76,0.062,2,1,
practice,125,1,359,-220,59.088,0.06,2,1,
practice,126,1,429,279,59.412,0.056,2,1,
practice,127,1,50,-102,59.743,0.067,2,1,
practice,128,1,292,111,60.065,0.062,2,2,
practice,129,1,-287,89,60.278,0.026000000000000002,2,2,
practice,130,1,140,4,60.495000000000005,0.031,2,2,
practice,131,1,-328,-1,60.713,0.027,2,2,
practice,132,1,-392,-18,60.928000000000004,0.024,2,2,
practice,133,1,-357,149,61.145,0.026000000000000002,2,2,
practice,134,1,-261,95,61.362,0.026000000000000002,2,2,
practice,135,1,-241,183,61.578,0.027,2,2,
practice,136,1,-503,-182,61.795,0.028,2,2,
practice,137,1,-395,211,62.01,0.026000000000000002,2,2,
practice,138,1,-404,-198,62.227000000000004,0.028,2,1,
practice,139,1,91,190,62.553000000000004,0.055,2,1,
practice,140,1,204,-130,62.88,0.06,2,1,
main,1,1,-192,-163,65.904,0.053,2,2,
main,2,1,-568,42,66.122,0.027,2,2,
main,3,1,-94,-87,66.339,0.02,2,2,
main,4,1,-406,-364,66.558,0.03,2,2,
main,5,1,-472,190,66.775,0.02,2,2,
main,6,1,-356,-102,66.993,0.022,2,2,
main,7,1,-438,224,67.211,0.023,2,2,
main,8,1,-407,-67,67.429,0.027,2,2,
main,9,1,-14,331,67.645,0.025,2,2,
main,10,1,-284,151,67.863,0.031,2,2,
main,12,1,-166,-140,68.19,0.078,2,2,
main,13,1,-438,-188,68.408,0.025,2,2,
main,14,1,-556,136,68.622,0.017,2,2,
main,15,1,-471,-21,68.839,0.023,2,2,
main,16,1,-680,-38,69.053,0.02,2,2,
main,17,1,-447,-266,69.27,0.024,2,2,
main,18,1,-368,139,69.485,0.021,2,2,
main,19,1,-239,1,69.703,0.023,2,2,
main,20,1,-299,-132,69.923,0.026000000000000002,2,2,
main,21,1,-601,-121,70.145,0.029,2,2,
main,22,1,-256,-59,70.361,0.019,2,2,
main,23,1,-344,51,70.578,0.027,2,2,
main,24,1,-280,359,70.794,0.021,2,2,
main,25,1,-6,147,71.014,0.028,2,2,
main,26,1,-498,-194,71.229,0.019,2,2,
main,27,1,-462,262,71.45,0.027,2,2,
main,28,1,-182,4,71.667,0.021,2,2,
main,29,1,-79,134,71.884,0.021,2,1,
main,30,1,502,224,72.21000000000001,0.051000000000000004,2,1,
main,31,1,461,-116,72.536,0.052000000000000005,2,1,
main,32,1,143,47,72.861,0.053,2,1,
main,33,1,463,213,73.18900000000001,0.053,2,1,
main,34,1,307,7,73.518,0.058,2,1,
main,35,1,372,-180,73.84,0.05,2,1,
main,36,1,217,70,74.171,0.057,2,1,
main,37,1,177,174,74.497,0.051000000000000004,2,1,
main,38,1,498,-318,74.82600000000001,0.055,2,1,
main,39,1,323,-61,75.157,0.058,2,1,
main,40,1,101,-126,75.482,0.057,2,1,
main,41,1,239,188,75.81,0.069,2,1,
main,42,1,463,249,76.134,0.065,2,1,
main,43,1,179,-47,76.461,0.061,2,1,
main,44,1,160,-110,76.786,0.048,2,1,
main,45,1,367,313,77.112,0.052000000000000005,2,1,
main,46,1,152,173,77.437,0.05,2,1,
main,47,1,519,27,77.768,0.062,2,1,
main,48,1,497,-50,78.092,0.049,2,1,
main,49,1,137,-163,78.417,0.048,2,1,
main,50,1,285,57,78.745,0.053,2,2,
main,51,1,-639,96,78.967,0.028,2,2,
main,52,1,48,107,79.184,0.025,2,1,
main,53,1,347,-4,79.514,0.055,2,1,
main,54,1,63,27,79.842,0.054,2,1,
main,55,1,101,64,80.169,0.055,2,1,
main,56,1,528,-64,80.49,0.048,2,1,
main,57,1,417,-110,80.811,0.051000000000000004,2,1,
main,58,1,384,152,81.134,0.05,2,1,
main,59,1,292,-206,81.464,0.054,2,1,
main,60,1,38,294,81.793,0.056,2,2,
main,61,1,-425,-41,82.009,0.02,2,2,
main,62,1,-230,18,82.227,0.025,2,2,
main,63,1,-383,241,82.441,0.018000000000000002,2,1,
main,64,1,417,122,82.767,0.055,2,1,
main,65,1,257,71,83.093,0.052000000000000005,2,1,
main,66,1,177,-150,83.419,0.059000000000000004,2,2,
main,67,1,-294,-113,83.635,0.025,2,2,
main,68,1,-293,114,83.85300000000001,0.03,2,2,
main,69,1,-71,-82,84.07000000000001,0.028,2,1,
main,70,1,289,228,84.397,0.054,2,1,
main,71,1,362,-124,84.718,0.047,2,1,
main,72,1,392,190,85.04,0.047,2,1,
main,73,1,310,83,85.362,0.05,2,1,
main,74,1,574,68,85.687,0.051000000000000004,2,2,
main,75,1,-321,-36,85.907,0.021,2,2,
main,76,1,-299,38,86.123,0.025,2,2,
main,77,1,-624,-212,86.34100000000001,0.024,2,2,
main,78,1,-317,-153,86.555,0.026000000000000002,2,1,
main,79,1,262,83,86.88,0.053,2,2,
main,80,1,-363,207,87.096,0.019,2,1,
main,81,1,313,3,87.422,0.051000000000000004,2,1,
main,82,1,448,20,87.75,0.052000000000000005,2,1,
main,83,1,207,100,88.08200000000001,0.06,2,1,
main,84,1,178,229,88.403,0.049,2,1,
main,85,1,301,12,88.72800000000001,0.051000000000000004,2,1,
main,86,1,331,-157,89.049,0.046,2,1,
main,87,1,353,-111,89.369,0.046,2,1,
main,88,1,563,60,89.69500000000001,0.054,2,1,
main,89,1,250,46,90.022,0.054,2,1,
main,90,1,363,-59,90.35000000000001,0.055,2,1,
main,91,1,561,14,90.675,0.051000000000000004,2,1,
main,92,1,288,209,91.001,0.052000000000000005,2,1,
main,93,1,-42,-82,91.328,0.051000000000000004,2,1,
main,94,1,195,-82,91.649,0.048,2,1,
main,95,1,401,-53,91.974,0.059000000000000004,2,1,
main,96,1,338,27,92.307,0.062,2,1,
main,97,1,323,30,92.633,0.053,2,1,
main,98,1,-143,30,92.958,0.052000000000000005,2,1,
main,99,1,325,-40,93.284,0.053,2,1,
main,100,1,309,-51,93.608,0.06,2,2,
main,101,1,-432,105,93.828,0.034,2,2,
main,102,1,-239,330,94.045,0.034,2,2,
main,103,1,-373,-1,94.261,0.024,2,1,
main,104,1,205,-13,94.586,0.05,2,1,
main,105,1,384,-14,94.912,0.051000000000000004,2,1,
main,106,1,429,87,95.232,0.054,2,1,
main,107,1,130,-41,95.559,0.061,2,1,
main,108,1,584,-100,95.887,0.064,2,2,
main,109,1,-287,134,96.10300000000001,0.03,2,2,
main,110,1,-341,-114,96.32600000000001,0.029,2,2,
main,111,1,-425,-188,96.539,0.02,2,2,
main,112,1,-396,-37,96.755,0.021,2,2,
main,113,1,-555,143,96.97200000000001,0.025,2,2,
main,114,1,-548,-130,97.186,0.019,2,2,
main,115,1,-323,-186,97.405,0.024,2,2,
main,116,1,-229,-240,97.621,0.019,2,2,
main,117,1,-332,-37,97.84100000000001,0.028,2,1,
main,118,1,277,48,98.168,0.062,2,1,
main,119,1,313,155,98.493,0.051000000000000004,2,1,
main,120,1,312,89,98.821,0.053,2,1,
main,121,1,384,44,99.151,0.059000000000000004,2,1,
main,122,1,196,37,99.479,0.054,2,1,
main,123,1,294,65,99.803,0.055,2,1,
main,124,1,19,95,100.128,0.061,2,1,
main,125,1,397,-220,100.455,0.059000000000000004,2,1,
main,126,1,467,279,100.778,0.048,2,2,
main,127,1,-596,-102,100.994,0.021,2,2,
main,128,1,-354,111,101.211,0.024,2,2,
main,129,1,-325,89,101.425,0.02,2,2,
main,130,1,102,4,101.643,0.023,2,1,
main,131,1,318,-1,101.96900000000001,0.052000000000000005,2,1,
main,132,1,254,-18,102.298,0.058,2,1,
main,133,1,289,149,102.621,0.051000000000000004,2,1,
main,134,1,385,95,102.94800000000001,0.052000000000000005,2,1,
main,135,1,405,183,103.272,0.049,2,1,
main,136,1,143,-182,103.598,0.05,2,1,
main,137,1,251,211,103.923,0.055,2,1,
main,138,1,242,-198,104.25,0.063,2,1,
main,139,1,129,190,104.57600000000001,0.052000000000000005,2,1,
main,140,1,242,-130,104.907,0.056,2,1,
main,141,1,164,-188,105.232,0.052000000000000005,2,1,
main,142,1,273,-228,105.558,0.052000000000000005,2,1,
main,143,1,240,-53,105.883,0.052000000000000005,2,1,
main,144,1,530,-248,106.211,0.054,2,1,
main,145,1,384,-199,106.533,0.047,2,1,
main,146,1,442,-161,106.855,0.051000000000000004,2,1,
main,147,1,210,143,107.177,0.048,2,1,
main,148,1,446,-289,107.507,0.054,2,1,
main,149,1,404,281,107.83,0.053,2,1,
main,150,1,465,24,108.153,0.058,2,1,
main,151,1,218,115,108.48,0.053,2,1,
main,152,1,434,-99,108.809,0.053,2,1,
main,153,1,539,-22,109.131,0.053,2,1,
main,154,1,455,-106,109.45700000000001,0.053,2,1,
main,155,1,323,51,109.782,0.052000000000000005,2,1,
main,156,1,444,176,110.108,0.051000000000000004,2,1,
main,157,1,438,-151,110.433,0.053,2,1,
main,158,1,322,206,110.762,0.055,2,2,
main,159,1,-442,-37,110.97800000000001,0.02,2,1,
main,160,1,445,-2,111.309,0.059000000000000004,2,1,
main,161,1,140,-123,111.635,0.05,2,1,
main,162,1,135,-56,111.96300000000001,0.065,2,1,
main,163,1,278,78,112.284,0.063,2,1,
main,164,1,290,-263,112.611,0.063,2,1,
main,165,1,409,-29,112.943,0.059000000000000004,2,1,
main,166,1,622,-22,113.269,0.055,2,1,
main,167,1,333,-78,113.59400000000001,0.068,2,1,
main,168,1,300,-15,113.916,0.061,2,1,
main,169,1,423,21,114.24300000000001,0.053,2,1,
main,170,1,107,201,114.569,0.051000000000000004,2,1,
main,171,1,275,-77,114.897,0.056,2,1,
main,172,1,289,141,115.223,0.051000000000000004,2,2,
main,173,1,-329,-284,115.441,0.023,2,2,
main,174,1,-315,-5,115.659,0.028,2,2,
main,175,1,-84,-156,115.882,0.037,2,2,
main,176,1,-370,-49,116.101,0.031,2,2,
main,177,1,-482,-135,116.32000000000001,0.023,2,2,
main,178,1,-401,-183,116.54,0.029,2,2,
main,179,1,-34,-144,116.76,0.03,2,2,
main,180,1,-511,-283,116.977,0.026000000000000002,2,2,
main,181,1,-241,-60,117.191,0.019,2,2,
main,182,1,-241,-62,117.408,0.023,2,2,
main,183,1,-333,-148,117.623,0.025,2,2,
main,184,1,-487,262,117.84100000000001,0.023,2,2,
main,185,1,-311,63,118.063,0.028,2,2,
main,186,1,-430,-338,118.283,0.027,2,2,
main,187,1,-322,170,118.50200000000001,0.026000000000000002,2,2,
main,188,1,-238,-182,118.723,0.027,2,2,
main,189,1,-288,-72,118.943,0.025,2,2,
main,190,1,-510,57,119.16,0.023,2,2,
main,191,1,-493,118,119.379,0.025,2,2,
main,192,1,-474,-196,119.59400000000001,0.021,2,2,
main,193,1,-326,-52,119.813,0.024,2,2,
main,194,1,-230,-116,120.034,0.027,2,1,
main,195,1,238,38,120.355,0.049,2,1,
main,196,1,516,133,120.678,0.053,2,1,
main,197,1,310,-15,121.001,0.048,2,1,
main,198,1,281,-266,121.32600000000001,0.052000000000000005,2,1,
main,199,1,379,-44,121.649,0.048,2,1,
main,200,1,379,-25,121.97500000000001,0.052000000000000005,2,1,
main,201,3,532,-198,122.301,0.053,2,2,
main,202,3,-419,74,122.521,0.025,2,2,
main,203,3,-63,-33,122.73700000000001,0.019,2,1,
main,204,3,399,140,123.06400000000001,0.052000000000000005,2,1,
main,205,3,586,-212,123.391,0.051000000000000004,2,1,
main,206,3,320,158,123.72,0.065,2,1,
main,207,3,314,-82,124.043,0.063,2,1,
main,208,3,271,-180,124.37100000000001,0.057,2,2,
main,209,3,-613,114,124.587,0.021,2,2,
main,210,3,-325,-47,124.803,0.022,2,1,
main,211,3,165,16,125.128,0.052000000000000005,2,1,
main,212,3,505,-177,125.45700000000001,0.055,2,1,
main,213,3,493,-184,125.784,0.04,2,1,
main,214,3,504,-72,126.10900000000001,0.062,2,1,
main,215,3,167,-63,126.434,0.05,2,2,
main,216,3,-345,128,126.655,0.03,2,2,
main,217,3,-208,217,126.869,0.03,2,2,
main,218,3,-409,-34,127.09,0.032,2,2,
main,219,3,-313,4,127.308,0.024,2,2,
main,220,3,-216,-132,127.53,0.024,2,2,
main,221,3,-405,-60,127.748,0.025,2,1,
main,222,3,377,-81,128.074,0.051000000000000004,2,1,
main,223,3,362,-104,128.399,0.05,2,1,
main,224,3,334,380,128.726,0.051000000000000004,2,1,
main,225,3,92,-65,129.058,0.055,2,1,
main,226,3,176,8,129.386,0.053,2,1,
main,227,3,365,-56,129.711,0.062,2,1,
main,228,3,366,-260,130.04,0.053,2,1,
main,229,3,147,46,130.368,0.054,2,1,
main,230,3,67,-59,130.696,0.056,2,1,
main,231,3,392,236,131.02100000000002,0.052000000000000005,2,2,
main,232,3,-367,-27,131.237,0.021,2,2,
main,233,3,-356,170,131.451,0.02,2,2,
main,234,3,-114,50,131.666,0.021,2,1,
main,235,3,178,-52,131.995,0.063,2,1,
main,236,3,556,-124,132.321,0.052000000000000005,2,2,
main,237,3,-417,14,132.538,0.013000000000000001,2,1,
main,238,3,492,146,132.869,0.061,2,1,
main,239,3,196,-71,133.195,0.052000000000000005,2,1,
main,240,3,73,-236,133.518,0.051000000000000004,2,1,
main,241,3,208,-40,133.843,0.051000000000000004,2,1,
main,242,3,351,279,134.17000000000002,0.056,2,2,
main,243,3,-129,-291,134.386,0.022,2,2,
main,244,3,-236,24,134.607,0.026000000000000002,2,2,
main,245,3,-298,102,134.825,0.026000000000000002,2,2,
main,246,3,-306,79,135.03900000000002,0.019,2,1,
main,247,3,397,-166,135.363,0.053,2,1,
main,248,3,310,154,135.687,0.052000000000000005,2,1,
main,249,3,405,83,136.013,0.052000000000000005,2,1,
main,250,3,304,272,136.334,0.047,2,1,
main,251,3,324,-44,136.662,0.054,2,1,
main,252,3,1,-15,136.987,0.053,2,1,
main,253,3,387,-96,137.316,0.054,2,1,
main,254,3,222,-1,137.64600000000002,0.062,2,1,
main,255,3,289,-100,137.973,0.054,2,1,
main,256,3,265,-120,138.29500000000002,0.049,2,1,
main,257,3,476,-81,138.621,0.052000000000000005,2,1,
main,258,3,482,152,138.948,0.054,2,2,
main,259,3,-448,64,139.16400000000002,0.021,2,2,
main,260,3,-389,144,139.383,0.029,2,2,
main,261,3,-141,3,139.601,0.023,2,2,
main,262,3,-305,13,139.823,0.037,2,2,
main,263,3,-269,-212,140.038,0.027,2,1,
main,264,3,494,-147,140.365,0.053,2,1,
main,265,3,7,-28,140.686,0.046,2,2,
main,266,3,-376,-54,140.905,0.027,2,2,
main,267,3,-241,73,141.121,0.022,2,2,
main,268,3,-190,-49,141.336,0.02,2,2,
main,269,3,-449,-380,141.558,0.026000000000000002,2,2,
main,270,3,-530,-167,141.776,0.026000000000000002,2,2,
main,271,3,-218,144,141.995,0.026000000000000002,2,1,
main,272,3,519,-116,142.328,0.059000000000000004,2,1,
main,273,3,279,15,142.656,0.054,2,1,
main,274,3,225,-104,142.98,0.049,2,1,
main,275,3,440,71,143.303,0.053,2,1,
main,276,3,34,36,143.632,0.058,2,1,
main,277,3,427,44,143.957,0.051000000000000004,2,2,
main,278,3,-336,-100,144.172,0.019,2,2,
main,279,3,-526,-280,144.38400000000001,0.022,2,2,
main,280,3,-388,-49,144.598,0.019,2,2,
main,281,3,-520,53,144.815,0.025,2,2,
main,282,3,-415,-51,145.036,0.028,2,2,
main,283,3,-129,79,145.25300000000001,0.022,2,2,
main,284,3,-577,258,145.47,0.024,2,1,
main,285,3,175,-7,145.793,0.051000000000000004,2,1,
main,286,3,405,-10,146.112,0.049,2,1,
main,287,3,335,12,146.441,0.055,2,2,
main,288,3,-234,222,146.65800000000002,0.026000000000000002,2,2,
main,289,3,-338,-41,146.879,0.033,2,2,
main,290,3,-251,131,147.097,0.023,2,1,
main,291,3,76,-64,147.42000000000002,0.052000000000000005,2,1,
main,292,3,364,-178,147.745,0.055,2,2,
main,293,3,-365,-268,147.96,0.029,2,2,
main,294,3,-192,-68,148.179,0.026000000000000002,2,2,
main,295,3,-632,-198,148.39600000000002,0.023,2,2,
main,296,3,-247,-63,148.615,0.024,2,2,
main,297,3,-478,160,148.833,0.024,2,1,
main,298,3,175,71,149.15800000000002,0.052000000000000005,2,1,
main,299,3,427,-112,149.487,0.057,2,1,
main,300,3,192,108,149.81,0.053,2,1,
main,301,3,62,71,150.141,0.056,2,2,
main,302,3,-512,-30,150.357,0.02,2,2,
main,303,3,-533,-121,150.578,0.025,2,2,
main,304,3,-259,83,150.793,0.021,2,2,
main,305,3,-286,-104,151.00900000000001,0.022,2,2,
main,306,3,-361,39,151.228,0.027,2,2,
main,307,3,-468,324,151.446,0.023,2,1,
main,308,3,285,2,151.772,0.053,2,1,
main,309,3,366,-56,152.097,0.052000000000000005,2,1,
main,310,3,213,-44,152.422,0.054,2,1,
main,311,3,519,19,152.746,0.049,2,1,
main,312,3,372,141,153.072,0.053,2,1,
main,313,3,370,-110,153.403,0.056,2,2,
main,314,3,-163,163,153.616,0.02,2,1,
main,315,3,287,54,153.937,0.051000000000000004,2,1,
main,316,3,458,-30,154.267,0.065,2,1,
main,317,3,78,103,154.591,0.05,2,1,
main,318,3,449,99,154.924,0.058,2,1,
main,319,3,227,-133,155.25,0.054,2,1,
main,320,3,240,-114,155.577,0.062,2,1,
main,321,3,389,-213,155.907,0.066,2,1,
main,322,3,331,-118,156.231,0.06,2,1,
main,323,3,380,-75,156.553,0.052000000000000005,2,1,
main,324,3,379,-152,156.881,0.056,2,2,
main,325,3,-218,58,157.099,0.025,2,1,
main,326,3,28,295,157.424,0.055,2,2,
main,327,3,-448,48,157.638,0.021,2,1,
main,328,3,468,-289,157.966,0.053,2,1,
main,329,3,283,200,158.291,0.056,2,1,
main,330,3,332,32,158.614,0.047,2,1,
main,331,3,474,65,158.93800000000002,0.049,2,1,
main,332,3,394,52,159.267,0.054,2,2,
main,333,3,-367,189,159.484,0.024,2,2,
main,334,3,-465,138,159.698,0.023,2,2,
main,335,3,-231,241,159.915,0.024,2,2,
main,336,3,-659,-61,160.132,0.02,2,1,
main,337,3,165,1,160.459,0.055,2,1,
main,338,3,560,45,160.785,0.052000000000000005,2,1,
main,339,3,315,24,161.112,0.057,2,2,
main,340,3,-299,51,161.33100000000002,0.024,2,1,
main,341,3,378,-354,161.654,0.053,2,2,
main,342,3,-381,93,161.87,0.019,2,2,
main,343,3,-361,147,162.086,0.018000000000000002,2,2,
main,344,3,-1,115,162.306,0.024,2,1,
main,345,3,51,-14,162.636,0.055,2,1,
main,346,3,83,-50,162.96200000000002,0.056,2,1,
main,347,3,538,92,163.286,0.052000000000000005,2,1,
main,348,3,390,104,163.611,0.051000000000000004,2,1,
main,349,3,578,-97,163.939,0.064,2,1,
main,350,3,385,113,164.268,0.061,2,1,
main,351,3,359,31,164.593,0.052000000000000005,2,1,
main,352,3,250,68,164.91400000000002,0.05,2,1,
main,353,3,365,229,165.24,0.05,2,1,
main,354,3,277,90,165.57,0.056,2,1,
main,355,3,1,56,165.895,0.051000000000000004,2,1,
main,356,3,337,-168,166.221,0.054,2,1,
main,357,3,680,-198,166.547,0.051000000000000004,2,1,
main,358,3,394,-250,166.869,0.051000000000000004,2,1,
main,359,3,414,248,167.193,0.051000000000000004,2,1,
main,360,3,259,-47,167.518,0.049,2,1,
main,361,3,222,101,167.844,0.052000000000000005,2,1,
main,362,3,446,-18,168.171,0.054,2,1,
main,363,3,355,-46,168.501,0.056,2,2,
main,364,3,-487,-46,168.715,0.02,2,2,
main,365,3,-133,178,168.933,0.023,2,2,
main,366,3,-382,-48,169.151,0.023,2,2,
main,367,3,-261,-27,169.366,0.02,2,2,
main,368,3,-355,-136,169.58,0.02,2,2,
main,369,3,-246,39,169.796,0.02,2,2,
main,370,3,-281,-380,170.016,0.025,2,2,
main,371,3,-191,52,170.233,0.022,2,2,
main,372,3,-420,-79,170.451,0.024,2,1,
main,373,3,108,180,170.775,0.052000000000000005,2,1,
main,374,3,680,244,171.109,0.063,2,1,
main,375,3,464,72,171.434,0.048,2,2,
main,376,3,-446,-223,171.65200000000002,0.023,2,1,
main,377,3,396,159,171.978,0.063,2,1,
main,378,3,377,-27,172.306,0.06,2,1,
main,379,3,298,76,172.636,0.057,2,1,
main,380,3,337,-4,172.97,0.062,2,1,
main,381,3,391,-158,173.293,0.05,2,1,
main,382,3,602,271,173.618,0.055,2,1,
main,383,3,428,-221,173.94400000000002,0.062,2,1,
main,384,3,280,101,174.274,0.056,2,1,
main,385,3,144,-145,174.599,0.053,2,1,
main,386,3,395,-67,174.923,0.052000000000000005,2,1,
main,387,3,250,-24,175.251,0.06,2,1,
main,388,3,395,-187,175.576,0.051000000000000004,2,1,
main,389,3,203,160,175.89600000000002,0.052000000000000005,2,2,
main,390,3,-624,67,176.114,0.025,2,2,
main,391,3,-233,-99,176.333,0.026000000000000002,2,2,
main,392,3,-433,-168,176.549,0.022,2,2,
main,393,3,-452,213,176.763,0.021,2,1,
main,394,3,428,-128,177.08700000000002,0.058,2,2,
main,395,3,-378,293,177.303,0.024,2,2,
main,396,3,-140,115,177.519,0.019,2,2,
main,397,3,-382,49,177.738,0.026000000000000002,2,2,
main,398,3,-556,-131,177.957,0.025,2,1,
main,399,3,369,167,178.28300000000002,0.053,2,1,
main,400,3,490,200,178.609,0.052000000000000005,2,2,
main,401,5,539,215,178.828,0.026000000000000002,2,2,
main,402,5,-364,-80,179.047,0.024,2,1,
main,403,5,307,-176,179.369,0.058,2,2,
main,404,5,-403,4,179.58700000000002,0.028,2,1,
main,405,5,497,-76,179.912,0.063,2,1,
main,406,5,402,136,180.241,0.065,2,2,
main,407,5,-312,-192,180.459,0.024,2,1,
main,408,5,539,-58,180.785,0.051000000000000004,2,2,
main,409,5,-426,-270,181.001,0.02,2,1,
main,410,5,272,-88,181.321,0.046,2,2,
main,411,5,-680,144,181.54,0.026000000000000002,2,1,
main,412,5,470,-31,181.863,0.049,2,2,
main,413,5,-424,147,182.079,0.022,2,1,
main,414,5,394,-102,182.405,0.053,2,2,
main,415,5,-332,23,182.619,0.018000000000000002,2,1,
main,416,5,173,-380,182.94400000000002,0.051000000000000004,2,1,
main,417,5,438,-129,183.27,0.053,2,2,
main,418,5,-499,-216,183.487,0.023,2,1,
main,419,5,149,-23,183.815,0.055,2,2,
main,420,5,-401,96,184.028,0.02,2,1,
main,421,5,248,275,184.356,0.06,2,2,
main,422,5,-221,-86,184.576,0.028,2,1,
main,423,5,569,-98,184.90800000000002,0.058,2,1,
main,424,5,296,72,185.234,0.05,2,2,
main,425,5,86,-24,185.451,0.022,2,1,
main,426,5,365,73,185.77700000000002,0.052000000000000005,2,1,
main,427,5,498,-20,186.105,0.056,2,1,
main,428,5,315,-228,186.429,0.048,2,2,
main,429,5,-422,-380,186.647,0.023,2,2,
main,430,5,-135,127,186.867,0.025,2,1,
main,431,5,438,91,187.193,0.05,2,2,
main,432,5,-444,-257,187.40800000000002,0.019,2,1,
main,433,5,263,221,187.733,0.051000000000000004,2,2,
main,434,5,-463,-20,187.949,0.027,2,1,
main,435,5,271,-140,188.273,0.051000000000000004,2,2,
main,436,5,-198,-99,188.486,0.018000000000000002,2,1,
main,437,5,495,32,188.814,0.052000000000000005,2,2,
main,438,5,-158,-208,189.032,0.025,2,1,
main,439,5,618,3,189.361,0.053,2,2,
main,440,5,-566,-8,189.576,0.029,2,1,
main,441,5,322,193,189.904,0.059000000000000004,2,2,
main,442,5,-320,-323,190.123,0.024,2,1,
main,443,5,503,35,190.452,0.056,2,2,
main,444,5,-170,-380,190.667,0.02,2,1,
main,445,5,631,-71,190.993,0.052000000000000005,2,2,
main,446,5,-260,-258,191.21200000000002,0.024,2,1,
main,447,5,279,62,191.537,0.053,2,2,
main,448,5,-398,-116,191.751,0.021,2,1,
main,449,5,154,-52,192.077,0.065,2,2,
main,450,5,-506,149,192.292,0.024,2,1,
main,451,5,74,153,192.62,0.055,2,2,
main,452,5,-366,-27,192.838,0.023,2,1,
main,453,5,485,-2,193.167,0.052000000000000005,2,2,
main,454,5,-411,-30,193.387,0.023,2,1,
main,455,5,489,-30,193.711,0.052000000000000005,2,2,
main,456,5,-495,-181,193.928,0.024,2,1,
main,457,5,646,-294,194.249,0.046,2,2,
main,458,5,-625,-174,194.46800000000002,0.024,2,1,
main,459,5,250,-121,194.792,0.047,2,2,
main,460,5,-412,220,195.01,0.034,2,1,
main,461,5,73,44,195.336,0.051000000000000004,2,2,
main,462,5,-589,31,195.552,0.02,2,1,
main,463,5,228,-47,195.87800000000001,0.055,2,2,
main,464,5,-247,9,196.095,0.029,2,1,
main,465,5,172,-200,196.422,0.052000000000000005,2,2,
main,466,5,-239,29,196.637,0.019,2,1,
main,467,5,271,213,196.963,0.05,2,2,
main,468,5,-314,-224,197.183,0.026000000000000002,2,1,
main,469,5,203,-119,197.504,0.046,2,2,
main,470,5,-249,211,197.721,0.021,2,1,
main,471,5,339,-109,198.047,0.05,2,1,
main,472,5,367,-13,198.372,0.054,2,2,
main,473,5,-627,-61,198.592,0.024,2,1,
main,474,5,262,-146,198.916,0.053,2,2,
main,475,5,-504,4,199.13400000000001,0.024,2,1,
main,476,5,285,28,199.461,0.055,2,2,
main,477,5,-533,-114,199.677,0.02,2,1,
main,478,5,406,67,200.001,0.051000000000000004,2,2,
main,479,5,-260,120,200.216,0.023,2,1,
main,480,5,399,94,200.54,0.048,2,2,
main,481,5,-384,-264,200.75900000000001,0.024,2,1,
main,482,5,547,-215,201.086,0.052000000000000005,2,2,
main,483,5,-152,-2,201.303,0.022,2,2,
main,484,5,-356,-155,201.52100000000002,0.024,2,1,
main,485,5,292,40,201.846,0.052000000000000005,2,2,
main,486,5,-120,28,202.066,0.026000000000000002,2,2,
main,487,5,-680,-155,202.284,0.023,2,1,
main,488,5,223,240,202.617,0.064,2,2,
main,489,5,-244,168,202.834,0.023,2,1,
main,490,5,399,-33,203.161,0.053,2,2,
main,491,5,-329,-171,203.383,0.028,2,1,
main,492,5,226,89,203.70600000000002,0.047,2,2,
main,493,5,-295,-57,203.924,0.035,2,1,
main,494,5,342,198,204.248,0.052000000000000005,2,2,
main,495,5,-364,-65,204.463,0.019,2,1,
main,496,5,246,174,204.78900000000002,0.052000000000000005,2,1,
main,497,5,247,-45,205.113,0.052000000000000005,2,2,
main,498,5,-310,-31,205.33,0.024,2,1,
main,499,5,23,155,205.655,0.05,2,2,
main,500,5,-476,83,205.873,0.022,2,1,
main,501,5,528,89,206.207,0.062,2,2,
main,502,5,-318,149,206.421,0.019,2,1,
main,503,5,200,125,206.746,0.049,2,2,
main,504,5,-114,-10,206.959,0.019,2,2,
main,505,5,-312,-118,207.179,0.027,2,1,
main,506,5,313,-55,207.5,0.047,2,2,
main,507,5,-382,61,207.717,0.02,2,1,
main,508,5,266,-1,208.043,0.05,2,2,
main,509,5,-313,-274,208.25900000000001,0.022,2,1,
main,510,5,549,66,208.579,0.047,2,2,
main,511,5,-551,-20,208.793,0.019,2,1,
main,512,5,423,-113,209.12,0.051000000000000004,2,2,
main,513,5,-300,-13,209.33700000000002,0.023,2,1,
main,514,5,622,-53,209.663,0.05,2,2,
main,515,5,-482,259,209.88,0.022,2,1,
main,516,5,388,136,210.21,0.033,2,1,
main,517,5,213,2,210.541,0.056,2,2,
main,518,5,-167,243,210.756,0.021,2,1,
main,519,5,550,-219,211.083,0.053,2,2,
main,520,5,-432,-6,211.303,0.024,2,1,
main,521,5,484,-146,211.62800000000001,0.054,2,2,
main,522,5,-473,60,211.845,0.029,2,1,
main,523,5,284,-122,212.171,0.059000000000000004,2,2,
main,524,5,-263,-77,212.391,0.026000000000000002,2,1,
main,525,5,247,57,212.716,0.051000000000000004,2,2,
main,526,5,-542,-249,212.931,0.022,2,1,
main,527,5,193,131,213.258,0.05,2,2,
main,528,5,-606,17,213.477,0.024,2,1,
main,529,5,630,60,213.806,0.055,2,1,
main,530,5,424,-199,214.13400000000001,0.064,2,2,
main,531,5,-204,41,214.34900000000002,0.025,2,1,
main,532,5,383,-20,214.67600000000002,0.064,2,2,
main,533,5,-256,27,214.894,0.025,2,1,
main,534,5,371,-126,215.21800000000002,0.049,2,2,
main,535,5,-167,122,215.435,0.025,2,1,
main,536,5,172,74,215.76,0.059000000000000004,2,2,
main,537,5,-281,-233,215.97400000000002,0.026000000000000002,2,1,
main,538,5,469,-152,216.299,0.061,2,2,
main,539,5,-190,-43,216.512,0.026000000000000002,2,2,
main,540,5,-351,319,216.725,0.022,2,1,
main,541,5,494,-17,217.054,0.056,2,2,
main,542,5,-87,160,217.27100000000002,0.027,2,1,
main,543,5,247,29,217.591,0.065,2,2,
main,544,5,-436,1,217.804,0.026000000000000002,2,1,
main,545,5,212,36,218.129,0.062,2,2,
main,546,5,-237,135,218.347,0.03,2,1,
main,547,5,346,21,218.67000000000002,0.051000000000000004,2,2,
main,548,5,-145,-29,218.891,0.027,2,1,
main,549,5,364,178,219.217,0.051000000000000004,2,2,
main,550,5,-519,-128,219.437,0.024,2,1,
main,551,5,246,43,219.766,0.06,2,2,
main,552,5,-400,71,219.985,0.03,2,1,
main,553,5,373,116,220.316,0.061,2,2,
main,554,5,-677,150,220.534,0.024,2,1,
main,555,5,675,-34,220.864,0.06,2,2,
main,556,5,-216,-375,221.078,0.02,2,1,
main,557,5,535,63,221.405,0.047,2,2,
main,558,5,-163,-26,221.624,0.021,2,1,
main,559,5,372,183,221.952,0.052000000000000005,2,2,
main,560,5,-205,-175,222.171,0.024,2,1,
main,561,5,321,-146,222.497,0.052000000000000005,2,2,
main,562,5,-178,142,222.719,0.028,2,1,
main,563,5,436,-52,223.043,0.052000000000000005,2,2,
main,564,5,-413,-231,223.26,0.023,2,1,
main,565,5,544,220,223.582,0.045,2,1,
main,566,5,321,100,223.905,0.054,2,2,
main,567,5,-345,127,224.12,0.032,2,1,
main,568,5,355,25,224.445,0.062,2,2,
main,569,5,-233,-116,224.662,0.026000000000000002,2,2,
main,570,5,-226,-160,224.877,0.021,2,1,
main,571,5,234,-144,225.202,0.051000000000000004,2,2,
main,572,5,-365,-380,225.42000000000002,0.033,2,1,
main,573,5,466,28,225.745,0.062,2,2,
main,574,5,-566,197,225.958,0.023,2,1,
main,575,5,272,148,226.285,0.062,2,2,
main,576,5,-358,-11,226.507,0.031,2,1,
main,577,5,209,-67,226.834,0.054,2,2,
main,578,5,-220,42,227.052,0.024,2,1,
main,579,5,339,-189,227.374,0.058,2,2,
main,580,5,-178,-94,227.589,0.028,2,1,
main,581,5,568,74,227.915,0.065,2,2,
main,582,5,-187,-232,228.133,0.032,2,1,
main,583,5,233,24,228.453,0.055,2,2,
main,584,5,-107,73,228.667,0.026000000000000002,2,1,
main,585,5,465,241,228.991,0.059000000000000004,2,1,
main,586,5,388,-149,229.32,0.067,2,2,
main,587,5,-156,51,229.529,0.021,2,1,
main,588,5,344,-25,229.853,0.058,2,2,
main,589,5,-242,-98,230.071,0.024,2,1,
main,590,5,370,-32,230.393,0.057,2,2,
main,591,5,-335,-70,230.609,0.03,2,1,
main,592,5,366,-162,230.933,0.057,2,2,
main,593,5,-237,-90,231.151,0.027,2,1,
main,594,5,469,277,231.473,0.052000000000000005,2,2,
main,595,5,-396,-168,232.782,1.112,2,1,
main,596,5,344,-241,233.097,0.05,2,2,
main,597,5,-522,-266,233.314,0.032,2,1,
main,598,5,471,164,233.645,0.06,2,2,
main,599,5,-409,-228,233.863,0.021,2,1,
main,600,5,401,70,234.189,0.062,2,2,
main,601,4,215,83,234.407,0.023,2,1,
main,602,4,196,75,234.733,0.054,2,1,
main,603,4,314,-172,235.056,0.048,2,2,
main,604,4,-281,187,235.27,0.019,2,2,
main,605,4,-589,236,235.488,0.023,2,1,
main,606,4,324,-211,235.81300000000002,0.058,2,2,
main,607,4,-207,380,236.03,0.03,2,2,
main,608,4,-357,-213,236.249,0.026000000000000002,2,1,
main,609,4,228,44,236.582,0.068,2,2,
main,610,4,-373,123,236.805,0.031,2,2,
main,611,4,-90,-60,237.022,0.025,2,2,
main,612,4,-534,-342,237.238,0.026000000000000002,2,1,
main,613,4,172,-163,237.56300000000002,0.054,2,1,
main,614,4,440,-146,237.889,0.058,2,2,
main,615,4,-159,219,238.10500000000002,0.026000000000000002,2,2,
main,616,4,-363,-204,238.321,0.024,2,2,
main,617,4,-294,90,238.535,0.02,2,2,
main,618,4,-477,261,238.75400000000002,0.026000000000000002,2,2,
main,619,4,-421,31,238.97,0.029,2,1,
main,620,4,126,50,239.294,0.054,2,1,
main,621,4,196,-186,239.615,0.053,2,2,
main,622,4,-32,-113,239.832,0.028,2,2,
main,623,4,-385,235,240.046,0.023,2,2,
main,624,4,-661,35,240.266,0.031,2,1,
main,625,4,374,-36,240.59,0.054,2,2,
main,626,4,-277,229,240.808,0.024,2,1,
main,627,4,402,87,241.132,0.053,2,1,
main,628,4,63,54,241.454,0.051000000000000004,2,1,
main,629,4,629,-83,241.784,0.058,2,1,
main,630,4,441,165,242.11100000000002,0.053,2,1,
main,631,4,474,13,242.43800000000002,0.053,2,2,
main,632,4,-658,-189,242.653,0.021,2,1,
main,633,4,450,-76,242.981,0.055,2,1,
main,634,4,545,22,243.312,0.062,2,2,
main,635,4,-333,70,243.529,0.023,2,2,
main,636,4,-116,265,243.747,0.027,2,2,
main,637,4,-563,-20,243.963,0.03,2,1,
main,638,4,310,-181,244.288,0.06,2,1,
main,639,4,674,-73,244.608,0.056,2,1,
main,640,4,329,-336,244.936,0.056,2,1,
main,641,4,365,-213,245.26,0.051000000000000004,2,2,
main,642,4,-423,76,245.475,0.023,2,1,
main,643,4,302,106,245.799,0.049,2,2,
main,644,4,-426,-36,246.02100000000002,0.031,2,1,
main,645,4,370,130,246.352,0.054,2,2,
main,646,4,-88,315,246.565,0.025,2,1,
main,647,4,-90,111,246.89600000000002,0.061,2,1,
main,648,4,539,-297,247.222,0.052000000000000005,2,1,
main,649,4,389,-95,247.54500000000002,0.049,2,2,
main,650,4,-238,-126,247.764,0.026000000000000002,2,2,
main,651,4,-584,192,247.98000000000002,0.022,2,1,
main,652,4,9,-163,248.306,0.055,2,2,
main,653,4,-675,47,248.522,0.023,2,2,
main,654,4,-238,-73,248.739,0.023,2,1,
main,655,4,416,380,249.073,0.06,2,1,
main,656,4,394,251,249.399,0.054,2,1,
main,657,4,300,62,249.727,0.052000000000000005,2,1,
main,658,4,577,-77,250.055,0.053,2,1,
main,659,4,409,75,250.38500000000002,0.056,2,2,
main,660,4,-411,-122,250.604,0.024,2,2,
main,661,4,-356,380,250.81900000000002,0.021,2,2,
main,662,4,-446,265,251.038,0.025,2,1,
main,663,4,400,160,251.364,0.052000000000000005,2,1,
main,664,4,472,-81,251.689,0.051000000000000004,2,1,
main,665,4,457,-309,252.014,0.06,2,1,
main,666,4,397,157,252.341,0.055,2,1,
main,667,4,328,262,252.66400000000002,0.051000000000000004,2,2,
main,668,4,-271,-30,252.881,0.023,2,2,
main,669,4,-228,174,253.1,0.026000000000000002,2,2,
main,670,4,-541,-45,253.312,0.018000000000000002,2,2,
main,671,4,-500,133,253.53,0.022,2,2,
main,672,4,-473,-164,253.747,0.022,2,2,
main,673,4,-501,12,253.961,0.018000000000000002,2,2,
main,674,4,-474,-227,254.18,0.022,2,2,
main,675,4,-251,-37,254.40200000000002,0.025,2,2,
main,676,4,-558,13,254.62,0.026000000000000002,2,2,
main,677,4,-277,46,254.84,0.023,2,2,
main,678,4,-501,-91,255.056,0.021,2,2,
main,679,4,-448,-159,255.275,0.026000000000000002,2,2,
main,680,4,-520,380,255.493,0.027,2,2,
main,681,4,-485,53,255.71200000000002,0.027,2,1,
main,682,4,201,-101,256.041,0.056,2,1,
main,683,4,418,160,256.369,0.058,2,2,
main,684,4,-241,-26,256.586,0.023,2,1,
main,685,4,172,149,256.909,0.05,2,1,
main,686,4,198,109,257.234,0.051000000000000004,2,1,
main,687,4,490,168,257.56,0.051000000000000004,2,2,
main,688,4,-384,81,257.775,0.02,2,2,
main,689,4,-395,-105,257.993,0.025,2,2,
main,690,4,-478,154,258.209,0.024,2,2,
main,691,4,-680,10,258.431,0.029,2,1,
main,692,4,135,52,258.752,0.051000000000000004,2,1,
main,693,4,446,-264,259.081,0.056,2,1,
main,694,4,253,42,259.407,0.053,2,1,
main,695,4,680,-60,259.72700000000003,0.049,2,2,
main,696,4,-382,-39,259.947,0.031,2,2,
main,697,4,-325,130,260.165,0.03,2,2,
main,698,4,-287,197,260.38,0.021,2,2,
main,699,4,-253,152,260.594,0.02,2,1,
main,700,4,333,129,260.921,0.052000000000000005,2,1,
main,701,4,288,45,261.25100000000003,0.052000000000000005,2,2,
main,702,4,-611,121,261.469,0.028,2,1,
main,703,4,542,145,261.798,0.056,2,1,
main,704,4,321,148,262.12,0.048,2,1,
main,705,4,187,101,262.444,0.053,2,2,
main,706,4,-562,167,262.665,0.026000000000000002,2,2,
main,707,4,-235,119,262.885,0.03,2,2,
main,708,4,-431,81,263.10200000000003,0.023,2,2,
main,709,4,-680,152,263.32,0.024,2,2,
main,710,4,-304,155,263.536,0.022,2,2,
main,711,4,-302,210,263.753,0.024,2,1,
main,712,4,154,368,264.073,0.045,2,1,
main,713,4,165,122,264.403,0.06,2,2,
main,714,4,-194,-25,264.622,0.023,2,2,
main,715,4,74,125,264.84000000000003,0.024,2,1,
main,716,4,599,-70,265.166,0.053,2,1,
main,717,4,202,-51,265.48900000000003,0.047,2,2,
main,718,4,-309,-325,265.705,0.024,2,2,
main,719,4,-172,-104,265.924,0.024,2,1,
main,720,4,247,-106,266.25,0.053,2,1,
main,721,4,680,71,266.577,0.057,2,1,
main,722,4,546,-218,266.902,0.049,2,2,
main,723,4,-386,175,267.122,0.026000000000000002,2,2,
main,724,4,-399,135,267.339,0.022,2,2,
main,725,4,-364,380,267.557,0.024,2,2,
main,726,4,-407,16,267.775,0.025,2,2,
main,727,4,-395,-339,267.99,0.028,2,2,
main,728,4,-42,46,268.211,0.034,2,2,
main,729,4,-380,98,268.431,0.026000000000000002,2,2,
main,730,4,-277,12,268.65,0.025,2,2,
main,731,4,-206,-76,268.87,0.027,2,1,
main,732,4,269,325,269.196,0.054,2,1,
main,733,4,517,242,269.521,0.048,2,1,
main,734,4,364,107,269.849,0.054,2,2,
main,735,4,-385,68,270.065,0.021,2,1,
main,736,4,198,367,270.391,0.053,2,2,
main,737,4,-32,227,270.609,0.024,2,1,
main,738,4,575,-65,270.934,0.055,2,1,
main,739,4,354,29,271.261,0.055,2,1,
main,740,4,19,-15,271.589,0.055,2,1,
main,741,4,631,110,271.914,0.052000000000000005,2,1,
main,742,4,511,-141,272.24,0.055,2,1,
main,743,4,123,-17,272.563,0.049,2,1,
main,744,4,679,200,272.891,0.058,2,2,
main,745,4,-299,-159,273.108,0.027,2,1,
main,746,4,334,-288,273.438,0.056,2,1,
main,747,4,680,97,273.76300000000003,0.054,2,1,
main,748,4,670,312,274.091,0.052000000000000005,2,2,
main,749,4,-391,-105,274.307,0.027,2,2,
main,750,4,-485,-333,274.52500000000003,0.034,2,1,
main,751,4,415,-290,274.855,0.061,2,1,
main,752,4,122,-139,275.18,0.054,2,1,
main,753,4,105,-71,275.511,0.056,2,1,
main,754,4,399,62,275.836,0.062,2,1,
main,755,4,196,-63,276.158,0.06,2,2,
main,756,4,-231,-268,276.377,0.028,2,2,
main,757,4,-249,46,276.594,0.028,2,1,
main,758,4,298,-61,276.921,0.063,2,2,
main,759,4,-462,288,277.13800000000003,0.022,2,2,
main,760,4,-193,-63,277.357,0.023,2,1,
main,761,4,-67,61,277.686,0.057,2,2,
main,762,4,-474,-338,277.90500000000003,0.026000000000000002,2,2,
main,763,4,-208,182,278.123,0.023,2,2,
main,764,4,-216,104,278.343,0.025,2,2,
main,765,4,-222,-194,278.559,0.022,2,2,
main,766,4,-153,-184,278.777,0.024,2,2,
main,767,4,-286,-102,279,0.027,2,1,
main,768,4,72,-375,279.327,0.053,2,1,
main,769,4,480,218,279.648,0.047,2,2,
main,770,4,-85,-244,279.86400000000003,0.021,2,2,
main,771,4,-338,-218,280.083,0.027,2,2,
main,772,4,-527,-96,280.303,0.024,2,2,
main,773,4,-5,234,280.519,0.023,2,1,
main,774,4,647,36,280.847,0.056,2,2,
main,775,4,-320,-56,281.06600000000003,0.025,2,2,
main,776,4,-573,26,281.286,0.027,2,2,
main,777,4,-200,100,281.502,0.024,2,2,
main,778,4,-680,-35,281.717,0.022,2,1,
main,779,4,39,74,282.047,0.054,2,2,
main,780,4,-316,-162,282.267,0.023,2,2,
main,781,4,-291,-154,282.485,0.023,2,2,
main,782,4,-668,-45,282.704,0.023,2,1,
main,783,4,459,34,283.034,0.053,2,1,
main,784,4,269,202,283.356,0.049,2,1,
main,785,4,43,-12,283.677,0.045,2,2,
main,786,4,-41,380,283.896,0.031,2,2,
main,787,4,-367,-6,284.111,0.025,2,2,
main,788,4,-135,-380,284.327,0.021,2,1,
main,789,4,505,113,284.649,0.046,2,1,
main,790,4,248,-81,284.975,0.058,2,1,
main,791,4,498,-247,285.295,0.046,2,1,
main,792,4,567,250,285.623,0.053,2,1,
main,793,4,277,37,285.95300000000003,0.056,2,1,
main,794,4,202,-210,286.28000000000003,0.051000000000000004,2,2,
main,795,4,-399,94,286.497,0.022,2,1,
main,796,4,572,328,286.823,0.053,2,1,
main,797,4,99,-120,287.15500000000003,0.06,2,1,
main,798,4,555,-110,287.481,0.056,2,2,
main,799,4,-233,-105,287.694,0.02,2,1,
main,800,4,411,-113,288.016,0.047,2,1,
main,801,6,582,-122,288.341,0.053,2,2,
main,802,6,-270,-40,288.561,0.024,2,1,
main,803,6,475,-22,288.886,0.049,2,2,
main,804,6,-208,-154,289.101,0.021,2,1,
main,805,6,680,242,289.426,0.052000000000000005,2,2,
main,806,6,-449,317,289.64300000000003,0.02,2,1,
main,807,6,503,115,289.969,0.052000000000000005,2,2,
main,808,6,-191,118,290.186,0.024,2,1,
main,809,6,233,85,290.512,0.05,2,2,
main,810,6,-173,41,290.73,0.024,2,1,
main,811,6,123,92,291.055,0.055,2,2,
main,812,6,-424,-176,291.27500000000003,0.025,2,1,
main,813,6,373,-41,291.601,0.053,2,2,
main,814,6,-183,-195,291.813,0.024,2,1,
main,815,6,448,-372,292.136,0.058,2,1,
main,816,6,471,101,292.462,0.053,2,2,
main,817,6,-612,-380,292.678,0.02,2,1,
main,818,6,376,-71,293.005,0.05,2,2,
main,819,6,-505,-16,293.226,0.026000000000000002,2,1,
main,820,6,407,257,293.552,0.033,2,2,
main,821,6,-540,-79,293.76800000000003,0.022,2,1,
main,822,6,594,14,294.096,0.056,2,2,
main,823,6,-348,7,294.31600000000003,0.032,2,1,
main,824,6,366,13,294.645,0.054,2,1,
main,825,6,147,-47,294.975,0.056,2,2,
main,826,6,-215,306,295.19100000000003,0.023,2,1,
main,827,6,442,380,295.514,0.052000000000000005,2,2,
main,828,6,-531,-46,295.73,0.022,2,1,
main,829,6,111,-66,296.053,0.052000000000000005,2,1,
main,830,6,339,380,296.382,0.054,2,2,
main,831,6,-150,157,296.601,0.024,2,1,
main,832,6,680,216,296.925,0.048,2,2,
main,833,6,-378,-19,297.141,0.024,2,2,
main,834,6,-192,33,297.359,0.024,2,1,
main,835,6,288,36,297.688,0.06,2,2,
main,836,6,-497,-143,297.906,0.022,2,1,
main,837,6,142,54,298.231,0.052000000000000005,2,2,
main,838,6,-319,-363,298.452,0.028,2,2,
main,839,6,-210,233,298.67,0.023,2,1,
main,840,6,423,-4,299,0.056,2,2,
main,841,6,-480,-329,299.221,0.031,2,1,
main,842,6,579,336,299.549,0.055,2,2,
main,843,6,9,-142,299.762,0.024,2,1,
main,844,6,177,-144,300.086,0.059000000000000004,2,1,
main,845,6,604,307,300.413,0.056,2,2,
main,846,6,-352,-118,300.629,0.018000000000000002,2,1,
main,847,6,443,-68,300.955,0.053,2,2,
main,848,6,-236,313,301.175,0.025,2,1,
main,849,6,73,-23,301.502,0.053,2,2,
main,850,6,-587,156,301.719,0.023,2,1,
main,851,6,534,-37,302.044,0.05,2,2,
main,852,6,-174,162,302.266,0.027,2,1,
main,853,6,371,140,302.591,0.052000000000000005,2,2,
main,854,6,-324,60,302.809,0.023,2,1,
main,855,6,449,97,303.132,0.048,2,2,
main,856,6,-239,27,303.353,0.025,2,1,
main,857,6,281,-137,303.676,0.052000000000000005,2,2,
main,858,6,43,46,303.895,0.023,2,1,
main,859,6,315,106,304.222,0.052000000000000005,2,2,
main,860,6,-193,-44,304.44,0.026000000000000002,2,1,
main,861,6,469,-19,304.767,0.059000000000000004,2,2,
main,862,6,-591,102,304.98,0.026000000000000002,2,1,
main,863,6,435,95,305.306,0.052000000000000005,2,1,
main,864,6,175,159,305.635,0.054,2,2,
main,865,6,-375,219,305.856,0.028,2,2,
main,866,6,8,380,306.074,0.023,2,1,
main,867,6,68,-122,306.404,0.054,2,2,
main,868,6,-506,139,306.621,0.02,2,1,
main,869,6,448,230,306.945,0.05,2,2,
main,870,6,-186,-291,307.166,0.023,2,2,
main,871,6,-260,27,307.383,0.024,2,1,
main,872,6,316,305,307.706,0.054,2,2,
main,873,6,-462,152,307.924,0.034,2,1,
main,874,6,298,-115,308.248,0.057,2,2,
main,875,6,-228,-124,308.466,0.012,2,2,
main,876,6,-176,-265,308.682,0.023,2,1,
main,877,6,418,-152,309.008,0.052000000000000005,2,1,
main,878,6,438,-237,309.332,0.051000000000000004,2,2,
main,879,6,-340,217,309.549,0.023,2,1,
main,880,6,314,310,309.874,0.052000000000000005,2,2,
main,881,6,-527,82,310.091,0.024,2,1,
main,882,6,228,88,310.42,0.053,2,2,
main,883,6,-26,-144,310.636,0.02,2,2,
main,884,6,-365,-254,310.855,0.025,2,1,
main,885,6,389,143,311.18,0.052000000000000005,2,1,
main,886,6,463,-369,311.505,0.051000000000000004,2,2,
main,887,6,-431,-276,311.723,0.025,2,1,
main,888,6,-242,-49,312.05,0.053,2,2,
main,889,6,-209,-21,312.264,0.02,2,1,
main,890,6,379,-34,312.588,0.05,2,2,
main,891,6,-117,380,312.806,0.024,2,1,
main,892,6,680,12,313.129,0.05,2,2,
main,893,6,-238,-127,313.347,0.023,2,1,
main,894,6,422,-315,313.672,0.05,2,1,
main,895,6,354,-22,314,0.052000000000000005,2,2,
main,896,6,-286,74,314.218,0.028,2,1,
main,897,6,265,-215,314.54,0.047,2,2,
main,898,6,-628,1,314.76300000000003,0.027,2,1,
main,899,6,680,161,315.088,0.057,2,2,
main,900,6,-448,61,315.306,0.028,2,1,
main,901,6,38,-380,315.63100000000003,0.064,2,2,
main,902,6,-90,68,315.847,0.027,2,1,
main,903,6,45,-44,316.168,0.064,2,1,
main,904,6,228,-174,316.499,0.062,2,2,
main,905,6,-404,-380,316.718,0.023,2,1,
main,906,6,6,178,317.04200000000003,0.053,2,2,
main,907,6,-680,-112,317.261,0.023,2,1,
main,908,6,312,-164,317.586,0.054,2,2,
main,909,6,-251,204,317.802,0.024,2,1,
main,910,6,361,-237,318.125,0.051000000000000004,2,2,
main,911,6,-345,-67,318.345,0.026000000000000002,2,1,
main,912,6,405,-40,318.67,0.053,2,2,
main,913,6,-169,36,318.88800000000003,0.023,2,1,
main,914,6,680,23,319.212,0.047,2,2,
main,915,6,-46,104,319.426,0.022,2,2,
main,916,6,-477,144,319.645,0.024,2,1,
main,917,6,579,249,319.972,0.053,2,2,
main,918,6,-452,-380,320.19100000000003,0.024,2,1,
main,919,6,553,289,320.514,0.05,2,2,
main,920,6,-170,-292,320.733,0.024,2,1,
main,921,6,463,345,321.062,0.053,2,2,
main,922,6,-499,-295,321.281,0.025,2,1,
main,923,6,299,80,321.60200000000003,0.049,2,2,
main,924,6,-196,256,321.818,0.021,2,2,
main,925,6,-138,380,322.035,0.024,2,1,
main,926,6,279,111,322.365,0.055,2,2,
main,927,6,-341,281,322.583,0.027,2,1,
main,928,6,352,-205,322.913,0.058,2,2,
main,929,6,-541,-18,323.13100000000003,0.024,2,1,
main,930,6,314,166,323.454,0.047,2,2,
main,931,6,-498,79,323.673,0.024,2,1,
main,932,6,497,-33,323.996,0.059000000000000004,2,2,
main,933,6,-415,-49,324.211,0.024,2,1,
main,934,6,405,380,324.536,0.059000000000000004,2,2,
main,935,6,-193,147,324.752,0.022,2,1,
main,936,6,448,19,325.081,0.055,2,2,
main,937,6,-52,-195,325.29900000000004,0.026000000000000002,2,1,
main,938,6,380,249,325.627,0.058,2,2,
main,939,6,-590,1,325.845,0.023,2,1,
main,940,6,291,206,326.175,0.061,2,2,
main,941,6,-630,122,326.389,0.018000000000000002,2,1,
main,942,6,307,126,326.71500000000003,0.054,2,2,
main,943,6,-626,2,326.933,0.023,2,1,
main,944,6,219,136,327.262,0.059000000000000004,2,2,
main,945,6,-181,-9,327.478,0.021,2,2,
main,946,6,55,-17,327.698,0.033,2,1,
main,947,6,390,-180,328.024,0.053,2,2,
main,948,6,-546,83,328.24,0.025,2,1,
main,949,6,303,17,328.56600000000003,0.05,2,2,
main,950,6,-251,45,328.78700000000003,0.028,2,1,
main,951,6,400,280,329.118,0.058,2,2,
main,952,6,-42,109,329.335,0.023,2,1,
main,953,6,290,-317,329.664,0.052000000000000005,2,2,
main,954,6,-653,8,329.884,0.024,2,1,
main,955,6,-129,15,330.213,0.047,2,2,
main,956,6,-638,141,330.43,0.023,2,1,
main,957,6,447,-250,330.759,0.058,2,2,
main,958,6,69,-334,330.978,0.024,2,1,
main,959,6,323,23,331.308,0.058,2,2,
main,960,6,-358,241,331.528,0.024,2,1,
main,961,6,311,48,331.846,0.048,2,2,
main,962,6,-268,-100,332.062,0.028,2,1,
main,963,6,87,105,332.391,0.057,2,2,
main,964,6,-474,-176,332.611,0.024,2,1,
main,965,6,411,-6,332.94,0.057,2,2,
main,966,6,-287,380,333.163,0.027,2,1,
main,967,6,199,-35,333.49,0.055,2,2,
main,968,6,-344,197,333.704,0.02,2,1,
main,969,6,342,68,334.03000000000003,0.052000000000000005,2,2,
main,970,6,-246,110,334.245,0.019,2,2,
main,971,6,-341,75,334.46,0.022,2,1,
main,972,6,418,19,334.782,0.058,2,2,
main,973,6,-349,-380,334.997,0.026000000000000002,2,1,
main,974,6,246,196,335.327,0.059000000000000004,2,2,
main,975,6,-619,-380,335.545,0.023,2,1,
main,976,6,198,15,335.873,0.054,2,2,
main,977,6,-346,27,336.092,0.026000000000000002,2,1,
main,978,6,159,-94,336.416,0.051000000000000004,2,2,
main,979,6,-328,39,336.634,0.025,2,1,
main,980,6,516,-25,336.966,0.059000000000000004,2,2,
main,981,6,-461,40,337.182,0.026000000000000002,2,1,
main,982,6,330,-72,337.504,0.051000000000000004,2,2,
main,983,6,-75,25,337.719,0.023,2,1,
main,984,6,248,338,338.046,0.052000000000000005,2,2,
main,985,6,-451,-204,338.26300000000003,0.022,2,1,
main,986,6,509,84,338.585,0.05,2,2,
main,987,6,-525,-82,338.798,0.018000000000000002,2,1,
main,988,6,467,76,339.123,0.052000000000000005,2,2,
main,989,6,-470,207,339.34000000000003,0.024,2,2,
main,990,6,-668,66,339.558,0.024,2,1,
main,991,6,486,-21,339.887,0.061,2,2,
main,992,6,-282,297,340.103,0.029,2,1,
main,993,6,61,-48,340.427,0.052000000000000005,2,2,
main,994,6,-216,46,340.646,0.025,2,1,
main,995,6,391,203,340.966,0.047,2,2,
main,996,6,-231,-191,341.183,0.023,2,1,
main,997,6,290,338,341.508,0.051000000000000004,2,2,
main,998,6,-408,-160,341.725,0.022,2,1,
main,999,6,237,-3,342.056,0.057,2,2,
main,1000,6,-256,141,342.271,0.02,2,1,
main,1001,2,-604,-98,342.6,0.055,2,2,
main,1002,2,-147,-2,342.814,0.019,2,2,
main,1003,2,-475,-350,343.029,0.02,2,2,
main,1004,2,-172,7,343.248,0.025,2,2,
main,1005,2,-277,77,343.466,0.025,2,2,
main,1006,2,-246,-45,343.685,0.025,2,2,
main,1007,2,-680,203,343.902,0.025,2,2,
main,1008,2,-362,146,344.121,0.026000000000000002,2,2,
main,1009,2,-680,-106,344.339,0.022,2,2,
main,1010,2,-2,-276,344.556,0.021,2,2,
main,1011,2,-559,-138,344.774,0.022,2,2,
main,1012,2,-491,-91,344.992,0.022,2,2,
main,1013,2,-39,25,345.209,0.025,2,2,
main,1014,2,-311,-117,345.425,0.023,2,2,
main,1015,2,-38,-229,345.64300000000003,0.023,2,2,
main,1016,2,-558,38,345.862,0.024,2,2,
main,1017,2,-102,181,346.082,0.023,2,2,
main,1018,2,-670,32,346.29900000000004,0.024,2,2,
main,1019,2,-280,357,346.523,0.03,2,2,
main,1020,2,-452,234,346.741,0.024,2,2,
main,1021,2,-320,-80,346.954,0.016,2,2,
main,1022,2,-313,223,347.169,0.021,2,2,
main,1023,2,-290,-251,347.38800000000003,0.025,2,2,
main,1024,2,-329,326,347.606,0.025,2,2,
main,1025,2,-595,26,347.821,0.024,2,2,
main,1026,2,-470,-281,348.039,0.032,2,2,
main,1027,2,-321,-65,348.258,0.03,2,2,
main,1028,2,-22,33,348.475,0.026000000000000002,2,2,
main,1029,2,-129,12,348.689,0.025,2,2,
main,1030,2,-52,-8,348.906,0.024,2,2,
main,1031,2,-462,-374,349.121,0.021,2,2,
main,1032,2,-376,197,349.342,0.025,2,2,
main,1033,2,-265,186,349.559,0.025,2,2,
main,1034,2,-219,189,349.777,0.026000000000000002,2,2,
main,1035,2,-44,135,349.992,0.022,2,2,
main,1036,2,-143,197,350.205,0.027,2,2,
main,1037,2,-458,4,350.421,0.027,2,2,
main,1038,2,-192,-132,350.636,0.027,2,2,
main,1039,2,-603,-380,350.855,0.034,2,2,
main,1040,2,-392,-193,351.069,0.025,2,1,
main,1041,2,594,-380,351.396,0.056,2,1,
main,1042,2,680,120,351.722,0.053,2,2,
main,1043,2,-136,212,351.942,0.025,2,2,
main,1044,2,-456,380,352.15500000000003,0.019,2,2,
main,1045,2,-388,-301,352.37,0.021,2,2,
main,1046,2,-393,-165,352.591,0.023,2,2,
main,1047,2,-228,-210,352.813,0.029,2,2,
main,1048,2,-347,103,353.03000000000003,0.023,2,1,
main,1049,2,314,62,353.355,0.05,2,1,
main,1050,2,356,150,353.67900000000003,0.048,2,1,
main,1051,2,528,-53,354.002,0.049,2,1,
main,1052,2,609,252,354.327,0.051000000000000004,2,1,
main,1053,2,235,-198,354.65500000000003,0.065,2,1,
main,1054,2,294,-340,354.98,0.052000000000000005,2,1,
main,1055,2,315,83,355.308,0.059000000000000004,2,1,
main,1056,2,261,380,355.63100000000003,0.046,2,2,
main,1057,2,-228,-218,355.851,0.031,2,2,
main,1058,2,-232,30,356.068,0.032,2,1,
main,1059,2,391,61,356.387,0.049,2,1,
main,1060,2,197,-380,356.713,0.053,2,1,
main,1061,2,272,-118,357.036,0.052000000000000005,2,1,
main,1062,2,425,-90,357.367,0.056,2,1,
main,1063,2,116,120,357.695,0.055,2,1,
main,1064,2,459,137,358.024,0.06,2,1,
main,1065,2,58,93,358.35,0.049,2,1,
main,1066,2,359,88,358.678,0.058,2,2,
main,1067,2,15,192,358.898,0.027,2,2,
main,1068,2,-319,318,359.112,0.017,2,2,
main,1069,2,-216,1,359.33,0.025,2,2,
main,1070,2,-632,-223,359.545,0.019,2,2,
main,1071,2,-98,-95,359.762,0.024,2,2,
main,1072,2,-41,-66,359.981,0.023,2,2,
main,1073,2,-659,-380,360.197,0.025,2,2,
main,1074,2,-164,-25,360.415,0.03,2,2,
main,1075,2,-361,-14,360.633,0.026000000000000002,2,2,
main,1076,2,-680,-24,360.851,0.024,2,2,
main,1077,2,-479,232,361.071,0.032,2,2,
main,1078,2,-356,218,361.293,0.029,2,2,
main,1079,2,-273,214,361.507,0.026000000000000002,2,2,
main,1080,2,-297,-21,361.72700000000003,0.026000000000000002,2,2,
main,1081,2,-341,-295,361.945,0.028,2,1,
main,1082,2,604,343,362.272,0.063,2,1,
main,1083,2,443,-197,362.595,0.056,2,1,
main,1084,2,505,50,362.92400000000004,0.058,2,1,
main,1085,2,295,19,363.246,0.053,2,1,
main,1086,2,385,266,363.572,0.052000000000000005,2,1,
main,1087,2,537,251,363.892,0.051000000000000004,2,2,
main,1088,2,-375,-65,364.106,0.027,2,2,
main,1089,2,-304,380,364.321,0.032,2,2,
main,1090,2,-582,-152,364.539,0.03,2,2,
main,1091,2,-310,195,364.757,0.035,2,2,
main,1092,2,-207,-158,364.972,0.025,2,2,
main,1093,2,-674,32,365.19,0.033,2,2,
main,1094,2,-75,118,365.404,0.025,2,2,
main,1095,2,-335,380,365.621,0.018000000000000002,2,2,
main,1096,2,-21,47,365.837,0.032,2,2,
main,1097,2,-287,34,366.055,0.033,2,2,
main,1098,2,-621,-126,366.269,0.022,2,1,
main,1099,2,87,183,366.593,0.054,2,1,
main,1100,2,184,228,366.926,0.064,2,2,
main,1101,2,-416,53,367.137,0.028,2,2,
main,1102,2,-282,235,367.353,0.025,2,1,
main,1103,2,125,380,367.68600000000004,0.07,2,1,
main,1104,2,351,83,368.004,0.055,2,1,
main,1105,2,661,56,368.326,0.06,2,2,
main,1106,2,-572,117,368.544,0.025,2,2,
main,1107,2,-425,107,368.76,0.029,2,2,
main,1108,2,-133,-95,368.978,0.032,2,1,
main,1109,2,266,-120,369.3,0.054,2,1,
main,1110,2,531,6,369.627,0.059000000000000004,2,1,
main,1111,2,295,116,369.954,0.057,2,1,
main,1112,2,110,-54,370.28000000000003,0.058,2,1,
main,1113,2,211,-152,370.606,0.059000000000000004,2,1,
main,1114,2,680,-30,370.931,0.064,2,1,
main,1115,2,283,-135,371.25100000000003,0.061,2,2,
main,1116,2,-222,-380,371.467,0.031,2,2,
main,1117,2,-523,-315,371.681,0.028,2,2,
main,1118,2,-680,208,371.903,0.037,2,2,
main,1119,2,-182,19,372.119,0.031,2,2,
main,1120,2,-526,305,372.335,0.023,2,2,
main,1121,2,19,-125,372.551,0.022,2,2,
main,1122,2,-489,-5,372.772,0.035,2,2,
main,1123,2,-537,-143,372.992,0.028,2,1,
main,1124,2,560,-88,373.319,0.055,2,1,
main,1125,2,107,178,373.642,0.051000000000000004,2,1,
main,1126,2,262,43,373.97,0.055,2,1,
main,1127,2,311,156,374.296,0.055,2,1,
main,1128,2,310,74,374.617,0.053,2,1,
main,1129,2,351,-380,374.945,0.058,2,1,
main,1130,2,491,-254,375.272,0.056,2,1,
main,1131,2,221,-136,375.596,0.054,2,1,
main,1132,2,458,-2,375.927,0.066,2,2,
main,1133,2,-14,-34,376.147,0.027,2,2,
main,1134,2,1,330,376.366,0.027,2,2,
main,1135,2,-638,-47,376.584,0.026000000000000002,2,2,
main,1136,2,-425,244,376.805,0.028,2,2,
main,1137,2,-216,8,377.023,0.025,2,2,
main,1138,2,-16,-321,377.238,0.023,2,2,
main,1139,2,-272,175,377.455,0.025,2,2,
main,1140,2,-231,178,377.673,0.025,2,2,
main,1141,2,-404,23,377.89300000000003,0.028,2,2,
main,1142,2,-285,-148,378.111,0.026000000000000002,2,2,
main,1143,2,-125,72,378.329,0.027,2,2,
main,1144,2,-513,40,378.546,0.025,2,1,
main,1145,2,316,-315,378.868,0.053,2,1,
main,1146,2,322,-5,379.193,0.052000000000000005,2,1,
main,1147,2,557,-306,379.519,0.056,2,1,
main,1148,2,177,215,379.843,0.054,2,1,
main,1149,2,533,161,380.164,0.054,2,1,
main,1150,2,152,8,380.49,0.053,2,1,
main,1151,2,418,323,380.815,0.057,2,1,
main,1152,2,497,-50,381.13800000000003,0.053,2,1,
main,1153,2,243,324,381.461,0.047,2,1,
main,1154,2,680,138,381.79200000000003,0.058,2,1,
main,1155,2,232,-223,382.117,0.053,2,1,
main,1156,2,310,-120,382.444,0.056,2,1,
main,1157,2,402,-42,382.77500000000003,0.062,2,1,
main,1158,2,217,-164,383.10200000000003,0.054,2,1,
main,1159,2,373,60,383.432,0.059000000000000004,2,1,
main,1160,2,424,175,383.75600000000003,0.054,2,1,
main,1161,2,113,154,384.07800000000003,0.05,2,1,
main,1162,2,680,-77,384.40500000000003,0.056,2,1,
main,1163,2,491,78,384.733,0.058,2,1,
main,1164,2,427,55,385.059,0.059000000000000004,2,1,
main,1165,2,680,-46,385.383,0.053,2,1,
main,1166,2,334,-79,385.711,0.06,2,1,
main,1167,2,563,-380,386.03700000000003,0.055,2,1,
main,1168,2,330,-110,386.363,0.055,2,1,
main,1169,2,314,-106,386.69,0.054,2,1,
main,1170,2,333,-57,387.01800000000003,0.054,2,1,
main,1171,2,311,-11,387.341,0.047,2,1,
main,1172,2,604,-34,387.668,0.059000000000000004,2,1,
main,1173,2,519,176,387.991,0.058,2,1,
main,1174,2,593,-146,388.32300000000004,0.069,2,1,
main,1175,2,231,226,388.649,0.053,2,1,
main,1176,2,205,305,388.978,0.059000000000000004,2,1,
main,1177,2,562,-368,389.301,0.053,2,1,
main,1178,2,537,-24,389.627,0.052000000000000005,2,1,
main,1179,2,90,-151,389.954,0.053,2,1,
main,1180,2,61,246,390.281,0.055,2,1,
main,1181,2,-43,-312,390.606,0.051000000000000004,2,1,
main,1182,2,134,-380,390.93,0.054,2,2,
main,1183,2,-349,-380,391.144,0.022,2,2,
main,1184,2,-561,-380,391.361,0.025,2,2,
main,1185,2,-273,380,391.574,0.021,2,2,
main,1186,2,-666,11,391.791,0.024,2,2,
main,1187,2,-332,-49,392.011,0.028,2,2,
main,1188,2,-317,-321,392.229,0.027,2,1,
main,1189,2,272,238,392.556,0.055,2,1,
main,1190,2,-66,-39,392.883,0.054,2,1,
main,1191,2,554,-280,393.209,0.055,2,1,
main,1192,2,156,-132,393.539,0.058,2,2,
main,1193,2,-353,-139,393.759,0.027,2,2,
main,1194,2,-317,-232,393.979,0.026000000000000002,2,2,
main,1195,2,-187,-272,394.195,0.025,2,2,
main,1196,2,-78,-211,394.413,0.026000000000000002,2,2,
main,1197,2,-511,-2,394.63,0.026000000000000002,2,1,
main,1198,2,67,182,394.961,0.066,2,1,
main,1199,2,342,-109,395.285,0.057,2,1,
main,1200,2,-60,-24,395.613,0.06,2,1,
