Version:,2,Orginal File Name:,CT-JTCTTEST-T2.csv,UserAGENT:Mozilla/5.0 (Macintosh; Intel Mac OS X 10_12_6) AppleWebKit/605.1.15 (KHTML, like Gecko) Version/11.1.1 Safari/605.1.15,IP: ::1,Time:,2018_6_29_19_56,Parameter File:,None:FromPsyToolkit
trial_type,trial_number,block_num,egg_x_position,egg_y_position,absolute_time_sec,response_time_sec,response,result
practice,1,1,-154,-163,15.528,0.452,3,2,
practice,2,1,78,42,17.981,2.261,2,2,
practice,3,1,-56,-87,18.198,0.029,2,2,
practice,4,1,-368,-364,18.411,0.02,2,2,
practice,5,1,-434,190,18.628,0.031,2,2,
practice,6,1,-318,-102,18.844,0.033,2,1,
practice,7,1,208,224,19.167,0.058,2,1,
practice,8,1,239,-67,19.493000000000002,0.062,2,1,
practice,9,1,632,331,19.815,0.058,2,1,
practice,10,1,362,151,20.141000000000002,0.062,2,1,
practice,12,1,480,-140,20.467,0.007,2,1,
practice,13,1,208,-188,20.789,0.044,2,1,
practice,14,1,90,136,21.12,0.07200000000000001,2,2,
practice,15,1,-433,-21,21.335,0.026000000000000002,2,2,
practice,16,1,-680,-38,21.554000000000002,0.028,2,1,
practice,17,1,199,-266,21.88,0.064,2,1,
practice,18,1,278,139,22.204,0.061,2,2,
practice,19,1,-201,1,22.416,0.026000000000000002,2,2,
practice,20,1,-261,-132,22.632,0.028,2,2,
practice,21,1,-563,-121,22.851,0.031,2,2,
practice,22,1,-218,-59,23.068,0.027,2,1,
practice,23,1,302,51,23.393,0.059000000000000004,2,1,
practice,24,1,366,359,23.718,0.061,2,1,
practice,25,1,640,147,24.041,0.065,2,2,
practice,26,1,-460,-194,24.258,0.034,2,2,
practice,27,1,-424,262,24.475,0.034,2,2,
practice,28,1,-144,4,24.691,0.038,2,2,
practice,29,1,-41,134,24.907,0.033,2,2,
practice,30,1,-144,224,25.123,0.034,2,2,
practice,31,1,-185,-116,25.341,0.033,2,2,
practice,32,1,-503,47,25.557000000000002,0.03,2,2,
practice,33,1,-183,213,25.769000000000002,0.025,2,2,
practice,34,1,-339,7,25.985,0.031,2,2,
practice,35,1,-274,-180,26.201,0.032,2,2,
practice,36,1,-429,70,26.415,0.027,2,2,
practice,37,1,-469,174,26.633,0.034,2,2,
practice,38,1,-148,-318,26.846,0.026000000000000002,2,2,
practice,39,1,-323,-61,27.067,0.037,2,2,
practice,40,1,-545,-126,27.287,0.034,2,2,
practice,41,1,-407,188,27.509,0.044,2,2,
practice,42,1,-183,249,27.725,0.033,2,2,
practice,43,1,-467,-47,27.941,0.026000000000000002,2,2,
practice,44,1,-486,-110,28.158,0.034,2,2,
practice,45,1,-279,313,28.371000000000002,0.027,2,2,
practice,46,1,-494,173,28.59,0.033,2,2,
practice,47,1,-127,27,28.808,0.032,2,2,
practice,48,1,-149,-50,29.026,0.03,2,1,
practice,49,1,99,-163,29.348,0.063,2,1,
practice,50,1,247,57,29.674,0.066,2,1,
practice,51,1,7,96,29.997,0.062,2,1,
practice,52,1,680,107,30.319,0.063,2,1,
practice,53,1,309,-4,30.641000000000002,0.061,2,1,
practice,54,1,25,27,30.967000000000002,0.068,2,1,
practice,55,1,63,64,31.294,0.07,2,1,
practice,56,1,490,-64,31.617,0.059000000000000004,2,1,
practice,57,1,379,-110,31.941,0.062,2,2,
practice,58,1,-262,152,32.157000000000004,0.032,2,2,
practice,59,1,-354,-206,32.374,0.033,2,2,
practice,60,1,-608,294,32.595,0.035,2,2,
practice,61,1,-387,-41,32.813,0.034,2,2,
practice,62,1,-192,18,33.029,0.031,2,1,
practice,63,1,263,241,33.352000000000004,0.064,2,1,
practice,64,1,379,122,33.678,0.067,2,2,
practice,65,1,-389,71,33.896,0.035,2,2,
practice,66,1,-469,-150,34.113,0.032,2,2,
practice,67,1,-256,-113,34.331,0.035,2,2,
practice,68,1,-255,114,34.545,0.029,2,2,
practice,69,1,-33,-82,34.759,0.033,2,2,
practice,70,1,-357,228,34.974000000000004,0.031,2,2,
practice,71,1,-284,-124,35.197,0.037,2,2,
practice,72,1,-254,190,35.416000000000004,0.035,2,2,
practice,73,1,-336,83,35.631,0.031,2,2,
practice,74,1,-72,68,35.849000000000004,0.036000000000000004,2,2,
practice,75,1,-283,-36,36.068,0.035,2,2,
practice,76,1,-261,38,36.284,0.033,2,2,
practice,77,1,-586,-212,36.5,0.034,2,2,
practice,78,1,-279,-153,36.716,0.034,2,2,
practice,79,1,-384,83,36.934,0.034,2,2,
practice,80,1,-325,207,37.147,0.031,2,1,
practice,81,1,275,3,37.472,0.059000000000000004,2,1,
practice,82,1,410,20,37.791000000000004,0.055,2,1,
practice,83,1,169,100,38.115,0.062,2,1,
practice,84,1,140,229,38.439,0.062,2,1,
practice,85,1,263,12,38.766,0.067,2,1,
practice,86,1,293,-157,39.083,0.055,2,1,
practice,87,1,315,-111,39.406,0.059000000000000004,2,1,
practice,88,1,525,60,39.734,0.068,2,1,
practice,89,1,212,46,40.057,0.067,2,2,
practice,90,1,-283,-59,40.27,0.031,2,2,
practice,91,1,-85,14,40.489000000000004,0.038,2,1,
practice,92,1,250,209,40.816,0.066,2,1,
practice,93,1,-80,-82,41.141,0.062,2,2,
practice,94,1,-451,-82,41.358000000000004,0.032,2,2,
practice,95,1,-245,-53,41.572,0.037,2,1,
practice,96,1,300,27,41.895,0.064,2,1,
practice,97,1,285,30,42.22,0.063,2,1,
practice,98,1,-181,30,42.541000000000004,0.057,2,1,
practice,99,1,287,-40,42.861000000000004,0.06,2,1,
practice,100,1,271,-51,43.187,0.068,2,1,
practice,101,1,214,105,43.512,0.062,2,1,
practice,102,1,407,330,43.838,0.062,2,1,
practice,103,1,273,-1,44.157000000000004,0.063,2,1,
practice,104,1,167,-13,44.484,0.06,2,1,
practice,105,1,346,-14,44.817,0.07200000000000001,2,1,
practice,106,1,391,87,45.142,0.062,2,1,
practice,107,1,92,-41,45.473,0.067,2,1,
practice,108,1,546,-100,45.794000000000004,0.058,2,1,
practice,109,1,359,134,46.119,0.062,2,1,
practice,110,1,305,-114,46.444,0.064,2,1,
practice,111,1,221,-188,46.768,0.064,2,1,
practice,112,1,250,-37,47.096000000000004,0.066,2,2,
practice,113,1,-517,143,47.312,0.033,2,2,
practice,114,1,-510,-130,47.526,0.029,2,1,
practice,115,1,323,-186,47.848,0.059000000000000004,2,1,
practice,116,1,417,-240,48.171,0.063,2,1,
practice,117,1,314,-37,48.497,0.063,2,1,
practice,118,1,239,48,48.827,0.065,2,1,
practice,119,1,275,155,49.153,0.073,2,1,
practice,120,1,274,89,49.477000000000004,0.068,2,1,
practice,121,1,346,44,49.800000000000004,0.063,2,1,
practice,122,1,158,37,50.123,0.051000000000000004,2,1,
practice,123,1,256,65,50.447,0.07,2,1,
practice,124,1,-19,95,50.771,0.061,2,1,
practice,125,1,359,-220,51.101,0.07200000000000001,2,1,
practice,126,1,429,279,51.417,0.048,2,1,
practice,127,1,50,-102,51.745000000000005,0.064,2,1,
practice,128,1,292,111,52.072,0.065,2,2,
practice,129,1,-287,89,52.289,0.038,2,2,
practice,130,1,140,4,52.51,0.033,2,2,
practice,131,1,-328,-1,52.725,0.029,2,2,
practice,132,1,-392,-18,52.937,0.025,2,2,
practice,133,1,-357,149,53.155,0.036000000000000004,2,2,
practice,134,1,-261,95,53.366,0.025,2,2,
practice,135,1,-241,183,53.586,0.036000000000000004,2,2,
practice,136,1,-503,-182,53.803000000000004,0.04,2,2,
practice,137,1,-395,211,54.016,0.033,2,2,
practice,138,1,-404,-198,54.230000000000004,0.036000000000000004,2,1,
practice,139,1,91,190,54.557,0.069,2,1,
practice,140,1,204,-130,54.881,0.065,2,1,
main,1,5,-107,215,65.006,0.018000000000000002,2,2,
main,2,5,-326,-80,65.21900000000001,0.023,2,1,
main,3,5,269,-176,65.544,0.056,2,2,
main,4,5,-365,4,65.765,0.034,2,1,
main,5,5,459,-76,66.087,0.059000000000000004,2,1,
main,6,5,364,136,66.415,0.055,2,2,
main,7,5,-274,-192,66.629,0.022,2,1,
main,8,5,501,-58,66.958,0.064,2,2,
main,9,5,-388,-270,67.172,0.034,2,1,
main,10,5,234,-88,67.495,0.058,2,1,
main,12,5,-176,-31,67.926,0.101,2,1,
main,13,5,222,147,68.251,0.062,2,2,
main,14,5,-252,-102,68.46900000000001,0.025,2,1,
main,15,5,314,23,68.788,0.049,2,1,
main,16,5,135,-540,69.116,0.062,2,2,
main,17,5,-208,-129,69.334,0.029,2,1,
main,18,5,147,-216,69.66,0.062,2,2,
main,19,5,-497,-23,69.874,0.028,2,1,
main,20,5,245,96,70.20100000000001,0.069,2,2,
main,21,5,-398,275,70.42,0.032,2,2,
main,22,5,-183,-86,70.637,0.035,2,2,
main,23,5,-77,-98,70.852,0.033,2,1,
main,24,5,258,72,71.181,0.066,2,2,
main,25,5,124,-24,71.395,0.025,2,1,
main,26,5,327,73,71.726,0.063,2,2,
main,27,5,-148,-20,71.94500000000001,0.028,2,1,
main,28,5,277,-228,72.272,0.065,2,2,
main,29,5,-384,-425,72.49,0.029,2,1,
main,30,5,511,127,72.82000000000001,0.07,2,1,
main,31,5,400,91,73.14,0.054,2,2,
main,32,5,-406,-257,73.354,0.023,2,1,
main,33,5,225,221,73.673,0.049,2,2,
main,34,5,-425,-20,73.89,0.029,2,1,
main,35,5,233,-140,74.217,0.064,2,2,
main,36,5,-160,-99,74.432,0.023,2,1,
main,37,5,457,32,74.757,0.059000000000000004,2,2,
main,38,5,-120,-208,74.974,0.027,2,2,
main,39,5,-28,3,75.193,0.027,2,1,
main,40,5,80,-8,75.515,0.054,2,2,
main,41,5,-324,193,75.732,0.027,2,1,
main,42,5,326,-323,76.057,0.063,2,2,
main,43,5,-143,35,76.27,0.022,2,1,
main,44,5,476,-538,76.598,0.057,2,2,
main,45,5,-15,-71,76.815,0.031,2,2,
main,46,5,-222,-258,77.03,0.027,2,1,
main,47,5,241,62,77.355,0.059000000000000004,2,2,
main,48,5,-360,-116,77.57000000000001,0.028,2,2,
main,49,5,-492,-52,77.784,0.02,2,1,
main,50,5,140,149,78.11,0.058,2,1,
main,51,5,36,153,78.435,0.06,2,2,
main,52,5,-328,-27,78.649,0.022,2,1,
main,53,5,447,-2,78.97500000000001,0.058,2,2,
main,54,5,-373,-30,79.19500000000001,0.029,2,1,
main,55,5,451,-30,79.525,0.066,2,2,
main,56,5,-457,-181,79.742,0.029,2,1,
main,57,5,608,-294,80.06700000000001,0.067,2,2,
main,58,5,-587,-174,80.288,0.033,2,2,
main,59,5,-396,-121,80.504,0.028,2,1,
main,60,5,234,220,80.828,0.063,2,2,
main,61,5,-573,44,81.048,0.03,2,1,
main,62,5,57,31,81.373,0.061,2,2,
main,63,5,-418,-47,81.59,0.026000000000000002,2,1,
main,64,5,399,9,81.912,0.054,2,1,
main,65,5,134,-200,82.237,0.062,2,2,
main,66,5,-201,29,82.45700000000001,0.026000000000000002,2,1,
main,67,5,233,213,82.78,0.052000000000000005,2,1,
main,68,5,332,-224,83.10600000000001,0.055,2,2,
main,69,5,-443,-119,83.325,0.028,2,1,
main,70,5,397,211,83.654,0.058,2,2,
main,71,5,-307,-109,83.875,0.027,2,1,
main,72,5,329,-13,84.2,0.054,2,2,
main,73,5,-589,-61,84.419,0.028,2,1,
main,74,5,224,-146,84.744,0.061,2,2,
main,75,5,-466,4,84.96300000000001,0.032,2,1,
main,76,5,247,28,85.289,0.06,2,2,
main,77,5,-495,-114,85.506,0.021,2,2,
main,78,5,-240,67,85.72200000000001,0.025,2,2,
main,79,5,-222,120,85.935,0.019,2,1,
main,80,5,361,94,86.261,0.051000000000000004,2,2,
main,81,5,-346,-264,86.48,0.027,2,1,
main,82,5,509,-215,86.806,0.057,2,1,
main,83,5,494,-2,87.133,0.057,2,2,
main,84,5,-318,-155,87.34700000000001,0.019,2,1,
main,85,5,254,40,87.675,0.057,2,2,
main,86,5,-82,28,87.893,0.028,2,1,
main,87,5,-92,-155,88.221,0.057,2,2,
main,88,5,-423,240,88.43900000000001,0.03,2,1,
main,89,5,402,168,88.767,0.057,2,2,
main,90,5,-247,-33,88.987,0.026000000000000002,2,1,
main,91,5,317,-171,89.312,0.052000000000000005,2,2,
main,92,5,-420,89,89.525,0.022,2,2,
main,93,5,-257,-57,89.74,0.023,2,1,
main,94,5,304,198,90.068,0.06,2,2,
main,95,5,-326,-65,90.282,0.021,2,1,
main,96,5,208,174,90.602,0.056,2,2,
main,97,5,-399,-45,90.81700000000001,0.021,2,1,
main,98,5,336,-31,91.138,0.052000000000000005,2,2,
main,99,5,-623,155,91.35600000000001,0.027,2,1,
main,100,5,170,83,91.686,0.062,2,1,
main,101,5,490,89,92.013,0.056,2,2,
main,102,5,-280,149,92.23400000000001,0.03,2,1,
main,103,5,162,125,92.566,0.064,2,2,
main,104,5,-76,-10,92.78,0.021,2,1,
main,105,5,334,-118,93.10600000000001,0.055,2,2,
main,106,5,-333,-55,93.327,0.028,2,1,
main,107,5,264,61,93.651,0.054,2,2,
main,108,5,-380,-1,93.87,0.028,2,2,
main,109,5,-275,-274,94.089,0.029,2,1,
main,110,5,511,66,94.42,0.06,2,2,
main,111,5,-513,-20,94.639,0.028,2,1,
main,112,5,385,-113,94.964,0.055,2,2,
main,113,5,-262,-13,95.181,0.028,2,1,
main,114,5,584,-53,95.508,0.059000000000000004,2,2,
main,115,5,-444,259,95.727,0.032,2,2,
main,116,5,-258,136,95.941,0.024,2,1,
main,117,5,175,2,96.265,0.061,2,2,
main,118,5,-129,243,96.485,0.033,2,1,
main,119,5,512,-219,96.806,0.055,2,2,
main,120,5,-394,-6,97.022,0.027,2,1,
main,121,5,446,-146,97.354,0.069,2,2,
main,122,5,-435,60,97.57000000000001,0.026000000000000002,2,1,
main,123,5,246,-122,97.9,0.065,2,2,
main,124,5,-225,-77,98.11200000000001,0.021,2,2,
main,125,5,-399,57,98.33,0.028,2,2,
main,126,5,-504,-249,98.547,0.027,2,1,
main,127,5,155,131,98.871,0.062,2,2,
main,128,5,-568,17,99.08500000000001,0.027,2,1,
main,129,5,592,60,99.415,0.057,2,2,
main,130,5,-222,-199,99.638,0.033,2,1,
main,131,5,442,41,99.958,0.059000000000000004,2,2,
main,132,5,-263,-20,100.172,0.026000000000000002,2,1,
main,133,5,390,27,100.499,0.069,2,2,
main,134,5,-275,-126,100.714,0.032,2,1,
main,135,5,479,122,101.034,0.06,2,2,
main,136,5,-474,74,101.252,0.032,2,1,
main,137,5,365,-233,101.578,0.058,2,2,
main,138,5,-177,-152,101.798,0.031,2,1,
main,139,5,456,-43,102.123,0.057,2,2,
main,140,5,-313,319,102.339,0.029,2,2,
main,141,5,-152,-17,102.554,0.028,2,1,
main,142,5,559,160,102.885,0.07100000000000001,2,2,
main,143,5,-399,29,103.096,0.023,2,1,
main,144,5,210,1,103.421,0.06,2,2,
main,145,5,-434,36,103.633,0.02,2,1,
main,146,5,409,135,103.955,0.061,2,2,
main,147,5,-300,21,104.172,0.027,2,1,
main,148,5,501,-29,104.501,0.06,2,2,
main,149,5,-282,178,104.717,0.026000000000000002,2,1,
main,150,5,127,-128,105.042,0.057,2,2,
main,151,5,-400,43,105.262,0.033,2,1,
main,152,5,246,71,105.584,0.055,2,2,
main,153,5,-273,116,105.804,0.031,2,1,
main,154,5,-31,150,106.131,0.056,2,2,
main,155,5,29,-34,106.346,0.026000000000000002,2,1,
main,156,5,430,-375,106.669,0.059000000000000004,2,2,
main,157,5,-111,63,106.89,0.032,2,1,
main,158,5,483,-26,107.21600000000001,0.059000000000000004,2,2,
main,159,5,-274,183,107.432,0.033,2,1,
main,160,5,441,-175,107.754,0.055,2,2,
main,161,5,-325,-146,107.973,0.027,2,1,
main,162,5,468,142,108.29,0.046,2,2,
main,163,5,-210,-52,108.507,0.026000000000000002,2,1,
main,164,5,233,-231,108.834,0.059000000000000004,2,2,
main,165,5,-102,220,109.048,0.021,2,1,
main,166,5,283,100,109.377,0.061,2,2,
main,167,5,-307,127,109.59400000000001,0.025,2,1,
main,168,5,317,25,109.922,0.064,2,2,
main,169,5,-195,-116,110.137,0.029,2,1,
main,170,5,420,-160,110.462,0.059000000000000004,2,2,
main,171,5,-412,-144,110.68,0.032,2,2,
main,172,5,-327,-426,110.9,0.032,2,1,
main,173,5,428,28,111.22500000000001,0.062,2,2,
main,174,5,-528,197,111.44500000000001,0.032,2,1,
main,175,5,234,148,111.768,0.06,2,1,
main,176,5,288,-11,112.09400000000001,0.062,2,2,
main,177,5,-437,-67,112.31400000000001,0.029,2,1,
main,178,5,426,42,112.641,0.06,2,2,
main,179,5,-307,-189,112.85600000000001,0.027,2,1,
main,180,5,468,-94,113.181,0.061,2,2,
main,181,5,-78,74,113.401,0.028,2,1,
main,182,5,459,-232,113.729,0.064,2,2,
main,183,5,-413,24,113.93900000000001,0.026000000000000002,2,1,
main,184,5,539,73,114.266,0.065,2,2,
main,185,5,-181,241,114.483,0.036000000000000004,2,1,
main,186,5,350,-149,114.81,0.066,2,2,
main,187,5,-118,51,115.023,0.029,2,2,
main,188,5,-302,-25,115.24000000000001,0.028,2,1,
main,189,5,404,-98,115.565,0.061,2,2,
main,190,5,-276,-32,115.785,0.034,2,1,
main,191,5,311,-70,116.10900000000001,0.065,2,1,
main,192,5,328,-162,116.432,0.067,2,2,
main,193,5,-199,-90,116.647,0.033,2,1,
main,194,5,431,277,116.968,0.063,2,2,
main,195,5,-358,-168,117.185,0.029,2,1,
main,196,5,306,-241,117.513,0.067,2,2,
main,197,5,-484,-266,117.72800000000001,0.034,2,1,
main,198,5,433,164,118.055,0.07200000000000001,2,2,
main,199,5,-371,-228,118.273,0.033,2,1,
main,200,5,363,70,118.598,0.07200000000000001,2,2,
main,201,2,-566,-98,118.81400000000001,0.027,2,2,
main,202,2,-109,-2,119.031,0.034,2,2,
main,203,2,-437,-350,119.255,0.035,2,2,
main,204,2,-134,7,119.473,0.033,2,2,
main,205,2,-239,77,119.69,0.028,2,2,
main,206,2,-208,-45,119.91,0.031,2,2,
main,207,2,-646,203,120.128,0.031,2,2,
main,208,2,-324,146,120.34700000000001,0.034,2,2,
main,209,2,-793,-106,120.562,0.026000000000000002,2,2,
main,210,2,36,-276,120.778,0.036000000000000004,2,2,
main,211,2,-521,-138,120.994,0.026000000000000002,2,2,
main,212,2,-453,-91,121.211,0.03,2,2,
main,213,2,-1,25,121.427,0.031,2,1,
main,214,2,335,-117,121.76,0.07200000000000001,2,1,
main,215,2,608,-229,122.083,0.06,2,2,
main,216,2,-520,38,122.3,0.028,2,2,
main,217,2,-64,181,122.513,0.024,2,2,
main,218,2,-632,32,122.732,0.029,2,2,
main,219,2,-242,357,122.952,0.035,2,2,
main,220,2,-414,234,123.173,0.028,2,2,
main,221,2,-282,-80,123.389,0.031,2,2,
main,222,2,-275,223,123.60600000000001,0.036000000000000004,2,2,
main,223,2,-252,-251,123.822,0.031,2,2,
main,224,2,-291,326,124.039,0.031,2,2,
main,225,2,-557,26,124.256,0.032,2,2,
main,226,2,-432,-281,124.471,0.028,2,1,
main,227,2,325,-65,124.794,0.061,2,1,
main,228,2,624,33,125.114,0.059000000000000004,2,1,
main,229,2,517,12,125.44200000000001,0.062,2,1,
main,230,2,594,-8,125.76,0.057,2,1,
main,231,2,184,-374,126.081,0.055,2,1,
main,232,2,270,197,126.405,0.052000000000000005,2,1,
main,233,2,381,186,126.72500000000001,0.054,2,1,
main,234,2,427,189,127.052,0.065,2,1,
main,235,2,602,135,127.382,0.067,2,1,
main,236,2,503,197,127.711,0.07,2,1,
main,237,2,188,4,128.036,0.055,2,1,
main,238,2,454,-132,128.364,0.062,2,1,
main,239,2,43,-488,128.686,0.06,2,1,
main,240,2,254,-193,129.005,0.055,2,1,
main,241,2,556,-526,129.33,0.06,2,1,
main,242,2,701,120,129.651,0.055,2,1,
main,243,2,510,212,129.978,0.064,2,1,
main,244,2,190,450,130.299,0.059000000000000004,2,1,
main,245,2,258,-301,130.62800000000001,0.07,2,1,
main,246,2,253,-165,130.953,0.065,2,1,
main,247,2,418,-210,131.275,0.063,2,1,
main,248,2,299,103,131.6,0.061,2,2,
main,249,2,-332,62,131.818,0.038,2,2,
main,250,2,-290,150,132.035,0.03,2,2,
main,251,2,-118,-53,132.251,0.03,2,2,
main,252,2,-37,252,132.469,0.032,2,2,
main,253,2,-411,-198,132.689,0.026000000000000002,2,2,
main,254,2,-352,-340,132.904,0.031,2,2,
main,255,2,-331,83,133.119,0.034,2,2,
main,256,2,-385,386,133.336,0.035,2,2,
main,257,2,-190,-218,133.552,0.027,2,2,
main,258,2,-194,30,133.76500000000001,0.026000000000000002,2,2,
main,259,2,-255,61,133.981,0.027,2,2,
main,260,2,-449,-424,134.193,0.028,2,1,
main,261,2,234,-118,134.517,0.059000000000000004,2,2,
main,262,2,-221,-90,134.73,0.03,2,2,
main,263,2,-530,120,134.949,0.035,2,2,
main,264,2,-187,137,135.169,0.036000000000000004,2,2,
main,265,2,-588,93,135.383,0.03,2,1,
main,266,2,321,88,135.707,0.057,2,1,
main,267,2,661,192,136.025,0.059000000000000004,2,2,
main,268,2,-281,318,136.241,0.029,2,2,
main,269,2,-178,1,136.457,0.03,2,2,
main,270,2,-594,-223,136.67000000000002,0.024,2,2,
main,271,2,-60,-95,136.891,0.028,2,2,
main,272,2,-3,-66,137.107,0.026000000000000002,2,2,
main,273,2,-621,-540,137.32,0.023,2,2,
main,274,2,-126,-25,137.538,0.026000000000000002,2,2,
main,275,2,-323,-14,137.75,0.024,2,2,
main,276,2,-657,-24,137.972,0.034,2,2,
main,277,2,-441,232,138.185,0.027,2,2,
main,278,2,-318,218,138.398,0.023,2,2,
main,279,2,-235,214,138.614,0.033,2,2,
main,280,2,-259,-21,138.832,0.039,2,2,
main,281,2,-303,-295,139.052,0.036000000000000004,2,2,
main,282,2,-42,343,139.266,0.025,2,2,
main,283,2,-203,-197,139.485,0.03,2,2,
main,284,2,-141,50,139.703,0.019,2,1,
main,285,2,257,19,140.024,0.053,2,1,
main,286,2,347,266,140.352,0.069,2,1,
main,287,2,499,251,140.677,0.065,2,1,
main,288,2,271,-65,141.006,0.065,2,1,
main,289,2,342,386,141.328,0.059000000000000004,2,2,
main,290,2,-544,-152,141.544,0.03,2,1,
main,291,2,336,195,141.869,0.063,2,1,
main,292,2,439,-158,142.196,0.058,2,1,
main,293,2,-28,32,142.522,0.063,2,1,
main,294,2,571,118,142.852,0.065,2,1,
main,295,2,311,512,143.173,0.054,2,1,
main,296,2,625,47,143.502,0.063,2,1,
main,297,2,359,34,143.822,0.055,2,1,
main,298,2,25,-126,144.145,0.06,2,1,
main,299,2,49,183,144.47,0.056,2,1,
main,300,2,146,228,144.799,0.059000000000000004,2,1,
main,301,2,230,53,145.126,0.062,2,1,
main,302,2,364,235,145.451,0.059000000000000004,2,1,
main,303,2,87,392,145.774,0.054,2,1,
main,304,2,313,83,146.096,0.059000000000000004,2,1,
main,305,2,623,56,146.424,0.066,2,1,
main,306,2,74,117,146.752,0.06,2,1,
main,307,2,221,107,147.077,0.062,2,1,
main,308,2,513,-95,147.399,0.055,2,2,
main,309,2,-380,-120,147.62,0.037,2,1,
main,310,2,493,6,147.942,0.059000000000000004,2,1,
main,311,2,257,116,148.272,0.063,2,1,
main,312,2,72,-54,148.596,0.062,2,1,
main,313,2,173,-152,148.923,0.06,2,1,
main,314,2,701,-30,149.244,0.056,2,1,
main,315,2,245,-135,149.565,0.056,2,1,
main,316,2,424,-410,149.891,0.064,2,1,
main,317,2,123,-315,150.215,0.055,2,1,
main,318,2,-117,208,150.542,0.058,2,1,
main,319,2,464,19,150.864,0.058,2,1,
main,320,2,120,305,151.189,0.062,2,1,
main,321,2,665,-125,151.518,0.068,2,1,
main,322,2,157,-5,151.843,0.063,2,1,
main,323,2,109,-143,152.16,0.054,2,1,
main,324,2,522,-88,152.49,0.07100000000000001,2,1,
main,325,2,69,178,152.81,0.055,2,1,
main,326,2,224,43,153.139,0.065,2,1,
main,327,2,273,156,153.471,0.07200000000000001,2,1,
main,328,2,272,74,153.797,0.061,2,1,
main,329,2,313,-437,154.125,0.065,2,1,
main,330,2,453,-254,154.447,0.058,2,1,
main,331,2,183,-136,154.773,0.069,2,2,
main,332,2,-188,-2,154.991,0.026000000000000002,2,2,
main,333,2,24,-34,155.205,0.03,2,2,
main,334,2,39,330,155.417,0.028,2,2,
main,335,2,-600,-47,155.631,0.033,2,2,
main,336,2,-387,244,155.849,0.03,2,2,
main,337,2,-178,8,156.066,0.037,2,2,
main,338,2,22,-321,156.284,0.03,2,2,
main,339,2,-234,175,156.501,0.032,2,2,
main,340,2,-193,178,156.72,0.031,2,2,
main,341,2,-366,23,156.934,0.031,2,2,
main,342,2,-247,-148,157.151,0.029,2,2,
main,343,2,-87,72,157.371,0.035,2,2,
main,344,2,-475,40,157.592,0.031,2,2,
main,345,2,-330,-315,157.80700000000002,0.031,2,1,
main,346,2,284,-5,158.13400000000001,0.064,2,1,
main,347,2,519,-306,158.461,0.068,2,1,
main,348,2,139,215,158.791,0.07200000000000001,2,1,
main,349,2,495,161,159.114,0.059000000000000004,2,1,
main,350,2,114,8,159.443,0.058,2,1,
main,351,2,380,323,159.766,0.057,2,1,
main,352,2,459,-50,160.088,0.054,2,1,
main,353,2,205,324,160.41400000000002,0.066,2,1,
main,354,2,693,138,160.738,0.06,2,1,
main,355,2,194,-223,161.06,0.062,2,2,
main,356,2,-336,-120,161.278,0.034,2,2,
main,357,2,-244,-42,161.492,0.031,2,2,
main,358,2,-429,-164,161.713,0.037,2,1,
main,359,2,335,60,162.041,0.064,2,1,
main,360,2,386,175,162.365,0.061,2,2,
main,361,2,-533,154,162.584,0.029,2,2,
main,362,2,66,-77,162.797,0.025,2,2,
main,363,2,-155,78,163.012,0.027,2,2,
main,364,2,-219,55,163.229,0.025,2,2,
main,365,2,410,-46,163.441,0.023,2,2,
main,366,2,-312,-79,163.65800000000002,0.03,2,2,
main,367,2,-83,-485,163.873,0.03,2,2,
main,368,2,-316,-110,164.091,0.033,2,2,
main,369,2,-332,-106,164.308,0.032,2,2,
main,370,2,-313,-57,164.522,0.026000000000000002,2,2,
main,371,2,-335,-11,164.741,0.032,2,1,
main,372,2,566,-34,165.067,0.06,2,1,
main,373,2,481,176,165.39000000000001,0.054,2,1,
main,374,2,555,-146,165.713,0.056,2,1,
main,375,2,193,226,166.037,0.057,2,1,
main,376,2,167,305,166.366,0.059000000000000004,2,1,
main,377,2,524,-368,166.69,0.058,2,1,
main,378,2,499,-24,167.01500000000001,0.055,2,1,
main,379,2,52,-151,167.33700000000002,0.053,2,1,
main,380,2,23,246,167.661,0.055,2,1,
main,381,2,-81,-312,167.988,0.062,2,1,
main,382,2,96,-540,168.316,0.059000000000000004,2,1,
main,383,2,297,-434,168.641,0.057,2,2,
main,384,2,-523,-447,168.858,0.031,2,2,
main,385,2,-235,466,169.072,0.025,2,2,
main,386,2,-628,11,169.285,0.024,2,2,
main,387,2,-294,-49,169.506,0.036000000000000004,2,2,
main,388,2,-279,-321,169.725,0.031,2,2,
main,389,2,-374,238,169.936,0.023,2,2,
main,390,2,-712,-39,170.151,0.028,2,2,
main,391,2,-92,-280,170.366,0.025,2,2,
main,392,2,-490,-132,170.582,0.026000000000000002,2,2,
main,393,2,-315,-139,170.798,0.03,2,2,
main,394,2,-279,-232,171.016,0.032,2,2,
main,395,2,-149,-272,171.234,0.028,2,2,
main,396,2,-40,-211,171.451,0.027,2,2,
main,397,2,-473,-2,171.669,0.027,2,2,
main,398,2,-579,182,171.888,0.031,2,2,
main,399,2,-304,-109,172.109,0.03,2,2,
main,400,2,-706,-24,172.328,0.027,2,2,
main,401,3,-114,-198,172.544,0.026000000000000002,2,2,
main,402,3,-381,74,172.76,0.024,2,2,
main,403,3,-25,-33,172.978,0.037,2,1,
main,404,3,361,140,173.311,0.068,2,1,
main,405,3,548,-212,173.635,0.059000000000000004,2,1,
main,406,3,282,158,173.963,0.061,2,2,
main,407,3,-332,-82,174.181,0.032,2,2,
main,408,3,-375,-180,174.399,0.028,2,2,
main,409,3,-575,114,174.617,0.034,2,2,
main,410,3,-287,-47,174.833,0.032,2,2,
main,411,3,-481,16,175.05,0.032,2,1,
main,412,3,467,-177,175.379,0.068,2,1,
main,413,3,455,-184,175.704,0.062,2,1,
main,414,3,466,-72,176.031,0.07200000000000001,2,1,
main,415,3,129,-63,176.348,0.056,2,1,
main,416,3,301,128,176.669,0.059000000000000004,2,1,
main,417,3,438,217,176.999,0.067,2,1,
main,418,3,237,-34,177.324,0.063,2,1,
main,419,3,333,4,177.65,0.067,2,2,
main,420,3,-178,-132,177.869,0.038,2,2,
main,421,3,-367,-60,178.084,0.027,2,2,
main,422,3,-269,-81,178.30100000000002,0.027,2,1,
main,423,3,324,-104,178.625,0.063,2,1,
main,424,3,296,415,178.954,0.063,2,2,
main,425,3,-554,-65,179.17000000000002,0.029,2,2,
main,426,3,-470,8,179.383,0.022,2,2,
main,427,3,-281,-56,179.6,0.031,2,2,
main,428,3,-280,-260,179.817,0.028,2,2,
main,429,3,-499,46,180.03300000000002,0.03,2,2,
main,430,3,-579,-59,180.241,0.02,2,2,
main,431,3,-254,236,180.457,0.024,2,2,
main,432,3,-329,-27,180.673,0.03,2,1,
main,433,3,290,170,181.002,0.067,2,1,
main,434,3,532,50,181.326,0.055,2,1,
main,435,3,140,-52,181.651,0.065,2,1,
main,436,3,518,-124,181.978,0.059000000000000004,2,1,
main,437,3,229,14,182.303,0.062,2,1,
main,438,3,454,146,182.625,0.059000000000000004,2,1,
main,439,3,158,-71,182.94400000000002,0.05,2,1,
main,440,3,35,-236,183.27,0.056,2,1,
main,441,3,170,-40,183.59300000000002,0.059000000000000004,2,2,
main,442,3,-295,279,183.808,0.025,2,2,
main,443,3,-91,-291,184.025,0.022,2,1,
main,444,3,410,24,184.35,0.058,2,1,
main,445,3,348,102,184.674,0.061,2,2,
main,446,3,-268,79,184.889,0.024,2,1,
main,447,3,359,-166,185.216,0.055,2,1,
main,448,3,272,154,185.538,0.053,2,2,
main,449,3,-241,83,185.757,0.031,2,2,
main,450,3,-342,272,185.98,0.037,2,2,
main,451,3,-322,-44,186.196,0.029,2,2,
main,452,3,-645,-15,186.416,0.025,2,2,
main,453,3,-259,-96,186.632,0.025,2,2,
main,454,3,-424,-1,186.851,0.025,2,2,
main,455,3,-357,-100,187.071,0.03,2,2,
main,456,3,-381,-120,187.286,0.022,2,2,
main,457,3,-170,-81,187.504,0.027,2,1,
main,458,3,444,152,187.83100000000002,0.059000000000000004,2,1,
main,459,3,198,64,188.155,0.055,2,2,
main,460,3,-351,144,188.373,0.027,2,2,
main,461,3,-103,3,188.594,0.027,2,2,
main,462,3,-267,13,188.811,0.026000000000000002,2,1,
main,463,3,377,-212,189.138,0.061,2,2,
main,464,3,-152,-147,189.354,0.028,2,1,
main,465,3,-31,-28,189.67600000000002,0.059000000000000004,2,2,
main,466,3,-338,-54,189.895,0.035,2,2,
main,467,3,-203,73,190.109,0.032,2,2,
main,468,3,-152,-49,190.332,0.038,2,2,
main,469,3,-411,-475,190.544,0.029,2,2,
main,470,3,-492,-167,190.761,0.032,2,1,
main,471,3,428,144,191.082,0.062,2,1,
main,472,3,481,-116,191.411,0.065,2,1,
main,473,3,241,15,191.736,0.061,2,1,
main,474,3,187,-104,192.061,0.054,2,1,
main,475,3,402,71,192.388,0.059000000000000004,2,2,
main,476,3,-612,36,192.61,0.03,2,2,
main,477,3,-219,44,192.824,0.028,2,2,
main,478,3,-298,-100,193.042,0.026000000000000002,2,1,
main,479,3,120,-280,193.363,0.051000000000000004,2,1,
main,480,3,258,-49,193.692,0.06,2,2,
main,481,3,-482,53,193.909,0.026000000000000002,2,2,
main,482,3,-377,-51,194.12800000000001,0.028,2,1,
main,483,3,517,79,194.455,0.06,2,1,
main,484,3,69,258,194.78,0.063,2,2,
main,485,3,-471,-7,194.994,0.022,2,2,
main,486,3,-241,-10,195.21200000000002,0.031,2,2,
main,487,3,-311,12,195.43200000000002,0.031,2,1,
main,488,3,412,222,195.762,0.064,2,1,
main,489,3,308,-41,196.089,0.061,2,1,
main,490,3,395,131,196.411,0.051000000000000004,2,1,
main,491,3,38,-64,196.739,0.057,2,1,
main,492,3,326,-178,197.061,0.054,2,1,
main,493,3,281,-268,197.38400000000001,0.056,2,1,
main,494,3,454,-68,197.708,0.059000000000000004,2,1,
main,495,3,14,-198,198.032,0.06,2,1,
main,496,3,399,-63,198.356,0.054,2,1,
main,497,3,168,160,198.678,0.057,2,1,
main,498,3,137,71,199.002,0.066,2,1,
main,499,3,389,-112,199.33,0.068,2,1,
main,500,3,154,108,199.657,0.06,2,1,
main,501,3,24,71,199.985,0.063,2,2,
main,502,3,-474,-30,200.20000000000002,0.025,2,2,
main,503,3,-495,-121,200.422,0.037,2,2,
main,504,3,-221,83,200.637,0.026000000000000002,2,1,
main,505,3,360,-104,200.961,0.06,2,1,
main,506,3,285,39,201.29,0.059000000000000004,2,1,
main,507,3,178,324,201.612,0.056,2,1,
main,508,3,247,2,201.934,0.054,2,1,
main,509,3,328,-56,202.262,0.064,2,2,
main,510,3,-433,-44,202.475,0.021,2,2,
main,511,3,-127,19,202.693,0.024,2,1,
main,512,3,334,141,203.019,0.063,2,1,
main,513,3,332,-110,203.347,0.063,2,1,
main,514,3,483,163,203.677,0.062,2,1,
main,515,3,249,54,204.006,0.068,2,1,
main,516,3,420,-30,204.327,0.057,2,2,
main,517,3,-568,103,204.543,0.031,2,2,
main,518,3,-197,99,204.755,0.021,2,2,
main,519,3,-419,-133,204.972,0.024,2,2,
main,520,3,-406,-114,205.189,0.026000000000000002,2,2,
main,521,3,-257,-213,205.404,0.028,2,1,
main,522,3,293,-118,205.729,0.059000000000000004,2,2,
main,523,3,-266,-75,205.945,0.033,2,2,
main,524,3,-267,-152,206.159,0.024,2,2,
main,525,3,-180,58,206.37800000000001,0.033,2,2,
main,526,3,-618,295,206.594,0.031,2,2,
main,527,3,-410,48,206.80700000000002,0.028,2,2,
main,528,3,-178,-289,207.025,0.031,2,2,
main,529,3,-363,200,207.242,0.029,2,2,
main,530,3,-314,32,207.458,0.022,2,2,
main,531,3,-172,65,207.67600000000002,0.026000000000000002,2,2,
main,532,3,-252,52,207.893,0.025,2,2,
main,533,3,-329,189,208.112,0.026000000000000002,2,2,
main,534,3,-427,138,208.328,0.022,2,2,
main,535,3,-193,241,208.547,0.026000000000000002,2,2,
main,536,3,-621,-61,208.762,0.022,2,2,
main,537,3,-481,1,208.98000000000002,0.023,2,2,
main,538,3,-86,45,209.199,0.026000000000000002,2,2,
main,539,3,-331,24,209.419,0.028,2,2,
main,540,3,-261,51,209.638,0.026000000000000002,2,2,
main,541,3,-268,-354,209.859,0.028,2,2,
main,542,3,-343,93,210.074,0.028,2,2,
main,543,3,-323,147,210.293,0.027,2,1,
main,544,3,645,115,210.618,0.056,2,1,
main,545,3,13,-14,210.942,0.058,2,1,
main,546,3,45,-50,211.262,0.059000000000000004,2,1,
main,547,3,500,92,211.58700000000002,0.059000000000000004,2,2,
main,548,3,-256,104,211.803,0.028,2,1,
main,549,3,540,-97,212.125,0.06,2,1,
main,550,3,347,113,212.45000000000002,0.058,2,1,
main,551,3,321,31,212.774,0.054,2,2,
main,552,3,-396,68,212.991,0.026000000000000002,2,1,
main,553,3,327,229,213.315,0.058,2,1,
main,554,3,239,90,213.643,0.06,2,2,
main,555,3,-646,56,213.857,0.027,2,2,
main,556,3,-309,-168,214.073,0.025,2,1,
main,557,3,670,-198,214.401,0.061,2,1,
main,558,3,356,-250,214.728,0.06,2,1,
main,559,3,376,248,215.048,0.048,2,1,
main,560,3,221,-47,215.372,0.061,2,1,
main,561,3,184,101,215.701,0.057,2,1,
main,562,3,408,-18,216.023,0.061,2,1,
main,563,3,317,-46,216.345,0.065,2,2,
main,564,3,-449,-46,216.565,0.035,2,2,
main,565,3,-95,178,216.781,0.025,2,2,
main,566,3,-344,-48,216.998,0.027,2,2,
main,567,3,-223,-27,217.216,0.021,2,2,
main,568,3,-317,-136,217.43,0.019,2,1,
main,569,3,400,39,217.75300000000001,0.059000000000000004,2,1,
main,570,3,365,-417,218.08100000000002,0.063,2,1,
main,571,3,455,52,218.407,0.056,2,1,
main,572,3,226,-79,218.72400000000002,0.057,2,2,
main,573,3,-538,180,218.942,0.037,2,1,
main,574,3,687,244,219.267,0.068,2,1,
main,575,3,426,72,219.589,0.057,2,2,
main,576,3,-408,-223,219.806,0.027,2,1,
main,577,3,358,159,220.126,0.056,2,1,
main,578,3,339,-27,220.458,0.062,2,2,
main,579,3,-348,76,220.677,0.036000000000000004,2,1,
main,580,3,299,-4,221.007,0.06,2,1,
main,581,3,353,-158,221.333,0.061,2,1,
main,582,3,564,271,221.65800000000002,0.065,2,1,
main,583,3,390,-221,221.98600000000002,0.061,2,1,
main,584,3,242,101,222.309,0.063,2,1,
main,585,3,106,-145,222.632,0.065,2,1,
main,586,3,357,-67,222.954,0.054,2,1,
main,587,3,212,-24,223.282,0.063,2,1,
main,588,3,357,-187,223.606,0.059000000000000004,2,2,
main,589,3,-443,160,223.82500000000002,0.038,2,2,
main,590,3,-586,67,224.042,0.031,2,1,
main,591,3,413,-99,224.372,0.068,2,2,
main,592,3,-395,-168,224.58700000000002,0.028,2,2,
main,593,3,-414,213,224.803,0.025,2,2,
main,594,3,-218,-128,225.02100000000002,0.032,2,1,
main,595,3,268,293,225.351,0.062,2,1,
main,596,3,506,115,225.675,0.065,2,1,
main,597,3,264,49,225.99800000000002,0.058,2,1,
main,598,3,90,-131,226.328,0.062,2,1,
main,599,3,331,167,226.655,0.06,2,2,
main,600,3,-156,200,226.87,0.027,2,2,
main,601,1,-154,-163,227.082,0.022,2,2,
main,602,1,-530,42,227.29500000000002,0.022,2,2,
main,603,1,-56,-87,227.514,0.028,2,2,
main,604,1,-368,-364,227.728,0.031,2,2,
main,605,1,-434,190,227.942,0.028,2,2,
main,606,1,-318,-102,228.163,0.029,2,2,
main,607,1,-400,224,228.375,0.023,2,2,
main,608,1,-369,-67,228.592,0.032,2,2,
main,609,1,24,331,228.809,0.026000000000000002,2,2,
main,610,1,-246,151,229.025,0.025,2,2,
main,611,1,-80,111,229.243,0.028,2,2,
main,612,1,-128,-140,229.459,0.028,2,2,
main,613,1,-400,-188,229.67600000000002,0.025,2,2,
main,614,1,-518,136,229.89000000000001,0.03,2,2,
main,615,1,-433,-21,230.108,0.028,2,2,
main,616,1,-724,-38,230.324,0.026000000000000002,2,2,
main,617,1,-409,-266,230.54,0.026000000000000002,2,2,
main,618,1,-330,139,230.754,0.027,2,2,
main,619,1,-201,1,230.972,0.027,2,2,
main,620,1,-261,-132,231.192,0.029,2,2,
main,621,1,-563,-121,231.40800000000002,0.026000000000000002,2,2,
main,622,1,-218,-59,231.625,0.035,2,2,
main,623,1,-306,51,231.842,0.029,2,2,
main,624,1,-242,359,232.058,0.024,2,2,
main,625,1,32,147,232.273,0.027,2,2,
main,626,1,-460,-194,232.49,0.032,2,2,
main,627,1,-424,262,232.707,0.032,2,2,
main,628,1,-144,4,232.924,0.023,2,2,
main,629,1,-41,134,233.142,0.029,2,2,
main,630,1,-144,224,233.358,0.031,2,2,
main,631,1,-185,-116,233.578,0.033,2,2,
main,632,1,-503,47,233.79500000000002,0.026000000000000002,2,2,
main,633,1,-183,213,234.013,0.029,2,2,
main,634,1,-339,7,234.228,0.028,2,1,
main,635,1,334,-180,234.558,0.063,2,1,
main,636,1,179,70,234.88400000000001,0.056,2,1,
main,637,1,139,174,235.211,0.058,2,1,
main,638,1,460,-318,235.531,0.051000000000000004,2,1,
main,639,1,285,-61,235.85500000000002,0.055,2,1,
main,640,1,63,-126,236.187,0.061,2,2,
main,641,1,-407,188,236.40200000000002,0.023,2,2,
main,642,1,-183,249,236.621,0.027,2,1,
main,643,1,141,-47,236.947,0.055,2,1,
main,644,1,122,-110,237.278,0.06,2,1,
main,645,1,329,313,237.602,0.05,2,1,
main,646,1,114,173,237.923,0.049,2,1,
main,647,1,481,27,238.247,0.05,2,1,
main,648,1,459,-50,238.572,0.056,2,2,
main,649,1,-509,-163,238.787,0.022,2,1,
main,650,1,247,57,239.11100000000002,0.053,2,1,
main,651,1,7,96,239.437,0.051000000000000004,2,1,
main,652,1,694,107,239.76500000000001,0.056,2,1,
main,653,1,309,-4,240.09300000000002,0.056,2,1,
main,654,1,25,27,240.419,0.057,2,1,
main,655,1,63,64,240.746,0.054,2,1,
main,656,1,490,-64,241.071,0.055,2,1,
main,657,1,379,-110,241.395,0.057,2,1,
main,658,1,346,152,241.721,0.054,2,1,
main,659,1,254,-206,242.047,0.054,2,2,
main,660,1,-608,294,242.269,0.026000000000000002,2,1,
main,661,1,221,-41,242.592,0.053,2,2,
main,662,1,-192,18,242.80700000000002,0.022,2,2,
main,663,1,-345,241,243.026,0.028,2,2,
main,664,1,-229,122,243.241,0.023,2,2,
main,665,1,-389,71,243.459,0.025,2,2,
main,666,1,-469,-150,243.674,0.023,2,2,
main,667,1,-256,-113,243.89600000000002,0.027,2,2,
main,668,1,-255,114,244.116,0.028,2,2,
main,669,1,-33,-82,244.332,0.022,2,2,
main,670,1,-357,228,244.55,0.028,2,1,
main,671,1,324,-124,244.87300000000002,0.046,2,1,
main,672,1,354,190,245.196,0.055,2,1,
main,673,1,272,83,245.522,0.052000000000000005,2,1,
main,674,1,536,68,245.846,0.054,2,1,
main,675,1,325,-36,246.171,0.052000000000000005,2,1,
main,676,1,347,38,246.497,0.054,2,1,
main,677,1,22,-212,246.827,0.062,2,1,
main,678,1,329,-153,247.15200000000002,0.052000000000000005,2,1,
main,679,1,224,83,247.475,0.048,2,1,
main,680,1,283,207,247.802,0.053,2,1,
main,681,1,275,3,248.131,0.055,2,1,
main,682,1,410,20,248.46,0.057,2,1,
main,683,1,169,100,248.791,0.057,2,1,
main,684,1,140,229,249.116,0.054,2,1,
main,685,1,263,12,249.44400000000002,0.054,2,1,
main,686,1,293,-157,249.774,0.056,2,1,
main,687,1,315,-111,250.1,0.056,2,1,
main,688,1,525,60,250.429,0.056,2,1,
main,689,1,212,46,250.751,0.051000000000000004,2,1,
main,690,1,325,-59,251.079,0.053,2,1,
main,691,1,523,14,251.406,0.057,2,2,
main,692,1,-358,209,251.62,0.025,2,2,
main,693,1,-688,-82,251.836,0.027,2,2,
main,694,1,-451,-82,252.056,0.026000000000000002,2,2,
main,695,1,-245,-53,252.273,0.023,2,1,
main,696,1,300,27,252.604,0.061,2,2,
main,697,1,-323,30,252.82500000000002,0.026000000000000002,2,1,
main,698,1,-181,30,253.15200000000002,0.054,2,1,
main,699,1,287,-40,253.479,0.053,2,2,
main,700,1,-337,-51,253.697,0.026000000000000002,2,2,
main,701,1,-394,105,253.911,0.022,2,2,
main,702,1,-201,330,254.12800000000001,0.023,2,2,
main,703,1,-335,-1,254.346,0.029,2,2,
main,704,1,-441,-13,254.56,0.024,2,2,
main,705,1,-262,-14,254.77,0.026000000000000002,2,2,
main,706,1,-217,87,254.984,0.029,2,1,
main,707,1,92,-41,255.30700000000002,0.061,2,1,
main,708,1,546,-100,255.626,0.047,2,1,
main,709,1,359,134,255.951,0.069,2,1,
main,710,1,305,-114,256.277,0.07100000000000001,2,1,
main,711,1,221,-188,256.603,0.07100000000000001,2,1,
main,712,1,250,-37,256.925,0.069,2,1,
main,713,1,91,143,257.254,0.075,2,2,
main,714,1,-510,-130,257.46500000000003,0.027,2,2,
main,715,1,-285,-186,257.681,0.038,2,2,
main,716,1,-191,-240,257.895,0.031,2,2,
main,717,1,-294,-37,258.113,0.037,2,2,
main,718,1,-369,48,258.332,0.039,2,2,
main,719,1,-333,155,258.551,0.039,2,1,
main,720,1,274,89,258.871,0.067,2,1,
main,721,1,346,44,259.199,0.073,2,2,
main,722,1,-450,37,259.416,0.038,2,2,
main,723,1,-352,65,259.63100000000003,0.033,2,2,
main,724,1,-627,95,259.844,0.029,2,2,
main,725,1,-249,-220,260.058,0.033,2,2,
main,726,1,-179,279,260.275,0.034,2,2,
main,727,1,-558,-102,260.487,0.034,2,2,
main,728,1,-316,111,260.709,0.04,2,2,
main,729,1,-287,89,260.931,0.041,2,2,
main,730,1,140,4,261.14300000000003,0.033,2,1,
main,731,1,280,-1,261.464,0.063,2,1,
main,732,1,216,-18,261.789,0.07200000000000001,2,1,
main,733,1,251,149,262.11,0.065,2,1,
main,734,1,347,95,262.431,0.062,2,1,
main,735,1,367,183,262.75,0.062,2,1,
main,736,1,105,-182,263.07,0.062,2,1,
main,737,1,213,211,263.391,0.061,2,1,
main,738,1,204,-198,263.718,0.07,2,1,
main,739,1,91,190,264.04,0.066,2,1,
main,740,1,204,-130,264.365,0.066,2,1,
main,741,1,126,-188,264.689,0.069,2,2,
main,742,1,-373,-228,264.906,0.033,2,2,
main,743,1,-406,-53,265.124,0.038,2,2,
main,744,1,-116,-248,265.341,0.036000000000000004,2,1,
main,745,1,346,-199,265.67,0.07200000000000001,2,1,
main,746,1,404,-161,265.996,0.07100000000000001,2,1,
main,747,1,172,143,266.323,0.073,2,1,
main,748,1,408,-289,266.649,0.068,2,2,
main,749,1,-242,281,266.866,0.037,2,2,
main,750,1,-181,24,267.082,0.035,2,2,
main,751,1,-428,115,267.3,0.036000000000000004,2,2,
main,752,1,-212,-99,267.517,0.034,2,1,
main,753,1,501,-22,267.842,0.065,2,1,
main,754,1,417,-106,268.171,0.069,2,1,
main,755,1,285,51,268.494,0.064,2,1,
main,756,1,406,176,268.823,0.07100000000000001,2,1,
main,757,1,400,-151,269.154,0.074,2,1,
main,758,1,284,206,269.47700000000003,0.063,2,1,
main,759,1,204,-37,269.803,0.067,2,1,
main,760,1,407,-2,270.129,0.065,2,1,
main,761,1,102,-123,270.452,0.065,2,2,
main,762,1,-511,-56,270.66700000000003,0.029,2,1,
main,763,1,240,78,270.995,0.063,2,1,
main,764,1,252,-263,271.318,0.052000000000000005,2,1,
main,765,1,371,-29,271.649,0.07200000000000001,2,1,
main,766,1,584,-22,271.968,0.059000000000000004,2,1,
main,767,1,295,-78,272.291,0.064,2,1,
main,768,1,262,-15,272.616,0.066,2,1,
main,769,1,385,21,272.939,0.066,2,1,
main,770,1,69,201,273.261,0.064,2,1,
main,771,1,237,-77,273.589,0.066,2,1,
main,772,1,251,141,273.911,0.058,2,1,
main,773,1,317,-284,274.23,0.062,2,1,
main,774,1,331,-5,274.55400000000003,0.064,2,1,
main,775,1,562,-156,274.882,0.069,2,1,
main,776,1,276,-49,275.204,0.064,2,1,
main,777,1,164,-135,275.52500000000003,0.063,2,1,
main,778,1,245,-183,275.855,0.069,2,1,
main,779,1,612,-144,276.178,0.066,2,2,
main,780,1,-473,-283,276.397,0.035,2,2,
main,781,1,-203,-60,276.613,0.035,2,2,
main,782,1,-203,-62,276.83,0.027,2,2,
main,783,1,-295,-148,277.045,0.025,2,2,
main,784,1,-449,262,277.26,0.031,2,2,
main,785,1,-273,63,277.47700000000003,0.031,2,2,
main,786,1,-392,-338,277.693,0.031,2,2,
main,787,1,-284,170,277.912,0.025,2,2,
main,788,1,-200,-182,278.125,0.022,2,2,
main,789,1,-250,-72,278.34000000000003,0.028,2,2,
main,790,1,-472,57,278.56,0.031,2,2,
main,791,1,-455,118,278.78000000000003,0.026000000000000002,2,2,
main,792,1,-436,-196,278.994,0.021,2,2,
main,793,1,-288,-52,279.207,0.022,2,2,
main,794,1,-192,-116,279.424,0.029,2,2,
main,795,1,-408,38,279.64300000000003,0.027,2,2,
main,796,1,-130,133,279.859,0.034,2,2,
main,797,1,-336,-15,280.074,0.025,2,2,
main,798,1,-365,-266,280.29,0.035,2,2,
main,799,1,-267,-44,280.50600000000003,0.032,2,2,
main,800,1,-267,-25,280.72,0.026000000000000002,2,2,
main,801,6,544,-122,280.932,0.024,2,2,
main,802,6,-232,-40,281.151,0.028,2,1,
main,803,6,437,-22,281.474,0.054,2,2,
main,804,6,-170,-154,281.69100000000003,0.031,2,2,
main,805,6,63,242,281.90500000000003,0.028,2,1,
main,806,6,197,317,282.228,0.058,2,2,
main,807,6,-143,115,282.44,0.025,2,1,
main,808,6,455,118,282.771,0.07200000000000001,2,2,
main,809,6,-413,85,282.988,0.03,2,1,
main,810,6,473,41,283.312,0.065,2,1,
main,811,6,85,92,283.632,0.058,2,1,
main,812,6,222,-176,283.95300000000003,0.057,2,2,
main,813,6,-273,-41,284.16700000000003,0.026000000000000002,2,1,
main,814,6,463,-195,284.492,0.054,2,2,
main,815,6,-198,-372,284.706,0.021,2,1,
main,816,6,433,101,285.031,0.055,2,2,
main,817,6,-574,-540,285.25,0.032,2,1,
main,818,6,338,-71,285.583,0.066,2,2,
main,819,6,-467,-16,285.801,0.025,2,1,
main,820,6,369,257,286.12600000000003,0.054,2,2,
main,821,6,-502,-79,286.348,0.033,2,1,
main,822,6,556,14,286.671,0.054,2,2,
main,823,6,-310,7,286.88800000000003,0.024,2,1,
main,824,6,328,13,287.216,0.054,2,2,
main,825,6,-499,-47,287.432,0.023,2,1,
main,826,6,431,306,287.75600000000003,0.051000000000000004,2,2,
main,827,6,-204,423,287.97,0.021,2,1,
main,828,6,115,-46,288.289,0.058,2,2,
main,829,6,-535,-66,288.50600000000003,0.031,2,1,
main,830,6,301,420,288.836,0.064,2,2,
main,831,6,-112,157,289.049,0.019,2,2,
main,832,6,206,216,289.261,0.028,2,1,
main,833,6,268,-19,289.587,0.06,2,2,
main,834,6,-154,33,289.802,0.023,2,1,
main,835,6,250,36,290.12600000000003,0.057,2,2,
main,836,6,-459,-143,290.344,0.03,2,1,
main,837,6,104,54,290.665,0.056,2,1,
main,838,6,327,-363,290.98900000000003,0.066,2,2,
main,839,6,-172,233,291.207,0.028,2,1,
main,840,6,385,-4,291.531,0.053,2,2,
main,841,6,-442,-329,291.747,0.03,2,1,
main,842,6,541,336,292.072,0.06,2,2,
main,843,6,47,-142,292.291,0.032,2,1,
main,844,6,139,-144,292.612,0.059000000000000004,2,2,
main,845,6,-42,307,292.825,0.027,2,1,
main,846,6,294,-118,293.157,0.07,2,2,
main,847,6,-203,-68,293.37,0.02,2,1,
main,848,6,410,313,293.694,0.056,2,2,
main,849,6,-573,-23,293.909,0.031,2,1,
main,850,6,59,156,294.231,0.061,2,2,
main,851,6,-112,-37,294.444,0.025,2,1,
main,852,6,472,162,294.76800000000003,0.057,2,2,
main,853,6,-275,140,294.983,0.023,2,1,
main,854,6,322,60,295.309,0.065,2,2,
main,855,6,-197,97,295.527,0.03,2,1,
main,856,6,407,27,295.853,0.06,2,2,
main,857,6,-365,-137,296.074,0.032,2,1,
main,858,6,689,46,296.394,0.047,2,2,
main,859,6,-331,106,296.613,0.038,2,1,
main,860,6,453,-44,296.939,0.059000000000000004,2,2,
main,861,6,-177,-19,297.15500000000003,0.029,2,1,
main,862,6,55,102,297.478,0.056,2,2,
main,863,6,-211,95,297.69100000000003,0.031,2,1,
main,864,6,137,159,298.019,0.064,2,2,
main,865,6,-337,219,298.233,0.024,2,1,
main,866,6,654,398,298.564,0.061,2,2,
main,867,6,-578,-122,298.78000000000003,0.023,2,1,
main,868,6,140,139,299.107,0.053,2,2,
main,869,6,-198,230,299.326,0.031,2,1,
main,870,6,460,-291,299.65500000000003,0.059000000000000004,2,2,
main,871,6,-222,27,299.873,0.029,2,1,
main,872,6,278,305,300.2,0.059000000000000004,2,2,
main,873,6,-424,152,300.416,0.024,2,1,
main,874,6,260,-115,300.741,0.054,2,2,
main,875,6,-190,-124,300.956,0.032,2,1,
main,876,6,470,-265,301.279,0.063,2,2,
main,877,6,-228,-152,301.496,0.033,2,1,
main,878,6,400,-237,301.821,0.067,2,2,
main,879,6,-302,217,302.03700000000003,0.03,2,1,
main,880,6,276,310,302.358,0.052000000000000005,2,2,
main,881,6,-489,82,302.57800000000003,0.03,2,1,
main,882,6,190,88,302.898,0.062,2,2,
main,883,6,12,-144,303.117,0.037,2,1,
main,884,6,281,-254,303.44100000000003,0.059000000000000004,2,2,
main,885,6,-257,143,303.665,0.041,2,1,
main,886,6,425,-369,303.994,0.062,2,2,
main,887,6,-393,-276,304.211,0.028,2,1,
main,888,6,-280,-49,304.535,0.056,2,2,
main,889,6,-171,-21,304.752,0.034,2,2,
main,890,6,-267,-34,304.967,0.028,2,1,
main,891,6,529,452,305.295,0.063,2,2,
main,892,6,213,12,305.51,0.022,2,1,
main,893,6,408,-127,305.841,0.061,2,2,
main,894,6,-224,-315,306.06,0.032,2,1,
main,895,6,316,-22,306.39,0.067,2,2,
main,896,6,-248,74,306.605,0.031,2,1,
main,897,6,227,-215,306.933,0.064,2,2,
main,898,6,-590,1,307.153,0.031,2,1,
main,899,6,681,161,307.475,0.055,2,2,
main,900,6,-410,61,307.69100000000003,0.029,2,1,
main,901,6,1,-460,308.01300000000003,0.054,2,2,
main,902,6,-52,68,308.231,0.028,2,1,
main,903,6,7,-44,308.56,0.065,2,1,
main,904,6,190,-174,308.883,0.056,2,1,
main,905,6,242,-387,309.21,0.055,2,2,
main,906,6,-640,178,309.431,0.03,2,1,
main,907,6,-101,-112,309.754,0.061,2,2,
main,908,6,-334,-164,309.968,0.025,2,1,
main,909,6,395,204,310.294,0.065,2,2,
main,910,6,-285,-237,310.511,0.027,2,1,
main,911,6,301,-67,310.836,0.067,2,2,
main,912,6,-241,-40,311.053,0.024,2,1,
main,913,6,477,36,311.377,0.06,2,2,
main,914,6,34,23,311.592,0.028,2,1,
main,915,6,600,104,311.921,0.07,2,2,
main,916,6,-439,144,312.133,0.029,2,1,
main,917,6,541,249,312.456,0.06,2,2,
main,918,6,-414,-540,312.672,0.027,2,1,
main,919,6,515,289,312.992,0.051000000000000004,2,2,
main,920,6,-132,-292,313.209,0.026000000000000002,2,1,
main,921,6,425,345,313.532,0.065,2,2,
main,922,6,-461,-295,313.748,0.034,2,1,
main,923,6,261,80,314.072,0.066,2,2,
main,924,6,-158,256,314.288,0.034,2,1,
main,925,6,508,393,314.615,0.067,2,2,
main,926,6,-367,111,314.83,0.029,2,1,
main,927,6,305,281,315.161,0.062,2,2,
main,928,6,-294,-205,315.372,0.026000000000000002,2,1,
main,929,6,105,-18,315.696,0.066,2,2,
main,930,6,-332,166,315.91200000000003,0.026000000000000002,2,1,
main,931,6,148,79,316.24,0.067,2,1,
main,932,6,459,-33,316.56600000000003,0.065,2,1,
main,933,6,231,-49,316.885,0.064,2,2,
main,934,6,-241,437,317.103,0.026000000000000002,2,1,
main,935,6,453,147,317.428,0.054,2,2,
main,936,6,-198,19,317.641,0.027,2,1,
main,937,6,594,-195,317.963,0.067,2,2,
main,938,6,-266,249,318.182,0.039,2,1,
main,939,6,56,1,318.508,0.057,2,2,
main,940,6,-355,206,318.724,0.021,2,1,
main,941,6,16,122,319.05,0.054,2,1,
main,942,6,269,126,319.37,0.052000000000000005,2,2,
main,943,6,-588,2,319.588,0.035,2,1,
main,944,6,181,136,319.91700000000003,0.065,2,1,
main,945,6,465,-9,320.238,0.06,2,2,
main,946,6,93,-17,320.455,0.035,2,1,
main,947,6,352,-180,320.783,0.058,2,2,
main,948,6,-508,83,320.998,0.032,2,1,
main,949,6,265,17,321.321,0.065,2,2,
main,950,6,-213,45,321.536,0.021,2,2,
main,951,6,-246,280,321.752,0.019,2,1,
main,952,6,604,109,322.073,0.058,2,2,
main,953,6,-356,-317,322.296,0.035,2,1,
main,954,6,-7,8,322.618,0.052000000000000005,2,2,
main,955,6,-775,15,322.836,0.028,2,1,
main,956,6,8,141,323.164,0.06,2,2,
main,957,6,-199,-250,323.382,0.028,2,1,
main,958,6,715,-334,323.706,0.052000000000000005,2,2,
main,959,6,-323,23,323.923,0.027,2,1,
main,960,6,288,241,324.242,0.059000000000000004,2,2,
main,961,6,-335,48,324.461,0.028,2,2,
main,962,6,-230,-100,324.676,0.029,2,1,
main,963,6,49,105,325.002,0.064,2,2,
main,964,6,-436,-176,325.21500000000003,0.019,2,1,
main,965,6,373,-6,325.541,0.064,2,2,
main,966,6,-249,431,325.755,0.028,2,2,
main,967,6,-447,-35,325.972,0.028,2,1,
main,968,6,302,197,326.29,0.053,2,1,
main,969,6,304,68,326.612,0.062,2,2,
main,970,6,-208,110,326.827,0.031,2,1,
main,971,6,305,75,327.152,0.058,2,2,
main,972,6,-228,19,327.373,0.036000000000000004,2,1,
main,973,6,297,-385,327.694,0.057,2,1,
main,974,6,208,196,328.016,0.064,2,2,
main,975,6,-581,-418,328.229,0.023,2,1,
main,976,6,160,15,328.555,0.053,2,2,
main,977,6,-308,27,328.773,0.024,2,1,
main,978,6,121,-94,329.099,0.064,2,2,
main,979,6,-290,39,329.319,0.03,2,1,
main,980,6,478,-25,329.639,0.05,2,2,
main,981,6,-423,40,329.855,0.027,2,1,
main,982,6,292,-72,330.17900000000003,0.051000000000000004,2,2,
main,983,6,-37,25,330.40000000000003,0.035,2,1,
main,984,6,210,338,330.725,0.051000000000000004,2,2,
main,985,6,-413,-204,330.942,0.024,2,1,
main,986,6,471,84,331.262,0.048,2,2,
main,987,6,-487,-82,331.481,0.025,2,1,
main,988,6,429,76,331.803,0.059000000000000004,2,2,
main,989,6,-432,207,332.024,0.026000000000000002,2,1,
main,990,6,-22,66,332.351,0.057,2,2,
main,991,6,-160,-21,332.567,0.025,2,1,
main,992,6,364,297,332.891,0.052000000000000005,2,2,
main,993,6,-585,-48,333.111,0.03,2,1,
main,994,6,430,46,333.433,0.05,2,2,
main,995,6,-255,203,333.652,0.026000000000000002,2,1,
main,996,6,415,-191,333.98,0.053,2,1,
main,997,6,252,338,334.302,0.051000000000000004,2,2,
main,998,6,-370,-160,334.52,0.026000000000000002,2,1,
main,999,6,199,-3,334.842,0.05,2,2,
main,1000,6,-218,141,335.061,0.028,2,1,
main,1001,4,-431,83,335.386,0.055,2,2,
main,1002,4,-450,75,335.603,0.02,2,1,
main,1003,4,276,-172,335.925,0.049,2,1,
main,1004,4,365,187,336.25,0.052000000000000005,2,1,
main,1005,4,57,236,336.576,0.053,2,2,
main,1006,4,-322,-211,336.796,0.025,2,1,
main,1007,4,439,433,337.12,0.055,2,2,
main,1008,4,-319,-213,337.335,0.022,2,2,
main,1009,4,-418,44,337.556,0.026000000000000002,2,2,
main,1010,4,-335,123,337.77500000000003,0.027,2,2,
main,1011,4,-52,-60,337.991,0.027,2,2,
main,1012,4,-496,-342,338.207,0.021,2,2,
main,1013,4,-474,-163,338.422,0.019,2,1,
main,1014,4,402,-146,338.747,0.053,2,2,
main,1015,4,-121,219,338.963,0.021,2,1,
main,1016,4,283,-204,339.289,0.054,2,1,
main,1017,4,352,90,339.615,0.053,2,2,
main,1018,4,-439,261,339.83,0.02,2,1,
main,1019,4,225,31,340.16,0.056,2,2,
main,1020,4,-520,50,340.378,0.026000000000000002,2,2,
main,1021,4,-450,-186,340.595,0.024,2,2,
main,1022,4,6,-113,340.813,0.024,2,2,
main,1023,4,-347,235,341.029,0.022,2,2,
main,1024,4,-623,35,341.245,0.022,2,2,
main,1025,4,-272,-36,341.461,0.022,2,2,
main,1026,4,-239,229,341.676,0.021,2,2,
main,1027,4,-244,87,341.89,0.027,2,1,
main,1028,4,25,54,342.211,0.055,2,1,
main,1029,4,591,-83,342.544,0.07100000000000001,2,2,
main,1030,4,-205,165,342.76300000000003,0.025,2,2,
main,1031,4,-172,13,342.981,0.028,2,2,
main,1032,4,-620,-189,343.202,0.025,2,2,
main,1033,4,-196,-76,343.418,0.025,2,2,
main,1034,4,-101,22,343.633,0.023,2,2,
main,1035,4,-295,70,343.848,0.029,2,2,
main,1036,4,-78,265,344.069,0.033,2,1,
main,1037,4,83,-20,344.394,0.057,2,2,
main,1038,4,-336,-181,344.612,0.027,2,2,
main,1039,4,28,-73,344.832,0.024,2,2,
main,1040,4,-317,-336,345.05,0.026000000000000002,2,2,
main,1041,4,-281,-213,345.26800000000003,0.022,2,2,
main,1042,4,-385,76,345.49,0.028,2,2,
main,1043,4,-344,106,345.705,0.027,2,1,
main,1044,4,220,-36,346.029,0.064,2,1,
main,1045,4,332,130,346.357,0.053,2,1,
main,1046,4,558,315,346.681,0.058,2,1,
main,1047,4,-128,111,347.01,0.067,2,1,
main,1048,4,501,-297,347.34000000000003,0.064,2,1,
main,1049,4,351,-95,347.664,0.058,2,1,
main,1050,4,408,-126,347.992,0.059000000000000004,2,1,
main,1051,4,62,192,348.322,0.066,2,2,
main,1052,4,-637,-163,348.53700000000003,0.025,2,2,
main,1053,4,-637,47,348.75,0.023,2,1,
main,1054,4,408,-73,349.073,0.055,2,1,
main,1055,4,378,412,349.397,0.056,2,2,
main,1056,4,-252,251,349.613,0.023,2,2,
main,1057,4,-346,62,349.82800000000003,0.023,2,1,
main,1058,4,539,-77,350.158,0.059000000000000004,2,2,
main,1059,4,-237,75,350.37600000000003,0.024,2,2,
main,1060,4,-373,-122,350.591,0.023,2,1,
main,1061,4,290,413,350.91700000000003,0.055,2,1,
main,1062,4,200,265,351.243,0.055,2,1,
main,1063,4,362,160,351.572,0.055,2,1,
main,1064,4,434,-81,351.897,0.055,2,1,
main,1065,4,419,-309,352.225,0.054,2,1,
main,1066,4,359,157,352.552,0.056,2,2,
main,1067,4,-318,262,352.76800000000003,0.025,2,1,
main,1068,4,375,-30,353.097,0.06,2,1,
main,1069,4,418,174,353.421,0.056,2,2,
main,1070,4,-503,-45,353.639,0.025,2,2,
main,1071,4,-462,133,353.856,0.024,2,2,
main,1072,4,-435,-164,354.073,0.023,2,2,
main,1073,4,-463,12,354.286,0.02,2,1,
main,1074,4,172,-227,354.612,0.058,2,1,
main,1075,4,395,-37,354.932,0.051000000000000004,2,1,
main,1076,4,88,13,355.25600000000003,0.052000000000000005,2,1,
main,1077,4,369,46,355.583,0.052000000000000005,2,1,
main,1078,4,145,-91,355.906,0.055,2,1,
main,1079,4,198,-159,356.231,0.054,2,1,
main,1080,4,126,443,356.558,0.059000000000000004,2,1,
main,1081,4,161,53,356.884,0.055,2,1,
main,1082,4,163,-101,357.213,0.058,2,1,
main,1083,4,380,160,357.541,0.054,2,2,
main,1084,4,-203,-26,357.757,0.022,2,1,
main,1085,4,134,149,358.083,0.054,2,1,
main,1086,4,160,109,358.408,0.054,2,1,
main,1087,4,452,168,358.735,0.053,2,1,
main,1088,4,262,81,359.06100000000004,0.058,2,1,
main,1089,4,251,-105,359.39,0.059000000000000004,2,2,
main,1090,4,-440,154,359.608,0.026000000000000002,2,2,
main,1091,4,-654,10,359.827,0.024,2,1,
main,1092,4,97,52,360.154,0.056,2,2,
main,1093,4,-200,-264,360.372,0.025,2,1,
main,1094,4,215,42,360.702,0.062,2,2,
main,1095,4,150,-60,360.919,0.021,2,2,
main,1096,4,-344,-39,361.135,0.025,2,2,
main,1097,4,-287,130,361.35200000000003,0.026000000000000002,2,2,
main,1098,4,-249,197,361.569,0.022,2,2,
main,1099,4,-215,152,361.785,0.024,2,1,
main,1100,4,295,129,362.111,0.061,2,1,
main,1101,4,250,45,362.439,0.057,2,1,
main,1102,4,35,121,362.764,0.053,2,1,
main,1103,4,504,145,363.087,0.053,2,2,
main,1104,4,-325,148,363.305,0.025,2,2,
main,1105,4,-459,101,363.522,0.024,2,1,
main,1106,4,84,167,363.848,0.053,2,1,
main,1107,4,411,119,364.176,0.053,2,2,
main,1108,4,-393,81,364.391,0.022,2,2,
main,1109,4,-671,152,364.609,0.024,2,2,
main,1110,4,-266,155,364.827,0.028,2,1,
main,1111,4,344,210,365.15500000000003,0.058,2,1,
main,1112,4,116,368,365.481,0.055,2,2,
main,1113,4,-481,122,365.7,0.024,2,2,
main,1114,4,-156,-25,365.919,0.026000000000000002,2,1,
main,1115,4,720,125,366.243,0.051000000000000004,2,1,
main,1116,4,561,-70,366.565,0.049,2,1,
main,1117,4,164,-51,366.887,0.05,2,1,
main,1118,4,337,-325,367.208,0.048,2,2,
main,1119,4,-134,-104,367.42400000000004,0.021,2,2,
main,1120,4,-399,-106,367.642,0.024,2,1,
main,1121,4,648,71,367.969,0.053,2,2,
main,1122,4,-100,-218,368.188,0.024,2,2,
main,1123,4,-348,175,368.402,0.021,2,2,
main,1124,4,-361,135,368.62,0.026000000000000002,2,2,
main,1125,4,-326,474,368.841,0.032,2,2,
main,1126,4,-369,16,369.06,0.027,2,1,
main,1127,4,251,-339,369.389,0.057,2,2,
main,1128,4,-4,46,369.60200000000003,0.021,2,1,
main,1129,4,266,98,369.925,0.052000000000000005,2,1,
main,1130,4,369,12,370.25100000000003,0.052000000000000005,2,1,
main,1131,4,440,-76,370.579,0.053,2,1,
main,1132,4,231,325,370.909,0.059000000000000004,2,1,
main,1133,4,479,242,371.231,0.052000000000000005,2,1,
main,1134,4,326,107,371.558,0.054,2,1,
main,1135,4,261,68,371.887,0.06,2,1,
main,1136,4,160,367,372.21,0.059000000000000004,2,1,
main,1137,4,614,227,372.538,0.064,2,2,
main,1138,4,-71,-65,372.758,0.028,2,1,
main,1139,4,316,29,373.081,0.053,2,2,
main,1140,4,-627,-15,373.29900000000004,0.025,2,2,
main,1141,4,-15,110,373.519,0.026000000000000002,2,1,
main,1142,4,473,-141,373.843,0.055,2,2,
main,1143,4,-523,-17,374.06100000000004,0.025,2,1,
main,1144,4,641,200,374.387,0.056,2,2,
main,1145,4,-261,-159,374.607,0.026000000000000002,2,2,
main,1146,4,-312,-288,374.822,0.024,2,2,
main,1147,4,47,97,375.039,0.023,2,2,
main,1148,4,24,312,375.259,0.026000000000000002,2,2,
main,1149,4,-353,-105,375.476,0.023,2,2,
main,1150,4,-447,-333,375.695,0.023,2,1,
main,1151,4,377,-290,376.023,0.058,2,1,
main,1152,4,84,-139,376.348,0.054,2,2,
main,1153,4,-541,-71,376.564,0.025,2,2,
main,1154,4,-247,62,376.78000000000003,0.025,2,2,
main,1155,4,-450,-63,377.00100000000003,0.025,2,2,
main,1156,4,-193,-268,377.219,0.025,2,1,
main,1157,4,397,46,377.546,0.055,2,1,
main,1158,4,260,-61,377.871,0.053,2,1,
main,1159,4,184,288,378.195,0.054,2,1,
main,1160,4,453,-63,378.51800000000003,0.051000000000000004,2,1,
main,1161,4,-105,61,378.846,0.056,2,1,
main,1162,4,172,-338,379.175,0.052000000000000005,2,1,
main,1163,4,438,182,379.50100000000003,0.053,2,1,
main,1164,4,430,104,379.82300000000004,0.054,2,1,
main,1165,4,424,-194,380.149,0.058,2,2,
main,1166,4,-115,-184,380.361,0.024,2,2,
main,1167,4,-248,-102,380.579,0.03,2,2,
main,1168,4,-574,-375,380.795,0.026000000000000002,2,2,
main,1169,4,-166,218,381.01,0.032,2,2,
main,1170,4,-47,-244,381.22700000000003,0.035,2,1,
main,1171,4,308,-218,381.552,0.067,2,1,
main,1172,4,119,-96,381.87600000000003,0.059000000000000004,2,2,
main,1173,4,33,234,382.096,0.029,2,2,
main,1174,4,1,36,382.31,0.027,2,2,
main,1175,4,-282,-56,382.527,0.023,2,2,
main,1176,4,-535,26,382.746,0.025,2,2,
main,1177,4,-162,100,382.959,0.024,2,2,
main,1178,4,-642,-35,383.177,0.028,2,2,
main,1179,4,-607,74,383.395,0.027,2,1,
main,1180,4,330,-162,383.714,0.049,2,1,
main,1181,4,355,-154,384.044,0.061,2,1,
main,1182,4,-22,-45,384.368,0.056,2,1,
main,1183,4,421,34,384.69,0.058,2,1,
main,1184,4,231,202,385.01300000000003,0.059000000000000004,2,2,
main,1185,4,-603,-12,385.235,0.032,2,2,
main,1186,4,-3,393,385.45300000000003,0.026000000000000002,2,2,
main,1187,4,-329,-6,385.673,0.028,2,1,
main,1188,4,511,-540,386.002,0.062,2,1,
main,1189,4,467,113,386.32800000000003,0.055,2,1,
main,1190,4,210,-81,386.649,0.057,2,2,
main,1191,4,-148,-247,386.867,0.029,2,2,
main,1192,4,-79,250,387.082,0.03,2,2,
main,1193,4,-369,37,387.296,0.019,2,2,
main,1194,4,-444,-210,387.517,0.033,2,1,
main,1195,4,247,94,387.84000000000003,0.055,2,1,
main,1196,4,534,328,388.16700000000003,0.062,2,1,
main,1197,4,61,-120,388.48900000000003,0.057,2,1,
main,1198,4,517,-110,388.81,0.055,2,1,
main,1199,4,413,-105,389.137,0.062,2,1,
main,1200,4,373,-113,389.462,0.059000000000000004,2,1,
