Orginal File Name:,DP-JTESTDP-2018_6_27_20_31.csv,UserAGENT:Mozilla/5.0 (Macintosh; Intel Mac OS X 10_12_6) AppleWebKit/605.1.15 (KHTML, like Gecko) Version/11.1.1 Safari/605.1.15,IP: ::1,Time:,2018_6_27_20_31,Parameter File:,None:FromPsyToolkit,Event Codes:,[('INSTRUCT_ONSET', 1), ('TASK_ONSET', 2), ('TRIAL_ONSET', 3), ('CUE_ONSET', 4), ('IMAGE_ONSET', 5), ('TARGET_ONSET', 6), ('RESPONSE', 7), ('ERROR_DELAY', 8), ('BREAK_ONSET', 9), ('BREAK_END', 10)],Trial Types are coded as follows: 8 bits representing [valence neut/neg/pos] [target_orientation H/V] [target_side left/right] [duration .5/1] [valenced_image left/right] [cue_orientation H/V] [cue_side left/right] 
trial_number,trial_type,event_code,absolute_time,response_time,response,result
1,10110100,1,5.227,NaN,NA,NA,
1,10110100,2,5.228,NaN,NA,NA,
1,10110100,3,5.228,NaN,NA,NA,
1,10110100,4,6.23,NaN,NA,NA,
1,10110100,5,6.432,NaN,NA,25460.bmp,A55.bmp,
1,10110100,6,6.933,NaN,NA,NA,
1,10110100,7,7.41,0.47400000000000003,1,1,
2,10110101,2,7.4190000000000005,NaN,NA,NA,
2,10110101,3,7.4190000000000005,NaN,NA,NA,
2,10110101,4,8.421,NaN,NA,NA,
2,10110101,5,8.622,NaN,NA,22630.bmp,A39.bmp,
2,10110101,6,9.124,NaN,NA,NA,
2,10110101,7,9.587,0.461,1,1,
3,10110110,2,9.597,NaN,NA,NA,
3,10110110,3,9.597,NaN,NA,NA,
3,10110110,4,10.597,NaN,NA,NA,
3,10110110,5,10.799,NaN,NA,22395.bmp,A379.bmp,
3,10110110,6,11.301,NaN,NA,NA,
3,10110110,7,11.692,0.389,1,1,
4,10110111,2,11.702,NaN,NA,NA,
4,10110111,3,11.702,NaN,NA,NA,
4,10110111,4,12.704,NaN,NA,NA,
4,10110111,5,12.904,NaN,NA,25611.bmp,A63.bmp,
4,10110111,6,13.406,NaN,NA,NA,
4,10110111,7,14.445,1.037,1,1,
5,10111000,2,14.455,NaN,NA,NA,
5,10111000,3,14.455,NaN,NA,NA,
5,10111000,4,15.456,NaN,NA,NA,
5,10111000,5,15.657,NaN,NA,25621.bmp,A65.bmp,
5,10111000,6,16.66,NaN,NA,NA,
5,10111000,7,17.275000000000002,0.613,1,1,
6,01110110,2,17.888,NaN,NA,NA,
6,01110110,3,17.888,NaN,NA,NA,
6,01110110,4,18.889,NaN,NA,NA,
6,01110110,5,19.094,NaN,NA,123451.bmp,A223.bmp,
6,01110110,6,19.595,NaN,NA,NA,
6,01110110,7,19.717,0.121,1,1,
7,10110001,2,19.731,NaN,NA,NA,
7,10110001,3,19.731,NaN,NA,NA,
7,10110001,4,20.733,NaN,NA,NA,
7,10110001,5,20.934,NaN,NA,25201.bmp,A43.bmp,
7,10110001,6,21.435,NaN,NA,NA,
7,10110001,7,21.454,0.018000000000000002,1,2,
7,10110001,8,21.454,NaN,NA,NA,
8,00000101,2,24.472,NaN,NA,NA,
8,00000101,3,24.472,NaN,NA,NA,
8,00000101,4,25.473,NaN,NA,NA,
8,00000101,5,25.674,NaN,NA,07255.bmp,A203.bmp,
8,00000101,6,26.176000000000002,NaN,NA,NA,
8,00000101,7,26.226,0.048,-1,1,
9,01010011,2,26.239,NaN,NA,NA,
9,01010011,3,26.239,NaN,NA,NA,
9,01010011,4,27.239,NaN,NA,NA,
9,01010011,5,27.441,NaN,NA,19320.bmp,A317.bmp,
9,01010011,6,27.942,NaN,NA,NA,
9,01010011,7,27.993000000000002,0.049,1,2,
9,01010011,8,27.993000000000002,NaN,NA,NA,
10,01101000,2,31.021,NaN,NA,NA,
10,01101000,3,31.021,NaN,NA,NA,
10,01101000,4,32.022,NaN,NA,NA,
10,01101000,5,32.223,NaN,NA,16821.bmp,A297.bmp,
10,01101000,6,33.224000000000004,NaN,NA,NA,
10,01101000,7,33.304,0.078,-1,2,
10,01101000,8,33.304,NaN,NA,NA,
11,01100101,2,36.324,NaN,NA,NA,
11,01100101,3,36.324,NaN,NA,NA,
11,01100101,4,37.326,NaN,NA,NA,
11,01100101,5,37.527,NaN,NA,12053.bmp,A215.bmp,
11,01100101,6,38.029,NaN,NA,NA,
11,01100101,7,38.091,0.061,-1,2,
11,01100101,8,38.091,NaN,NA,NA,
12,00001101,2,41.112,NaN,NA,NA,
12,00001101,3,41.112,NaN,NA,NA,
12,00001101,4,42.112,NaN,NA,NA,
12,00001101,5,42.314,NaN,NA,02411.bmp,A117.bmp,
12,00001101,6,43.316,NaN,NA,NA,
12,00001101,7,43.326,0.008,-1,1,
13,10011110,2,43.34,NaN,NA,NA,
13,10011110,3,43.34,NaN,NA,NA,
13,10011110,4,44.34,NaN,NA,NA,
13,10011110,5,44.542,NaN,NA,22442.bmp,A381.bmp,
13,10011110,6,45.544000000000004,NaN,NA,NA,
13,10011110,7,45.627,0.081,1,2,
13,10011110,8,45.627,NaN,NA,NA,
14,00001100,2,48.647,NaN,NA,NA,
14,00001100,3,48.647,NaN,NA,NA,
14,00001100,4,49.648,NaN,NA,NA,
14,00001100,5,49.85,NaN,NA,07009.bmp,A165.bmp,
14,00001100,6,50.851,NaN,NA,NA,
14,00001100,7,50.956,0.10400000000000001,-1,1,
15,10110111,2,50.971000000000004,NaN,NA,NA,
15,10110111,3,50.971000000000004,NaN,NA,NA,
15,10110111,4,51.972,NaN,NA,NA,
15,10110111,5,52.174,NaN,NA,25611.bmp,A63.bmp,
15,10110111,6,52.676,NaN,NA,NA,
15,10110111,7,52.705,0.028,1,1,
16,01111001,2,52.719,NaN,NA,NA,
16,01111001,3,52.719,NaN,NA,NA,
16,01111001,4,53.719,NaN,NA,NA,
16,01111001,5,53.921,NaN,NA,13061.bmp,A241.bmp,
16,01111001,6,54.923,NaN,NA,NA,
16,01111001,7,54.971000000000004,0.045,1,2,
16,01111001,8,54.971000000000004,NaN,NA,NA,
17,10111110,2,57.991,NaN,NA,NA,
17,10111110,3,57.991,NaN,NA,NA,
17,10111110,4,58.992000000000004,NaN,NA,NA,
17,10111110,5,59.194,NaN,NA,28178.bmp,A95.bmp,
17,10111110,6,60.196,NaN,NA,NA,
17,10111110,7,60.223,0.026000000000000002,1,1,
18,00111100,2,60.237,NaN,NA,NA,
18,00111100,3,60.237,NaN,NA,NA,
18,00111100,4,61.239000000000004,NaN,NA,NA,
18,00111100,5,61.439,NaN,NA,01645.bmp,A101.bmp,
18,00111100,6,62.440000000000005,NaN,NA,NA,
18,00111100,7,62.501000000000005,0.059000000000000004,1,2,
18,00111100,8,62.501000000000005,NaN,NA,NA,
19,10111000,2,65.521,NaN,NA,NA,
19,10111000,3,65.521,NaN,NA,NA,
19,10111000,4,66.522,NaN,NA,NA,
19,10111000,5,66.724,NaN,NA,25621.bmp,A65.bmp,
19,10111000,6,67.725,NaN,NA,NA,
19,10111000,7,67.729,0.003,1,2,
19,10111000,8,67.729,NaN,NA,NA,
20,01001100,2,70.749,NaN,NA,NA,
20,01001100,3,70.749,NaN,NA,NA,
20,01001100,4,71.75,NaN,NA,NA,
20,01001100,5,71.952,NaN,NA,19400.bmp,A321.bmp,
20,01001100,6,72.95400000000001,NaN,NA,NA,
20,01001100,7,72.96300000000001,0.008,-1,1,
21,00111110,2,72.977,NaN,NA,NA,
21,00111110,3,72.977,NaN,NA,NA,
21,00111110,4,73.977,NaN,NA,NA,
21,00111110,5,74.179,NaN,NA,07186.bmp,A193.bmp,
21,00111110,6,75.181,NaN,NA,NA,
21,00111110,7,75.259,0.076,1,1,
22,00000001,2,75.273,NaN,NA,NA,
22,00000001,3,75.273,NaN,NA,NA,
22,00000001,4,76.274,NaN,NA,NA,
22,00000001,5,76.476,NaN,NA,08232.bmp,A211.bmp,
22,00000001,6,76.97800000000001,NaN,NA,NA,
22,00000001,7,77.003,0.024,-1,1,
23,00001011,2,77.017,NaN,NA,NA,
23,00001011,3,77.017,NaN,NA,NA,
23,00001011,4,78.018,NaN,NA,NA,
23,00001011,5,78.22,NaN,NA,02220.bmp,A11.bmp,
23,00001011,6,79.221,NaN,NA,NA,
23,00001011,7,79.276,0.054,-1,2,
23,00001011,8,79.276,NaN,NA,NA,
24,10011111,2,82.296,NaN,NA,NA,
24,10011111,3,82.296,NaN,NA,NA,
24,10011111,4,83.297,NaN,NA,NA,
24,10011111,5,83.499,NaN,NA,21710.bmp,A349.bmp,
24,10011111,6,84.5,NaN,NA,NA,
24,10011111,7,84.52,0.019,1,2,
24,10011111,8,84.52,NaN,NA,NA,
25,01011011,2,87.54,NaN,NA,NA,
25,01011011,3,87.54,NaN,NA,NA,
25,01011011,4,88.542,NaN,NA,NA,
25,01011011,5,88.744,NaN,NA,16300.bmp,A279.bmp,
25,01011011,6,89.745,NaN,NA,NA,
25,01011011,7,89.762,0.015,1,2,
25,01011011,8,89.762,NaN,NA,NA,
26,00000111,2,92.782,NaN,NA,NA,
26,00000111,3,92.782,NaN,NA,NA,
26,00000111,4,93.783,NaN,NA,NA,
26,00000111,5,93.985,NaN,NA,07248.bmp,A201.bmp,
26,00000111,6,94.48700000000001,NaN,NA,NA,
26,00000111,7,94.559,0.07100000000000001,-1,2,
26,00000111,8,94.559,NaN,NA,NA,
27,01011101,2,97.578,NaN,NA,NA,
27,01011101,3,97.578,NaN,NA,NA,
27,01011101,4,98.58,NaN,NA,NA,
27,01011101,5,98.782,NaN,NA,13100.bmp,A243.bmp,
27,01011101,6,99.783,NaN,NA,NA,
27,01011101,7,99.794,0.01,1,1,
28,01010001,2,99.808,NaN,NA,NA,
28,01010001,3,99.808,NaN,NA,NA,
28,01010001,4,100.809,NaN,NA,NA,
28,01010001,5,101.011,NaN,NA,13500.bmp,A265.bmp,
28,01010001,6,101.511,NaN,NA,NA,
28,01010001,7,101.533,0.02,1,1,
29,01001000,2,101.547,NaN,NA,NA,
29,01001000,3,101.547,NaN,NA,NA,
29,01001000,4,102.549,NaN,NA,NA,
29,01001000,5,102.75,NaN,NA,12703.bmp,A229.bmp,
29,01001000,6,103.751,NaN,NA,NA,
29,01001000,7,103.82900000000001,0.077,-1,1,
30,10001110,2,103.843,NaN,NA,NA,
30,10001110,3,103.843,NaN,NA,NA,
30,10001110,4,104.845,NaN,NA,NA,
30,10001110,5,105.047,NaN,NA,21650.bmp,A343.bmp,
30,10001110,6,106.049,NaN,NA,NA,
30,10001110,7,106.116,0.066,-1,2,
30,10001110,8,106.116,NaN,NA,NA,
31,00100000,2,109.136,NaN,NA,NA,
31,00100000,3,109.136,NaN,NA,NA,
31,00100000,4,110.138,NaN,NA,NA,
31,00100000,5,110.34,NaN,NA,05510.bmp,A147.bmp,
31,00100000,6,110.842,NaN,NA,NA,
31,00100000,7,110.919,0.076,-1,2,
31,00100000,8,110.919,NaN,NA,NA,
32,10111001,2,113.938,NaN,NA,NA,
32,10111001,3,113.938,NaN,NA,NA,
32,10111001,4,114.93900000000001,NaN,NA,NA,
32,10111001,5,115.14,NaN,NA,27320.bmp,A79.bmp,
32,10111001,6,116.141,NaN,NA,NA,
32,10111001,7,116.20700000000001,0.065,1,2,
32,10111001,8,116.20700000000001,NaN,NA,NA,
33,10101010,2,119.227,NaN,NA,NA,
33,10101010,3,119.22800000000001,NaN,NA,NA,
33,10101010,4,120.229,NaN,NA,NA,
33,10101010,5,120.431,NaN,NA,27220.bmp,A75.bmp,
33,10101010,6,121.433,NaN,NA,NA,
33,10101010,7,121.45400000000001,0.019,-1,1,
34,00101011,2,121.468,NaN,NA,NA,
34,00101011,3,121.468,NaN,NA,NA,
34,00101011,4,122.46900000000001,NaN,NA,NA,
34,00101011,5,122.671,NaN,NA,02595.bmp,A129.bmp,
34,00101011,6,123.672,NaN,NA,NA,
34,00101011,7,123.74000000000001,0.067,-1,1,
35,00110011,2,123.754,NaN,NA,NA,
35,00110011,3,123.754,NaN,NA,NA,
35,00110011,4,124.75500000000001,NaN,NA,NA,
35,00110011,5,124.95700000000001,NaN,NA,07010.bmp,A167.bmp,
35,00110011,6,125.459,NaN,NA,NA,
35,00110011,7,125.48400000000001,0.024,1,1,
36,00110111,2,125.498,NaN,NA,NA,
36,00110111,3,125.498,NaN,NA,NA,
36,00110111,4,126.49900000000001,NaN,NA,NA,
36,00110111,5,126.70100000000001,NaN,NA,02516.bmp,A127.bmp,
36,00110111,6,127.203,NaN,NA,NA,
36,00110111,7,127.23400000000001,0.029,1,1,
37,01000010,2,127.248,NaN,NA,NA,
37,01000010,3,127.248,NaN,NA,NA,
37,01000010,4,128.249,NaN,NA,NA,
37,01000010,5,128.451,NaN,NA,130051.bmp,A237.bmp,
37,01000010,6,128.952,NaN,NA,NA,
37,01000010,7,128.963,0.009000000000000001,-1,2,
37,01000010,8,128.963,NaN,NA,NA,
38,00101100,2,131.983,NaN,NA,NA,
38,00101100,3,131.983,NaN,NA,NA,
38,00101100,4,132.984,NaN,NA,NA,
38,00101100,5,133.186,NaN,NA,07830.bmp,A209.bmp,
38,00101100,6,134.187,NaN,NA,NA,
38,00101100,7,134.196,0.007,-1,2,
38,00101100,8,134.196,NaN,NA,NA,
39,10000101,2,137.218,NaN,NA,NA,
39,10000101,3,137.218,NaN,NA,NA,
39,10000101,4,138.22,NaN,NA,NA,
39,10000101,5,138.421,NaN,NA,28170.bmp,A93.bmp,
39,10000101,6,138.923,NaN,NA,NA,
39,10000101,7,138.991,0.066,-1,1,
40,10000100,2,139.005,NaN,NA,NA,
40,10000100,3,139.005,NaN,NA,NA,
40,10000100,4,140.006,NaN,NA,NA,
40,10000100,5,140.208,NaN,NA,28250.bmp,A99.bmp,
40,10000100,6,140.71,NaN,NA,NA,
40,10000100,7,140.725,0.014,-1,1,
41,00110101,2,140.739,NaN,NA,NA,
41,00110101,3,140.739,NaN,NA,NA,
41,00110101,4,141.741,NaN,NA,NA,
41,00110101,5,141.942,NaN,NA,07003.bmp,A161.bmp,
41,00110101,6,142.443,NaN,NA,NA,
41,00110101,7,142.474,0.028,1,2,
41,00110101,8,142.474,NaN,NA,NA,
42,00100001,2,145.494,NaN,NA,NA,
42,00100001,3,145.494,NaN,NA,NA,
42,00100001,4,146.496,NaN,NA,NA,
42,00100001,5,146.698,NaN,NA,02211.bmp,A107.bmp,
42,00100001,6,147.199,NaN,NA,NA,
42,00100001,7,147.268,0.068,-1,2,
42,00100001,8,147.268,NaN,NA,NA,
43,01011111,2,150.288,NaN,NA,NA,
43,01011111,3,150.288,NaN,NA,NA,
43,01011111,4,151.28900000000002,NaN,NA,NA,
43,01011111,5,151.491,NaN,NA,13001.bmp,A235.bmp,
43,01011111,6,152.493,NaN,NA,NA,
43,01011111,7,152.499,0.005,1,2,
43,01011111,8,152.499,NaN,NA,NA,
44,10001011,2,155.52,NaN,NA,NA,
44,10001011,3,155.52,NaN,NA,NA,
44,10001011,4,156.522,NaN,NA,NA,
44,10001011,5,156.723,NaN,NA,22331.bmp,A373.bmp,
44,10001011,6,157.724,NaN,NA,NA,
44,10001011,7,157.828,0.10300000000000001,-1,2,
44,10001011,8,157.828,NaN,NA,NA,
45,10010101,2,160.848,NaN,NA,NA,
45,10010101,3,160.848,NaN,NA,NA,
45,10010101,4,161.849,NaN,NA,NA,
45,10010101,5,162.05100000000002,NaN,NA,25551.bmp,A59.bmp,
45,10010101,6,162.553,NaN,NA,NA,
45,10010101,7,162.625,0.07100000000000001,1,1,
46,00111111,2,162.639,NaN,NA,NA,
46,00111111,3,162.639,NaN,NA,NA,
46,00111111,4,163.64000000000001,NaN,NA,NA,
46,00111111,5,163.842,NaN,NA,02381.bmp,A113.bmp,
46,00111111,6,164.844,NaN,NA,NA,
46,00111111,7,164.903,0.058,1,1,
47,00011011,2,164.917,NaN,NA,NA,
47,00011011,3,164.917,NaN,NA,NA,
47,00011011,4,165.919,NaN,NA,NA,
47,00011011,5,166.121,NaN,NA,07019.bmp,A173.bmp,
47,00011011,6,167.122,NaN,NA,NA,
47,00011011,7,167.19,0.067,1,2,
47,00011011,8,167.19,NaN,NA,NA,
48,00000110,2,170.21,NaN,NA,NA,
48,00000110,3,170.21,NaN,NA,NA,
48,00000110,4,171.21,NaN,NA,NA,
48,00000110,5,171.412,NaN,NA,07045.bmp,A181.bmp,
48,00000110,6,171.91400000000002,NaN,NA,NA,
48,00000110,7,171.994,0.077,-1,2,
48,00000110,8,171.994,NaN,NA,NA,
49,01001111,2,175.014,NaN,NA,NA,
49,01001111,3,175.014,NaN,NA,NA,
49,01001111,4,176.01500000000001,NaN,NA,NA,
49,01001111,5,176.217,NaN,NA,162501.bmp,A275.bmp,
49,01001111,6,177.21800000000002,NaN,NA,NA,
49,01001111,7,177.314,0.094,-1,2,
49,01001111,8,177.314,NaN,NA,NA,
50,00100010,2,180.334,NaN,NA,NA,
50,00100010,3,180.334,NaN,NA,NA,
50,00100010,4,181.336,NaN,NA,NA,
50,00100010,5,181.538,NaN,NA,06150.bmp,A155.bmp,
50,00100010,6,182.03900000000002,NaN,NA,NA,
50,00100010,7,182.094,0.054,-1,1,
51,00110001,2,182.108,NaN,NA,NA,
51,00110001,3,182.108,NaN,NA,NA,
51,00110001,4,183.11,NaN,NA,NA,
51,00110001,5,183.312,NaN,NA,07018.bmp,A171.bmp,
51,00110001,6,183.814,NaN,NA,NA,
51,00110001,7,183.846,0.03,1,2,
51,00110001,8,183.846,NaN,NA,NA,
52,00011001,2,186.866,NaN,NA,NA,
52,00011001,3,186.866,NaN,NA,NA,
52,00011001,4,187.868,NaN,NA,NA,
52,00011001,5,188.07,NaN,NA,02840.bmp,A137.bmp,
52,00011001,6,189.07,NaN,NA,NA,
52,00011001,7,189.178,0.107,1,1,
53,01101001,2,189.192,NaN,NA,NA,
53,01101001,3,189.192,NaN,NA,NA,
53,01101001,4,190.19400000000002,NaN,NA,NA,
53,01101001,5,190.395,NaN,NA,19295.bmp,A311.bmp,
53,01101001,6,191.39600000000002,NaN,NA,NA,
53,01101001,7,191.467,0.068,-1,2,
53,01101001,8,191.467,NaN,NA,NA,
54,01001101,2,194.487,NaN,NA,NA,
54,01001101,3,194.487,NaN,NA,NA,
54,01001101,4,195.489,NaN,NA,NA,
54,01001101,5,195.69,NaN,NA,19300.bmp,A313.bmp,
54,01001101,6,196.69,NaN,NA,NA,
54,01001101,7,196.698,0.007,-1,1,
55,10101100,2,196.71200000000002,NaN,NA,NA,
55,10101100,3,196.71200000000002,NaN,NA,NA,
55,10101100,4,197.713,NaN,NA,NA,
55,10101100,5,197.913,NaN,NA,22222.bmp,A37.bmp,
55,10101100,6,198.915,NaN,NA,NA,
55,10101100,7,198.971,0.054,-1,2,
55,10101100,8,198.971,NaN,NA,NA,
56,01000000,2,201.991,NaN,NA,NA,
56,01000000,3,201.991,NaN,NA,NA,
56,01000000,4,202.993,NaN,NA,NA,
56,01000000,5,203.19400000000002,NaN,NA,16021.bmp,A27.bmp,
56,01000000,6,203.696,NaN,NA,NA,
56,01000000,7,203.763,0.065,-1,1,
57,01101111,2,203.77700000000002,NaN,NA,NA,
57,01101111,3,203.77700000000002,NaN,NA,NA,
57,01101111,4,204.77700000000002,NaN,NA,NA,
57,01101111,5,204.978,NaN,NA,13195.bmp,A251.bmp,
57,01101111,6,205.98000000000002,NaN,NA,NA,
57,01101111,7,206.058,0.077,-1,1,
58,00000000,2,206.072,NaN,NA,NA,
58,00000000,3,206.072,NaN,NA,NA,
58,00000000,4,207.073,NaN,NA,NA,
58,00000000,5,207.275,NaN,NA,07017.bmp,A17.bmp,
58,00000000,6,207.77700000000002,NaN,NA,NA,
58,00000000,7,207.804,0.026000000000000002,-1,1,
59,10001001,2,207.818,NaN,NA,NA,
59,10001001,3,207.818,NaN,NA,NA,
59,10001001,4,208.81900000000002,NaN,NA,NA,
59,10001001,5,209.02100000000002,NaN,NA,25220.bmp,A45.bmp,
59,10001001,6,210.023,NaN,NA,NA,
59,10001001,7,210.095,0.07100000000000001,-1,1,
60,01101101,2,210.109,NaN,NA,NA,
60,01101101,3,210.109,NaN,NA,NA,
60,01101101,4,211.11,NaN,NA,NA,
60,01101101,5,211.312,NaN,NA,19140.bmp,A307.bmp,
60,01101101,6,212.314,NaN,NA,NA,
60,01101101,7,212.36,0.045,-1,2,
60,01101101,8,212.36,NaN,NA,NA,
61,10101110,2,215.38,NaN,NA,NA,
61,10101110,3,215.38,NaN,NA,NA,
61,10101110,4,216.382,NaN,NA,NA,
61,10101110,5,216.584,NaN,NA,21999.bmp,A353.bmp,
61,10101110,6,217.585,NaN,NA,NA,
61,10101110,7,217.684,0.097,-1,1,
62,10111010,2,217.697,NaN,NA,NA,
62,10111010,3,217.697,NaN,NA,NA,
62,10111010,4,218.698,NaN,NA,NA,
62,10111010,5,218.9,NaN,NA,22092.bmp,A367.bmp,
62,10111010,6,219.901,NaN,NA,NA,
62,10111010,7,219.966,0.064,1,1,
63,00011101,2,219.979,NaN,NA,NA,
63,00011101,3,219.979,NaN,NA,NA,
63,00011101,4,220.981,NaN,NA,NA,
63,00011101,5,221.183,NaN,NA,01616.bmp,A1.bmp,
63,00011101,6,222.184,NaN,NA,NA,
63,00011101,7,222.25900000000001,0.074,1,1,
64,00011110,2,222.273,NaN,NA,NA,
64,00011110,3,222.273,NaN,NA,NA,
64,00011110,4,223.275,NaN,NA,NA,
64,00011110,5,223.477,NaN,NA,07050.bmp,A183.bmp,
64,00011110,6,224.478,NaN,NA,NA,
64,00011110,7,224.542,0.063,1,2,
64,00011110,8,224.542,NaN,NA,NA,
65,01011010,2,227.56300000000002,NaN,NA,NA,
65,01011010,3,227.56300000000002,NaN,NA,NA,
65,01011010,4,228.564,NaN,NA,NA,
65,01011010,5,228.76500000000001,NaN,NA,13215.bmp,A253.bmp,
65,01011010,6,229.76500000000001,NaN,NA,NA,
65,01011010,7,229.769,0.002,1,2,
65,01011010,8,229.769,NaN,NA,NA,
66,10100000,2,232.788,NaN,NA,NA,
66,10100000,3,232.788,NaN,NA,NA,
66,10100000,4,233.79,NaN,NA,NA,
66,10100000,5,233.99200000000002,NaN,NA,22091.bmp,A365.bmp,
66,10100000,6,234.493,NaN,NA,NA,
66,10100000,7,234.574,0.079,-1,2,
66,10100000,8,234.574,NaN,NA,NA,
67,01010110,2,237.595,NaN,NA,NA,
67,01010110,3,237.595,NaN,NA,NA,
67,01010110,4,238.596,NaN,NA,NA,
67,01010110,5,238.797,NaN,NA,13225.bmp,A257.bmp,
67,01010110,6,239.299,NaN,NA,NA,
67,01010110,7,239.376,0.076,1,2,
67,01010110,8,239.376,NaN,NA,NA,
68,01111111,2,242.39600000000002,NaN,NA,NA,
68,01111111,3,242.397,NaN,NA,NA,
68,01111111,4,243.397,NaN,NA,NA,
68,01111111,5,243.59900000000002,NaN,NA,13530.bmp,A267.bmp,
68,01111111,6,244.6,NaN,NA,NA,
68,01111111,7,244.70000000000002,0.099,1,1,
69,01001110,2,244.714,NaN,NA,NA,
69,01001110,3,244.714,NaN,NA,NA,
69,01001110,4,245.714,NaN,NA,NA,
69,01001110,5,245.916,NaN,NA,16263.bmp,A277.bmp,
69,01001110,6,246.918,NaN,NA,NA,
69,01001110,7,246.976,0.056,-1,2,
69,01001110,8,246.976,NaN,NA,NA,
70,01110001,2,249.994,NaN,NA,NA,
70,01110001,3,249.994,NaN,NA,NA,
70,01110001,4,250.995,NaN,NA,NA,
70,01110001,5,251.196,NaN,NA,12095.bmp,A217.bmp,
70,01110001,6,251.697,NaN,NA,NA,
70,01110001,7,251.74800000000002,0.049,1,2,
70,01110001,8,251.74800000000002,NaN,NA,NA,
71,00001111,2,254.768,NaN,NA,NA,
71,00001111,3,254.768,NaN,NA,NA,
71,00001111,4,255.769,NaN,NA,NA,
71,00001111,5,255.971,NaN,NA,07170.bmp,A19.bmp,
71,00001111,6,256.972,NaN,NA,NA,
71,00001111,7,256.981,0.007,-1,2,
71,00001111,8,256.981,NaN,NA,NA,
72,01000110,2,260.00100000000003,NaN,NA,NA,
72,01000110,3,260.00100000000003,NaN,NA,NA,
72,01000110,4,261.002,NaN,NA,NA,
72,01000110,5,261.204,NaN,NA,13015.bmp,A239.bmp,
72,01000110,6,261.705,NaN,NA,NA,
72,01000110,7,261.765,0.058,-1,2,
72,01000110,8,261.765,NaN,NA,NA,
73,01011000,2,264.785,NaN,NA,NA,
73,01011000,3,264.785,NaN,NA,NA,
73,01011000,4,265.787,NaN,NA,NA,
73,01011000,5,265.98900000000003,NaN,NA,13350.bmp,A263.bmp,
73,01011000,6,266.991,NaN,NA,NA,
73,01011000,7,266.995,0.003,1,1,
74,10010100,2,267.01,NaN,NA,NA,
74,10010100,3,267.01,NaN,NA,NA,
74,10010100,4,268.011,NaN,NA,NA,
74,10010100,5,268.213,NaN,NA,27472.bmp,A85.bmp,
74,10010100,6,268.714,NaN,NA,NA,
74,10010100,7,268.742,0.027,1,1,
75,10011100,2,268.75600000000003,NaN,NA,NA,
75,10011100,3,268.75600000000003,NaN,NA,NA,
75,10011100,4,269.758,NaN,NA,NA,
75,10011100,5,269.958,NaN,NA,262502.bmp,A71.bmp,
75,10011100,6,270.96,NaN,NA,NA,
75,10011100,7,271.032,0.07100000000000001,1,1,
76,01000111,2,271.046,NaN,NA,NA,
76,01000111,3,271.046,NaN,NA,NA,
76,01000111,4,272.047,NaN,NA,NA,
76,01000111,5,272.249,NaN,NA,19405.bmp,A323.bmp,
76,01000111,6,272.75100000000003,NaN,NA,NA,
76,01000111,7,272.76800000000003,0.016,-1,2,
76,01000111,8,272.76800000000003,NaN,NA,NA,
77,10111111,2,275.788,NaN,NA,NA,
77,10111111,3,275.788,NaN,NA,NA,
77,10111111,4,276.789,NaN,NA,NA,
77,10111111,5,276.99,NaN,NA,25450.bmp,A53.bmp,
77,10111111,6,277.992,NaN,NA,NA,
77,10111111,7,278.085,0.091,1,1,
78,01100001,2,278.098,NaN,NA,NA,
78,01100001,3,278.098,NaN,NA,NA,
78,01100001,4,279.1,NaN,NA,NA,
78,01100001,5,279.3,NaN,NA,123751.bmp,A225.bmp,
78,01100001,6,279.802,NaN,NA,NA,
78,01100001,7,279.832,0.029,-1,2,
78,01100001,8,279.832,NaN,NA,NA,
79,10101111,2,282.85200000000003,NaN,NA,NA,
79,10101111,3,282.85200000000003,NaN,NA,NA,
79,10101111,4,283.853,NaN,NA,NA,
79,10101111,5,284.05400000000003,NaN,NA,27475.bmp,A87.bmp,
79,10101111,6,285.055,NaN,NA,NA,
79,10101111,7,285.069,0.013000000000000001,-1,1,
80,10001111,2,285.083,NaN,NA,NA,
80,10001111,3,285.083,NaN,NA,NA,
80,10001111,4,286.085,NaN,NA,NA,
80,10001111,5,286.287,NaN,NA,27350.bmp,A83.bmp,
80,10001111,6,287.288,NaN,NA,NA,
80,10001111,7,287.338,0.049,-1,2,
80,10001111,8,287.338,NaN,NA,NA,
81,01001010,2,290.358,NaN,NA,NA,
81,01001010,3,290.358,NaN,NA,NA,
81,01001010,4,291.36,NaN,NA,NA,
81,01001010,5,291.562,NaN,NA,16313.bmp,A283.bmp,
81,01001010,6,292.563,NaN,NA,NA,
81,01001010,7,292.576,0.011,-1,2,
81,01001010,8,292.576,NaN,NA,NA,
82,01001011,2,295.596,NaN,NA,NA,
82,01001011,3,295.596,NaN,NA,NA,
82,01001011,4,296.597,NaN,NA,NA,
82,01001011,5,296.798,NaN,NA,13191.bmp,A25.bmp,
82,01001011,6,297.799,NaN,NA,NA,
82,01001011,7,297.814,0.013000000000000001,-1,2,
82,01001011,8,297.814,NaN,NA,NA,
83,00101000,2,300.834,NaN,NA,NA,
83,00101000,3,300.834,NaN,NA,NA,
83,00101000,4,301.836,NaN,NA,NA,
83,00101000,5,302.03700000000003,NaN,NA,07025.bmp,A177.bmp,
83,00101000,6,303.039,NaN,NA,NA,
83,00101000,7,303.051,0.011,-1,2,
83,00101000,8,303.051,NaN,NA,NA,
84,10101101,2,306.071,NaN,NA,NA,
84,10101101,3,306.071,NaN,NA,NA,
84,10101101,4,307.072,NaN,NA,NA,
84,10101101,5,307.273,NaN,NA,25250.bmp,A47.bmp,
84,10101101,6,308.274,NaN,NA,NA,
84,10101101,7,308.28700000000003,0.012,-1,2,
84,10101101,8,308.28700000000003,NaN,NA,NA,
85,10110010,2,311.308,NaN,NA,NA,
85,10110010,3,311.308,NaN,NA,NA,
85,10110010,4,312.309,NaN,NA,NA,
85,10110010,5,312.511,NaN,NA,21603.bmp,A341.bmp,
85,10110010,6,313.012,NaN,NA,NA,
85,10110010,7,313.087,0.074,1,1,
86,00110100,2,313.101,NaN,NA,NA,
86,00110100,3,313.101,NaN,NA,NA,
86,00110100,4,314.10200000000003,NaN,NA,NA,
86,00110100,5,314.303,NaN,NA,05535.bmp,A15.bmp,
86,00110100,6,314.805,NaN,NA,NA,
86,00110100,7,314.833,0.026000000000000002,1,2,
86,00110100,8,314.833,NaN,NA,NA,
87,00111011,2,317.853,NaN,NA,NA,
87,00111011,3,317.853,NaN,NA,NA,
87,00111011,4,318.855,NaN,NA,NA,
87,00111011,5,319.057,NaN,NA,07016.bmp,A169.bmp,
87,00111011,6,320.059,NaN,NA,NA,
87,00111011,7,320.07,0.009000000000000001,1,1,
88,10000011,2,320.083,NaN,NA,NA,
88,10000011,3,320.083,NaN,NA,NA,
88,10000011,4,321.084,NaN,NA,NA,
88,10000011,5,321.284,NaN,NA,21750.bmp,A351.bmp,
88,10000011,6,321.785,NaN,NA,NA,
88,10000011,7,321.821,0.034,-1,2,
88,10000011,8,321.821,NaN,NA,NA,
89,10010011,2,324.841,NaN,NA,NA,
89,10010011,3,324.841,NaN,NA,NA,
89,10010011,4,325.842,NaN,NA,NA,
89,10010011,5,326.044,NaN,NA,21660.bmp,A345.bmp,
89,10010011,6,326.545,NaN,NA,NA,
89,10010011,7,326.63,0.084,1,2,
89,10010011,8,326.63,NaN,NA,NA,
90,10010010,2,329.651,NaN,NA,NA,
90,10010010,3,329.651,NaN,NA,NA,
90,10010010,4,330.652,NaN,NA,NA,
90,10010010,5,330.855,NaN,NA,25300.bmp,A5.bmp,
90,10010010,6,331.357,NaN,NA,NA,
90,10010010,7,331.457,0.097,1,2,
90,10010010,8,331.457,NaN,NA,NA,
91,01110000,2,334.48,NaN,NA,NA,
91,01110000,3,334.48,NaN,NA,NA,
91,01110000,4,335.483,NaN,NA,NA,
91,01110000,5,335.686,NaN,NA,12799.bmp,A23.bmp,
91,01110000,6,336.187,NaN,NA,NA,
91,01110000,7,336.294,0.105,1,2,
91,01110000,8,336.294,NaN,NA,NA,
92,01101010,2,339.31600000000003,NaN,NA,NA,
92,01101010,3,339.31600000000003,NaN,NA,NA,
92,01101010,4,340.317,NaN,NA,NA,
92,01101010,5,340.519,NaN,NA,16510.bmp,A29.bmp,
92,01101010,6,341.521,NaN,NA,NA,
92,01101010,7,341.584,0.061,-1,1,
93,00101001,2,341.599,NaN,NA,NA,
93,00101001,3,341.599,NaN,NA,NA,
93,00101001,4,342.601,NaN,NA,NA,
93,00101001,5,342.802,NaN,NA,07175.bmp,A191.bmp,
93,00101001,6,343.80400000000003,NaN,NA,NA,
93,00101001,7,343.898,0.092,-1,2,
93,00101001,8,343.898,NaN,NA,NA,
94,10111101,2,346.921,NaN,NA,NA,
94,10111101,3,346.921,NaN,NA,NA,
94,10111101,4,347.923,NaN,NA,NA,
94,10111101,5,348.124,NaN,NA,21463.bmp,A337.bmp,
94,10111101,6,349.125,NaN,NA,NA,
94,10111101,7,349.178,0.052000000000000005,1,2,
94,10111101,8,349.178,NaN,NA,NA,
95,10001000,2,352.201,NaN,NA,NA,
95,10001000,3,352.201,NaN,NA,NA,
95,10001000,4,353.20300000000003,NaN,NA,NA,
95,10001000,5,353.40500000000003,NaN,NA,25622.bmp,A67.bmp,
95,10001000,6,354.407,NaN,NA,NA,
95,10001000,7,354.458,0.048,-1,1,
96,00011010,2,354.473,NaN,NA,NA,
96,00011010,3,354.473,NaN,NA,NA,
96,00011010,4,355.475,NaN,NA,NA,
96,00011010,5,355.678,NaN,NA,07004.bmp,A163.bmp,
96,00011010,6,356.68,NaN,NA,NA,
96,00011010,7,356.762,0.08,1,2,
96,00011010,8,356.762,NaN,NA,NA,
97,01110111,2,359.783,NaN,NA,NA,
97,01110111,3,359.783,NaN,NA,NA,
97,01110111,4,360.784,NaN,NA,NA,
97,01110111,5,360.985,NaN,NA,13150.bmp,A247.bmp,
97,01110111,6,361.486,NaN,NA,NA,
97,01110111,7,361.589,0.101,1,1,
98,10101011,2,361.604,NaN,NA,NA,
98,10101011,3,361.604,NaN,NA,NA,
98,10101011,4,362.606,NaN,NA,NA,
98,10101011,5,362.809,NaN,NA,25260.bmp,A49.bmp,
98,10101011,6,363.812,NaN,NA,NA,
98,10101011,7,363.90000000000003,0.08600000000000001,-1,1,
99,00111101,2,363.915,NaN,NA,NA,
99,00111101,3,363.915,NaN,NA,NA,
99,00111101,4,364.918,NaN,NA,NA,
99,00111101,5,365.121,NaN,NA,05920.bmp,A153.bmp,
99,00111101,6,366.122,NaN,NA,NA,
99,00111101,7,366.199,0.076,1,2,
99,00111101,8,366.199,NaN,NA,NA,
100,01100000,2,369.221,NaN,NA,NA,
100,01100000,3,369.221,NaN,NA,NA,
100,01100000,4,370.224,NaN,NA,NA,
100,01100000,5,370.425,NaN,NA,19911.bmp,A329.bmp,
100,01100000,6,370.926,NaN,NA,NA,
100,01100000,7,370.933,0.006,-1,2,
100,01100000,8,370.933,NaN,NA,NA,
101,00100111,2,373.955,NaN,NA,NA,
101,00100111,3,373.955,NaN,NA,NA,
101,00100111,4,374.958,NaN,NA,NA,
101,00100111,5,375.161,NaN,NA,065702.bmp,A157.bmp,
101,00100111,6,375.66200000000003,NaN,NA,NA,
101,00100111,7,375.759,0.096,-1,1,
102,01101110,2,375.774,NaN,NA,NA,
102,01101110,3,375.774,NaN,NA,NA,
102,01101110,4,376.77500000000003,NaN,NA,NA,
102,01101110,5,376.976,NaN,NA,13181.bmp,A249.bmp,
102,01101110,6,377.979,NaN,NA,NA,
102,01101110,7,378.06600000000003,0.08600000000000001,-1,1,
103,01110101,2,378.081,NaN,NA,NA,
103,01110101,3,378.081,NaN,NA,NA,
103,01110101,4,379.083,NaN,NA,NA,
103,01110101,5,379.286,NaN,NA,135501.bmp,A269.bmp,
103,01110101,6,379.789,NaN,NA,NA,
103,01110101,7,379.813,0.023,1,2,
103,01110101,8,379.813,NaN,NA,NA,
104,00101111,2,382.836,NaN,NA,NA,
104,00101111,3,382.836,NaN,NA,NA,
104,00101111,4,383.836,NaN,NA,NA,
104,00101111,5,384.038,NaN,NA,07491.bmp,A205.bmp,
104,00101111,6,385.041,NaN,NA,NA,
104,00101111,7,385.08500000000004,0.043000000000000003,-1,1,
105,00010111,2,385.1,NaN,NA,NA,
105,00010111,3,385.1,NaN,NA,NA,
105,00010111,4,386.103,NaN,NA,NA,
105,00010111,5,386.305,NaN,NA,02780.bmp,A135.bmp,
105,00010111,6,386.808,NaN,NA,NA,
105,00010111,7,386.85,0.04,1,2,
105,00010111,8,386.85,NaN,NA,NA,
106,10100010,2,389.872,NaN,NA,NA,
106,10100010,3,389.872,NaN,NA,NA,
106,10100010,4,390.875,NaN,NA,NA,
106,10100010,5,391.076,NaN,NA,220552.bmp,A361.bmp,
106,10100010,6,391.57800000000003,NaN,NA,NA,
106,10100010,7,391.682,0.10300000000000001,-1,1,
107,01000100,2,391.696,NaN,NA,NA,
107,01000100,3,391.696,NaN,NA,NA,
107,01000100,4,392.69800000000004,NaN,NA,NA,
107,01000100,5,392.899,NaN,NA,19561.bmp,A325.bmp,
107,01000100,6,393.402,NaN,NA,NA,
107,01000100,7,393.442,0.038,-1,1,
108,10101000,2,393.457,NaN,NA,NA,
108,10101000,3,393.457,NaN,NA,NA,
108,10101000,4,394.459,NaN,NA,NA,
108,10101000,5,394.66200000000003,NaN,NA,27325.bmp,A81.bmp,
108,10101000,6,395.664,NaN,NA,NA,
108,10101000,7,395.755,0.089,-1,2,
108,10101000,8,395.755,NaN,NA,NA,
109,01100010,2,398.778,NaN,NA,NA,
109,01100010,3,398.778,NaN,NA,NA,
109,01100010,4,399.781,NaN,NA,NA,
109,01100010,5,399.983,NaN,NA,16415.bmp,A289.bmp,
109,01100010,6,400.484,NaN,NA,NA,
109,01100010,7,400.588,0.10300000000000001,-1,1,
110,01100111,2,400.603,NaN,NA,NA,
110,01100111,3,400.603,NaN,NA,NA,
110,01100111,4,401.605,NaN,NA,NA,
110,01100111,5,401.806,NaN,NA,16360.bmp,A287.bmp,
110,01100111,6,402.306,NaN,NA,NA,
110,01100111,7,402.356,0.048,-1,1,
111,00110000,2,402.37,NaN,NA,NA,
111,00110000,3,402.37,NaN,NA,NA,
111,00110000,4,403.373,NaN,NA,NA,
111,00110000,5,403.574,NaN,NA,02038.bmp,A105.bmp,
111,00110000,6,404.076,NaN,NA,NA,
111,00110000,7,404.11400000000003,0.036000000000000004,1,2,
111,00110000,8,404.11400000000003,NaN,NA,NA,
112,01100011,2,407.137,NaN,NA,NA,
112,01100011,3,407.137,NaN,NA,NA,
112,01100011,4,408.14,NaN,NA,NA,
112,01100011,5,408.341,NaN,NA,13103.bmp,A245.bmp,
112,01100011,6,408.842,NaN,NA,NA,
112,01100011,7,408.845,0.002,-1,1,
113,01111011,2,408.859,NaN,NA,NA,
113,01111011,3,408.859,NaN,NA,NA,
113,01111011,4,409.861,NaN,NA,NA,
113,01111011,5,410.064,NaN,NA,17380.bmp,A301.bmp,
113,01111011,6,411.06600000000003,NaN,NA,NA,
113,01111011,7,411.148,0.079,1,1,
114,00010101,2,411.16200000000003,NaN,NA,NA,
114,00010101,3,411.16200000000003,NaN,NA,NA,
114,00010101,4,412.164,NaN,NA,NA,
114,00010101,5,412.365,NaN,NA,05471.bmp,A145.bmp,
114,00010101,6,412.868,NaN,NA,NA,
114,00010101,7,412.904,0.035,1,1,
115,01111000,2,412.919,NaN,NA,NA,
115,01111000,3,412.919,NaN,NA,NA,
115,01111000,4,413.922,NaN,NA,NA,
115,01111000,5,414.124,NaN,NA,16312.bmp,A281.bmp,
115,01111000,6,415.125,NaN,NA,NA,
115,01111000,7,415.197,0.07,1,2,
115,01111000,8,415.197,NaN,NA,NA,
116,10000000,2,418.21500000000003,NaN,NA,NA,
116,10000000,3,418.21500000000003,NaN,NA,NA,
116,10000000,4,419.216,NaN,NA,NA,
116,10000000,5,419.419,NaN,NA,27580.bmp,A91.bmp,
116,10000000,6,419.92,NaN,NA,NA,
116,10000000,7,420.016,0.094,-1,1,
117,00101101,2,420.03000000000003,NaN,NA,NA,
117,00101101,3,420.03000000000003,NaN,NA,NA,
117,00101101,4,421.031,NaN,NA,NA,
117,00101101,5,421.232,NaN,NA,07055.bmp,A185.bmp,
117,00101101,6,422.234,NaN,NA,NA,
117,00101101,7,422.332,0.097,-1,2,
117,00101101,8,422.332,NaN,NA,NA,
118,10100101,2,425.354,NaN,NA,NA,
118,10100101,3,425.354,NaN,NA,NA,
118,10100101,4,426.355,NaN,NA,NA,
118,10100101,5,426.556,NaN,NA,22299.bmp,A371.bmp,
118,10100101,6,427.058,NaN,NA,NA,
118,10100101,7,427.146,0.08600000000000001,-1,2,
118,10100101,8,427.146,NaN,NA,NA,
119,01010010,2,430.16700000000003,NaN,NA,NA,
119,01010010,3,430.16700000000003,NaN,NA,NA,
119,01010010,4,431.169,NaN,NA,NA,
119,01010010,5,431.371,NaN,NA,12141.bmp,A219.bmp,
119,01010010,6,431.874,NaN,NA,NA,
119,01010010,7,431.88,0.005,1,2,
119,01010010,8,431.88,NaN,NA,NA,
120,01011110,2,434.901,NaN,NA,NA,
120,01011110,3,434.901,NaN,NA,NA,
120,01011110,4,435.904,NaN,NA,NA,
120,01011110,5,436.104,NaN,NA,16242.bmp,A273.bmp,
120,01011110,6,437.107,NaN,NA,NA,
120,01011110,7,437.16,0.052000000000000005,1,2,
120,01011110,8,437.16,NaN,NA,NA,
121,00011100,2,440.183,NaN,NA,NA,
121,00011100,3,440.183,NaN,NA,NA,
121,00011100,4,441.184,NaN,NA,NA,
121,00011100,5,441.387,NaN,NA,07211.bmp,A199.bmp,
121,00011100,6,442.39,NaN,NA,NA,
121,00011100,7,442.454,0.063,1,1,
122,10000111,2,442.468,NaN,NA,NA,
122,10000111,3,442.468,NaN,NA,NA,
122,10000111,4,443.47,NaN,NA,NA,
122,10000111,5,443.671,NaN,NA,22040.bmp,A357.bmp,
122,10000111,6,444.17400000000004,NaN,NA,NA,
122,10000111,7,444.225,0.049,-1,2,
122,10000111,8,444.225,NaN,NA,NA,
123,01111100,2,447.248,NaN,NA,NA,
123,01111100,3,447.248,NaN,NA,NA,
123,01111100,4,448.249,NaN,NA,NA,
123,01111100,5,448.451,NaN,NA,12205.bmp,A221.bmp,
123,01111100,6,449.454,NaN,NA,NA,
123,01111100,7,449.514,0.059000000000000004,1,2,
123,01111100,8,449.514,NaN,NA,NA,
124,01111010,2,452.53700000000003,NaN,NA,NA,
124,01111010,3,452.53700000000003,NaN,NA,NA,
124,01111010,4,453.54,NaN,NA,NA,
124,01111010,5,453.742,NaN,NA,19325.bmp,A319.bmp,
124,01111010,6,454.745,NaN,NA,NA,
124,01111010,7,454.81,0.063,1,1,
125,10110110,2,454.825,NaN,NA,NA,
125,10110110,3,454.825,NaN,NA,NA,
125,10110110,4,455.827,NaN,NA,NA,
125,10110110,5,456.03000000000003,NaN,NA,22395.bmp,A379.bmp,
125,10110110,6,456.53000000000003,NaN,NA,NA,
125,10110110,7,456.565,0.032,1,1,
126,00001001,2,456.579,NaN,NA,NA,
126,00001001,3,456.579,NaN,NA,NA,
126,00001001,4,457.58,NaN,NA,NA,
126,00001001,5,457.781,NaN,NA,02480.bmp,A119.bmp,
126,00001001,6,458.782,NaN,NA,NA,
126,00001001,7,458.87600000000003,0.093,-1,1,
127,01110100,2,458.89,NaN,NA,NA,
127,01110100,3,458.89,NaN,NA,NA,
127,01110100,4,459.89300000000003,NaN,NA,NA,
127,01110100,5,460.094,NaN,NA,13301.bmp,A261.bmp,
127,01110100,6,460.59700000000004,NaN,NA,NA,
127,01110100,7,460.63,0.031,1,2,
127,01110100,8,460.63,NaN,NA,NA,
128,10011001,2,463.652,NaN,NA,NA,
128,10011001,3,463.652,NaN,NA,NA,
128,10011001,4,464.654,NaN,NA,NA,
128,10011001,5,464.855,NaN,NA,25480.bmp,A57.bmp,
128,10011001,6,465.858,NaN,NA,NA,
128,10011001,7,465.901,0.042,1,1,
129,01100100,2,465.91700000000003,NaN,NA,NA,
129,01100100,3,465.91700000000003,NaN,NA,NA,
129,01100100,4,466.919,NaN,NA,NA,
129,01100100,5,467.122,NaN,NA,129001.bmp,A233.bmp,
129,01100100,6,467.623,NaN,NA,NA,
129,01100100,7,467.646,0.022,-1,2,
129,01100100,8,467.646,NaN,NA,NA,
130,01110010,2,470.66700000000003,NaN,NA,NA,
130,01110010,3,470.66700000000003,NaN,NA,NA,
130,01110010,4,471.67,NaN,NA,NA,
130,01110010,5,471.873,NaN,NA,19000.bmp,A303.bmp,
130,01110010,6,472.373,NaN,NA,NA,
130,01110010,7,472.479,0.105,1,1,
131,00000010,2,472.494,NaN,NA,NA,
131,00000010,3,472.494,NaN,NA,NA,
131,00000010,4,473.494,NaN,NA,NA,
131,00000010,5,473.696,NaN,NA,05534.bmp,A149.bmp,
131,00000010,6,474.199,NaN,NA,NA,
131,00000010,7,474.252,0.05,-1,2,
131,00000010,8,474.252,NaN,NA,NA,
132,00100011,2,477.273,NaN,NA,NA,
132,00100011,3,477.273,NaN,NA,NA,
132,00100011,4,478.276,NaN,NA,NA,
132,00100011,5,478.47700000000003,NaN,NA,035502.bmp,A141.bmp,
132,00100011,6,478.979,NaN,NA,NA,
132,00100011,7,479.07300000000004,0.093,-1,1,
133,00111000,2,479.088,NaN,NA,NA,
133,00111000,3,479.088,NaN,NA,NA,
133,00111000,4,480.09000000000003,NaN,NA,NA,
133,00111000,5,480.291,NaN,NA,09700.bmp,A213.bmp,
133,00111000,6,481.293,NaN,NA,NA,
133,00111000,7,481.38100000000003,0.08700000000000001,1,2,
133,00111000,8,481.38100000000003,NaN,NA,NA,
134,00000100,2,484.403,NaN,NA,NA,
134,00000100,3,484.403,NaN,NA,NA,
134,00000100,4,485.40500000000003,NaN,NA,NA,
134,00000100,5,485.607,NaN,NA,07160.bmp,A189.bmp,
134,00000100,6,486.108,NaN,NA,NA,
134,00000100,7,486.219,0.11,-1,1,
135,00110010,2,486.23400000000004,NaN,NA,NA,
135,00110010,3,486.23400000000004,NaN,NA,NA,
135,00110010,4,487.237,NaN,NA,NA,
135,00110010,5,487.438,NaN,NA,04004.bmp,A143.bmp,
135,00110010,6,487.94,NaN,NA,NA,
135,00110010,7,487.981,0.039,1,1,
136,01010111,2,487.99600000000004,NaN,NA,NA,
136,01010111,3,487.99600000000004,NaN,NA,NA,
136,01010111,4,488.998,NaN,NA,NA,
136,01010111,5,489.201,NaN,NA,12811.bmp,A231.bmp,
136,01010111,6,489.704,NaN,NA,NA,
136,01010111,7,489.736,0.03,1,2,
136,01010111,8,489.736,NaN,NA,NA,
137,10001010,2,492.759,NaN,NA,NA,
137,10001010,3,492.759,NaN,NA,NA,
137,10001010,4,493.762,NaN,NA,NA,
137,10001010,5,493.964,NaN,NA,22050.bmp,A359.bmp,
137,10001010,6,494.967,NaN,NA,NA,
137,10001010,7,495,0.032,-1,2,
137,10001010,8,495,NaN,NA,NA,
138,10101001,2,498.019,NaN,NA,NA,
138,10101001,3,498.019,NaN,NA,NA,
138,10101001,4,499.019,NaN,NA,NA,
138,10101001,5,499.22,NaN,NA,25410.bmp,A51.bmp,
138,10101001,6,500.223,NaN,NA,NA,
138,10101001,7,500.282,0.057,-1,2,
138,10101001,8,500.282,NaN,NA,NA,
139,10011010,2,503.305,NaN,NA,NA,
139,10011010,3,503.305,NaN,NA,NA,
139,10011010,4,504.308,NaN,NA,NA,
139,10011010,5,504.51,NaN,NA,21450.bmp,A335.bmp,
139,10011010,6,505.511,NaN,NA,NA,
139,10011010,7,505.548,0.035,1,2,
139,10011010,8,505.548,NaN,NA,NA,
140,00101010,2,508.569,NaN,NA,NA,
140,00101010,3,508.569,NaN,NA,NA,
140,00101010,4,509.572,NaN,NA,NA,
140,00101010,5,509.77500000000003,NaN,NA,02214.bmp,A109.bmp,
140,00101010,6,510.777,NaN,NA,NA,
140,00101010,7,510.814,0.035,-1,1,
141,01111110,2,510.827,NaN,NA,NA,
141,01111110,3,510.827,NaN,NA,NA,
141,01111110,4,511.83,NaN,NA,NA,
141,01111110,5,512.032,NaN,NA,19043.bmp,A305.bmp,
141,01111110,6,513.034,NaN,NA,NA,
141,01111110,7,513.131,0.096,1,1,
142,00110110,2,513.145,NaN,NA,NA,
142,00110110,3,513.145,NaN,NA,NA,
142,00110110,4,514.148,NaN,NA,NA,
142,00110110,5,514.351,NaN,NA,02512.bmp,A125.bmp,
142,00110110,6,514.854,NaN,NA,NA,
142,00110110,7,514.881,0.025,1,1,
143,10000110,2,514.895,NaN,NA,NA,
143,10000110,3,514.895,NaN,NA,NA,
143,10000110,4,515.896,NaN,NA,NA,
143,10000110,5,516.097,NaN,NA,27270.bmp,A77.bmp,
143,10000110,6,516.6,NaN,NA,NA,
143,10000110,7,516.634,0.033,-1,2,
143,10000110,8,516.634,NaN,NA,NA,
144,00010110,2,519.6560000000001,NaN,NA,NA,
144,00010110,3,519.6560000000001,NaN,NA,NA,
144,00010110,4,520.657,NaN,NA,NA,
144,00010110,5,520.859,NaN,NA,02749.bmp,A133.bmp,
144,00010110,6,521.361,NaN,NA,NA,
144,00010110,7,521.366,0.003,1,2,
144,00010110,8,521.366,NaN,NA,NA,
145,00100110,2,524.389,NaN,NA,NA,
145,00100110,3,524.389,NaN,NA,NA,
145,00100110,4,525.39,NaN,NA,NA,
145,00100110,5,525.593,NaN,NA,02397.bmp,A115.bmp,
145,00100110,6,526.094,NaN,NA,NA,
145,00100110,7,526.097,0.002,-1,1,
146,01010000,2,526.119,NaN,NA,NA,
146,01010000,3,526.119,NaN,NA,NA,
146,01010000,4,527.121,NaN,NA,NA,
146,01010000,5,527.322,NaN,NA,13230.bmp,A259.bmp,
146,01010000,6,527.825,NaN,NA,NA,
146,01010000,7,527.86,0.033,1,1,
147,10100011,2,527.874,NaN,NA,NA,
147,10100011,3,527.874,NaN,NA,NA,
147,10100011,4,528.876,NaN,NA,NA,
147,10100011,5,529.078,NaN,NA,25711.bmp,A69.bmp,
147,10100011,6,529.58,NaN,NA,NA,
147,10100011,7,529.611,0.029,-1,1,
148,10011011,2,529.626,NaN,NA,NA,
148,10011011,3,529.626,NaN,NA,NA,
148,10011011,4,530.6270000000001,NaN,NA,NA,
148,10011011,5,530.828,NaN,NA,22387.bmp,A377.bmp,
148,10011011,6,531.83,NaN,NA,NA,
148,10011011,7,531.915,0.084,1,2,
148,10011011,8,531.915,NaN,NA,NA,
149,10010000,2,534.936,NaN,NA,NA,
149,10010000,3,534.936,NaN,NA,NA,
149,10010000,4,535.939,NaN,NA,NA,
149,10010000,5,536.142,NaN,NA,223752.bmp,A375.bmp,
149,10010000,6,536.645,NaN,NA,NA,
149,10010000,7,536.652,0.006,1,1,
150,01101011,2,536.674,NaN,NA,NA,
150,01101011,3,536.674,NaN,NA,NA,
150,01101011,4,537.676,NaN,NA,NA,
150,01101011,5,537.879,NaN,NA,13220.bmp,A255.bmp,
150,01101011,6,538.881,NaN,NA,NA,
150,01101011,7,538.96,0.077,-1,1,
151,01111101,2,538.974,NaN,NA,NA,
151,01111101,3,538.974,NaN,NA,NA,
151,01111101,4,539.975,NaN,NA,NA,
151,01111101,5,540.176,NaN,NA,19600.bmp,A327.bmp,
151,01111101,6,541.179,NaN,NA,NA,
151,01111101,7,541.271,0.09,1,2,
151,01111101,8,541.271,NaN,NA,NA,
152,00100100,2,544.293,NaN,NA,NA,
152,00100100,3,544.293,NaN,NA,NA,
152,00100100,4,545.296,NaN,NA,NA,
152,00100100,5,545.498,NaN,NA,07059.bmp,A187.bmp,
152,00100100,6,545.999,NaN,NA,NA,
152,00100100,7,546.106,0.105,-1,2,
152,00100100,8,546.106,NaN,NA,NA,
153,00001000,2,549.13,NaN,NA,NA,
153,00001000,3,549.13,NaN,NA,NA,
153,00001000,4,550.1320000000001,NaN,NA,NA,
153,00001000,5,550.335,NaN,NA,02493.bmp,A121.bmp,
153,00001000,6,551.336,NaN,NA,NA,
153,00001000,7,551.374,0.037,-1,1,
154,10111100,2,551.389,NaN,NA,NA,
154,10111100,3,551.389,NaN,NA,NA,
154,10111100,4,552.391,NaN,NA,NA,
154,10111100,5,552.592,NaN,NA,24640.bmp,A41.bmp,
154,10111100,6,553.593,NaN,NA,NA,
154,10111100,7,553.691,0.096,1,2,
154,10111100,8,553.691,NaN,NA,NA,
155,01000101,2,556.712,NaN,NA,NA,
155,01000101,3,556.712,NaN,NA,NA,
155,01000101,4,557.714,NaN,NA,NA,
155,01000101,5,557.916,NaN,NA,12683.bmp,A227.bmp,
155,01000101,6,558.417,NaN,NA,NA,
155,01000101,7,558.519,0.1,-1,1,
156,10010110,2,558.533,NaN,NA,NA,
156,10010110,3,558.533,NaN,NA,NA,
156,10010110,4,559.5360000000001,NaN,NA,NA,
156,10010110,5,559.736,NaN,NA,21440.bmp,A333.bmp,
156,10010110,6,560.239,NaN,NA,NA,
156,10010110,7,560.278,0.038,1,2,
156,10010110,8,560.278,NaN,NA,NA,
157,00011000,2,563.3000000000001,NaN,NA,NA,
157,00011000,3,563.3000000000001,NaN,NA,NA,
157,00011000,4,564.302,NaN,NA,NA,
157,00011000,5,564.505,NaN,NA,05740.bmp,A151.bmp,
157,00011000,6,565.5070000000001,NaN,NA,NA,
157,00011000,7,565.534,0.025,1,1,
158,10110011,2,565.548,NaN,NA,NA,
158,10110011,3,565.548,NaN,NA,NA,
158,10110011,4,566.551,NaN,NA,NA,
158,10110011,5,566.754,NaN,NA,27570.bmp,A9.bmp,
158,10110011,6,567.256,NaN,NA,NA,
158,10110011,7,567.297,0.04,1,1,
159,00111001,2,567.312,NaN,NA,NA,
159,00111001,3,567.312,NaN,NA,NA,
159,00111001,4,568.314,NaN,NA,NA,
159,00111001,5,568.515,NaN,NA,02702.bmp,A131.bmp,
159,00111001,6,569.516,NaN,NA,NA,
159,00111001,7,569.62,0.10200000000000001,1,2,
159,00111001,8,569.62,NaN,NA,NA,
160,10100100,2,572.643,NaN,NA,NA,
160,10100100,3,572.643,NaN,NA,NA,
160,10100100,4,573.644,NaN,NA,NA,
160,10100100,5,573.847,NaN,NA,27510.bmp,A89.bmp,
160,10100100,6,574.349,NaN,NA,NA,
160,10100100,7,574.364,0.013000000000000001,-1,2,
160,10100100,8,574.364,NaN,NA,NA,
161,00000011,2,577.386,NaN,NA,NA,
161,00000011,3,577.386,NaN,NA,NA,
161,00000011,4,578.386,NaN,NA,NA,
161,00000011,5,578.588,NaN,NA,07207.bmp,A197.bmp,
161,00000011,6,579.091,NaN,NA,NA,
161,00000011,7,579.188,0.095,-1,2,
161,00000011,8,579.188,NaN,NA,NA,
162,01000011,2,582.2090000000001,NaN,NA,NA,
162,01000011,3,582.2090000000001,NaN,NA,NA,
162,01000011,4,583.212,NaN,NA,NA,
162,01000011,5,583.415,NaN,NA,19301.bmp,A315.bmp,
162,01000011,6,583.917,NaN,NA,NA,
162,01000011,7,584.006,0.088,-1,2,
162,01000011,8,584.006,NaN,NA,NA,
163,10100110,2,587.028,NaN,NA,NA,
163,10100110,3,587.028,NaN,NA,NA,
163,10100110,4,588.0310000000001,NaN,NA,NA,
163,10100110,5,588.234,NaN,NA,21333.bmp,A33.bmp,
163,10100110,6,588.735,NaN,NA,NA,
163,10100110,7,588.744,0.008,-1,1,
164,10000001,2,588.758,NaN,NA,NA,
164,10000001,3,588.758,NaN,NA,NA,
164,10000001,4,589.761,NaN,NA,NA,
164,10000001,5,589.964,NaN,NA,25982.bmp,A7.bmp,
164,10000001,6,590.465,NaN,NA,NA,
164,10000001,7,590.499,0.032,-1,1,
165,01010100,2,590.5120000000001,NaN,NA,NA,
165,01010100,3,590.5120000000001,NaN,NA,NA,
165,01010100,4,591.515,NaN,NA,NA,
165,01010100,5,591.715,NaN,NA,16350.bmp,A285.bmp,
165,01010100,6,592.218,NaN,NA,NA,
165,01010100,7,592.271,0.052000000000000005,1,1,
166,01100110,2,592.287,NaN,NA,NA,
166,01100110,3,592.287,NaN,NA,NA,
166,01100110,4,593.289,NaN,NA,NA,
166,01100110,5,593.49,NaN,NA,19183.bmp,A309.bmp,
166,01100110,6,593.991,NaN,NA,NA,
166,01100110,7,594.0360000000001,0.043000000000000003,-1,1,
167,01001001,2,594.0500000000001,NaN,NA,NA,
167,01001001,3,594.0500000000001,NaN,NA,NA,
167,01001001,4,595.052,NaN,NA,NA,
167,01001001,5,595.255,NaN,NA,16563.bmp,A293.bmp,
167,01001001,6,596.2570000000001,NaN,NA,NA,
167,01001001,7,596.343,0.084,-1,1,
168,10110101,2,596.3580000000001,NaN,NA,NA,
168,10110101,3,596.3580000000001,NaN,NA,NA,
168,10110101,4,597.361,NaN,NA,NA,
168,10110101,5,597.562,NaN,NA,22630.bmp,A39.bmp,
168,10110101,6,598.065,NaN,NA,NA,
168,10110101,7,598.096,0.03,1,2,
168,10110101,8,598.096,NaN,NA,NA,
169,00100101,2,601.117,NaN,NA,NA,
169,00100101,3,601.117,NaN,NA,NA,
169,00100101,4,602.118,NaN,NA,NA,
169,00100101,5,602.319,NaN,NA,07547.bmp,A207.bmp,
169,00100101,6,602.82,NaN,NA,NA,
169,00100101,7,602.822,0.001,-1,2,
169,00100101,8,602.822,NaN,NA,NA,
170,00101110,2,605.844,NaN,NA,NA,
170,00101110,3,605.844,NaN,NA,NA,
170,00101110,4,606.846,NaN,NA,NA,
170,00101110,5,607.049,NaN,NA,07020.bmp,A175.bmp,
170,00101110,6,608.052,NaN,NA,NA,
170,00101110,7,608.096,0.043000000000000003,-1,1,
171,00111010,2,608.111,NaN,NA,NA,
171,00111010,3,608.111,NaN,NA,NA,
171,00111010,4,609.113,NaN,NA,NA,
171,00111010,5,609.314,NaN,NA,08160.bmp,A21.bmp,
171,00111010,6,610.318,NaN,NA,NA,
171,00111010,7,610.407,0.08700000000000001,1,1,
172,00010001,2,610.422,NaN,NA,NA,
172,00010001,3,610.422,NaN,NA,NA,
172,00010001,4,611.423,NaN,NA,NA,
172,00010001,5,611.625,NaN,NA,02690.bmp,A13.bmp,
172,00010001,6,612.126,NaN,NA,NA,
172,00010001,7,612.1750000000001,0.047,1,1,
173,01010101,2,612.19,NaN,NA,NA,
173,01010101,3,612.19,NaN,NA,NA,
173,01010101,4,613.191,NaN,NA,NA,
173,01010101,5,613.392,NaN,NA,16838.bmp,A3.bmp,
173,01010101,6,613.894,NaN,NA,NA,
173,01010101,7,613.928,0.033,1,1,
174,01110011,2,613.943,NaN,NA,NA,
174,01110011,3,613.943,NaN,NA,NA,
174,01110011,4,614.945,NaN,NA,NA,
174,01110011,5,615.148,NaN,NA,16831.bmp,A299.bmp,
174,01110011,6,615.6510000000001,NaN,NA,NA,
174,01110011,7,615.691,0.038,1,1,
175,00010000,2,615.706,NaN,NA,NA,
175,00010000,3,615.706,NaN,NA,NA,
175,00010000,4,616.7090000000001,NaN,NA,NA,
175,00010000,5,616.9110000000001,NaN,NA,07036.bmp,A179.bmp,
175,00010000,6,617.412,NaN,NA,NA,
175,00010000,7,617.448,0.034,1,1,
176,10010111,2,617.462,NaN,NA,NA,
176,10010111,3,617.462,NaN,NA,NA,
176,10010111,4,618.463,NaN,NA,NA,
176,10010111,5,618.665,NaN,NA,21722.bmp,A35.bmp,
176,10010111,6,619.167,NaN,NA,NA,
176,10010111,7,619.196,0.027,1,2,
176,10010111,8,619.196,NaN,NA,NA,
177,01000001,2,622.219,NaN,NA,NA,
177,01000001,3,622.219,NaN,NA,NA,
177,01000001,4,623.222,NaN,NA,NA,
177,01000001,5,623.4250000000001,NaN,NA,16212.bmp,A271.bmp,
177,01000001,6,623.926,NaN,NA,NA,
177,01000001,7,624.029,0.10200000000000001,-1,1,
178,00010011,2,624.044,NaN,NA,NA,
178,00010011,3,624.044,NaN,NA,NA,
178,00010011,4,625.044,NaN,NA,NA,
178,00010011,5,625.245,NaN,NA,01935.bmp,A103.bmp,
178,00010011,6,625.748,NaN,NA,NA,
178,00010011,7,625.795,0.046,1,2,
178,00010011,8,625.795,NaN,NA,NA,
179,01011100,2,628.817,NaN,NA,NA,
179,01011100,3,628.817,NaN,NA,NA,
179,01011100,4,629.82,NaN,NA,NA,
179,01011100,5,630.023,NaN,NA,165701.bmp,A295.bmp,
179,01011100,6,631.024,NaN,NA,NA,
179,01011100,7,631.086,0.06,1,1,
180,10011101,2,631.1,NaN,NA,NA,
180,10011101,3,631.1,NaN,NA,NA,
180,10011101,4,632.102,NaN,NA,NA,
180,10011101,5,632.3050000000001,NaN,NA,22057.bmp,A363.bmp,
180,10011101,6,633.308,NaN,NA,NA,
180,10011101,7,633.39,0.081,1,1,
181,00001110,2,633.405,NaN,NA,NA,
181,00001110,3,633.405,NaN,NA,NA,
181,00001110,4,634.4060000000001,NaN,NA,NA,
181,00001110,5,634.609,NaN,NA,02495.bmp,A123.bmp,
181,00001110,6,635.612,NaN,NA,NA,
181,00001110,7,635.714,0.101,-1,2,
181,00001110,8,635.714,NaN,NA,NA,
182,00010100,2,638.737,NaN,NA,NA,
182,00010100,3,638.737,NaN,NA,NA,
182,00010100,4,639.74,NaN,NA,NA,
182,00010100,5,639.941,NaN,NA,02309.bmp,A111.bmp,
182,00010100,6,640.442,NaN,NA,NA,
182,00010100,7,640.469,0.025,1,1,
183,01101100,2,640.484,NaN,NA,NA,
183,01101100,3,640.484,NaN,NA,NA,
183,01101100,4,641.487,NaN,NA,NA,
183,01101100,5,641.69,NaN,NA,16540.bmp,A291.bmp,
183,01101100,6,642.691,NaN,NA,NA,
183,01101100,7,642.79,0.097,-1,2,
183,01101100,8,642.79,NaN,NA,NA,
184,10001100,2,645.814,NaN,NA,NA,
184,10001100,3,645.814,NaN,NA,NA,
184,10001100,4,646.816,NaN,NA,NA,
184,10001100,5,647.019,NaN,NA,22000.bmp,A355.bmp,
184,10001100,6,648.023,NaN,NA,NA,
184,10001100,7,648.0840000000001,0.06,-1,1,
185,10110100,2,648.1,NaN,NA,NA,
185,10110100,3,648.1,NaN,NA,NA,
185,10110100,4,649.1,NaN,NA,NA,
185,10110100,5,649.302,NaN,NA,25460.bmp,A55.bmp,
185,10110100,6,649.8050000000001,NaN,NA,NA,
185,10110100,7,649.8340000000001,0.028,1,2,
185,10110100,8,649.8340000000001,NaN,NA,NA,
186,10000010,2,652.857,NaN,NA,NA,
186,10000010,3,652.857,NaN,NA,NA,
186,10000010,4,653.8580000000001,NaN,NA,NA,
186,10000010,5,654.0600000000001,NaN,NA,22500.bmp,A383.bmp,
186,10000010,6,654.561,NaN,NA,NA,
186,10000010,7,654.666,0.10400000000000001,-1,2,
186,10000010,8,654.666,NaN,NA,NA,
187,10011000,2,657.687,NaN,NA,NA,
187,10011000,3,657.687,NaN,NA,NA,
187,10011000,4,658.689,NaN,NA,NA,
187,10011000,5,658.891,NaN,NA,21410.bmp,A331.bmp,
187,10011000,6,659.894,NaN,NA,NA,
187,10011000,7,659.952,0.057,1,1,
188,00001010,2,659.968,NaN,NA,NA,
188,00001010,3,659.968,NaN,NA,NA,
188,00001010,4,660.971,NaN,NA,NA,
188,00001010,5,661.172,NaN,NA,02880.bmp,A139.bmp,
188,00001010,6,662.1750000000001,NaN,NA,NA,
188,00001010,7,662.255,0.079,-1,2,
188,00001010,8,662.255,NaN,NA,NA,
189,10111011,2,665.279,NaN,NA,NA,
189,10111011,3,665.279,NaN,NA,NA,
189,10111011,4,666.282,NaN,NA,NA,
189,10111011,5,666.485,NaN,NA,25593.bmp,A61.bmp,
189,10111011,6,667.487,NaN,NA,NA,
189,10111011,7,667.538,0.05,1,1,
190,00010010,2,667.552,NaN,NA,NA,
190,00010010,3,667.552,NaN,NA,NA,
190,00010010,4,668.5550000000001,NaN,NA,NA,
190,00010010,5,668.756,NaN,NA,07001.bmp,A159.bmp,
190,00010010,6,669.2570000000001,NaN,NA,NA,
190,00010010,7,669.289,0.029,1,2,
190,00010010,8,669.289,NaN,NA,NA,
191,10110000,2,672.311,NaN,NA,NA,
191,10110000,3,672.311,NaN,NA,NA,
191,10110000,4,673.314,NaN,NA,NA,
191,10110000,5,673.517,NaN,NA,21600.bmp,A339.bmp,
191,10110000,6,674.02,NaN,NA,NA,
191,10110000,7,674.025,0.004,1,2,
191,10110000,8,674.025,NaN,NA,NA,
192,00011111,2,677.048,NaN,NA,NA,
192,00011111,3,677.048,NaN,NA,NA,
192,00011111,4,678.0500000000001,NaN,NA,NA,
192,00011111,5,678.255,NaN,NA,07187.bmp,A195.bmp,
192,00011111,6,679.256,NaN,NA,NA,
192,00011111,7,679.322,0.064,1,2,
192,00011111,8,679.322,NaN,NA,NA,
193,01011001,2,682.346,NaN,NA,NA,
193,01011001,3,682.346,NaN,NA,NA,
193,01011001,4,683.349,NaN,NA,NA,
193,01011001,5,683.551,NaN,NA,19185.bmp,A31.bmp,
193,01011001,6,684.553,NaN,NA,NA,
193,01011001,7,684.587,0.032,1,1,
194,10010001,2,684.602,NaN,NA,NA,
194,10010001,3,684.602,NaN,NA,NA,
194,10010001,4,685.604,NaN,NA,NA,
194,10010001,5,685.8050000000001,NaN,NA,27200.bmp,A73.bmp,
194,10010001,6,686.307,NaN,NA,NA,
194,10010001,7,686.342,0.033,1,1,
195,10100111,2,686.357,NaN,NA,NA,
195,10100111,3,686.357,NaN,NA,NA,
195,10100111,4,687.359,NaN,NA,NA,
195,10100111,5,687.5600000000001,NaN,NA,21661.bmp,A347.bmp,
195,10100111,6,688.061,NaN,NA,NA,
195,10100111,7,688.095,0.033,-1,1,
196,10001101,2,688.11,NaN,NA,NA,
196,10001101,3,688.11,NaN,NA,NA,
196,10001101,4,689.11,NaN,NA,NA,
196,10001101,5,689.311,NaN,NA,22209.bmp,A369.bmp,
196,10001101,6,690.314,NaN,NA,NA,
196,10001101,7,690.4110000000001,0.095,-1,1,
197,10100001,2,690.426,NaN,NA,NA,
197,10100001,3,690.426,NaN,NA,NA,
197,10100001,4,691.429,NaN,NA,NA,
197,10100001,5,691.6320000000001,NaN,NA,28191.bmp,A97.bmp,
197,10100001,6,692.133,NaN,NA,NA,
197,10100001,7,692.171,0.036000000000000004,-1,2,
197,10100001,8,692.171,NaN,NA,NA,
