Version:,1,Type:,estimate,Orginal File Name:,CT-JTCTEST-TNULL.csv,"UserAGENT:Mozilla/5.0 (Macintosh; Intel Mac OS X 10_12_6) AppleWebKit/605.1.15 (KHTML, like Gecko) Version/11.1.2 Safari/605.1.15",IP: ::1,Time:,2018_8_22_14_3,Parameter File:,None:FromPsyToolkit
trial_type,trial_number,block_num,egg_x_position,egg_y_position,absolute_time_sec,response_time_sec,response (1=left;2=right),result (1=correct;2=incorrect), points
practice,1,1,-154,-163,37.341,2.33,1,1,0,
practice,2,1,78,42,38.480000000000004,0.562,2,1,0,
practice,3,1,-56,-87,39.399,0.34700000000000003,1,1,0,
practice,4,1,-368,-364,40.212,0.231,1,1,0,
practice,5,1,-434,190,41.133,0.304,1,1,0,
practice,6,1,-318,-102,41.89,0.12,1,1,0,
practice,7,1,208,224,42.825,0.29,1,2,-1,
practice,8,1,239,-67,43.633,0.17300000000000001,1,2,-2,
practice,9,1,632,331,48.096000000000004,3.833,1,2,-3,
practice,11,1,528,111,49.342,0.498,1,2,-4,
practice,12,1,480,-140,50.598,0.641,1,2,-5,
practice,13,1,208,-188,51.854,0.642,1,2,-6,
practice,14,1,90,136,53.113,0.65,1,2,-7,
practice,15,1,-433,-21,54.370000000000005,0.447,1,1,-7,
practice,16,1,-680,-38,456.108,1.256,1,1,-7,
practice,17,1,199,-266,457.365,0.626,1,2,-8,
practice,18,1,278,139,458.62,0.631,1,2,-9,
practice,19,1,-201,1,459.879,0.631,1,1,-9,
practice,20,1,-261,-132,461.136,0.631,1,1,-9,
main,1,6,-441,-380,480.637,1.172,1,2,499,
main,2,6,219,380,481.45300000000003,0.278,1,1,499,
main,3,6,50,-380,482.291,0.299,1,2,498,
main,4,6,-86,302,483.118,0.29,1,1,498,
main,5,6,512,-380,483.963,0.307,1,2,497,
main,6,6,440,-380,484.79200000000003,0.293,1,1,497,
main,7,6,576,-131,485.644,0.319,1,2,496,
main,8,6,93,-71,486.483,0.306,1,1,496,
main,9,6,680,-380,487.317,0.295,1,2,495,
main,11,6,-8,380,488.13300000000004,0.23,1,2,494,
main,12,6,184,376,491.461,0.369,1,1,494,
main,13,6,680,380,492.297,0.255,1,2,493,
main,14,6,-680,276,493.13100000000003,0.293,1,1,493,
main,15,6,680,135,496.052,0.418,1,2,492,
main,16,6,-680,301,498.146,0.228,1,1,492,
main,17,6,75,-380,498.995,0.315,1,2,491,
main,18,6,445,-134,499.82300000000004,0.28700000000000003,1,2,490,
main,19,6,176,-380,500.652,0.289,1,1,490,
main,20,6,680,-380,501.5,0.309,1,2,489,
main,21,6,78,330,508.192,0.317,1,1,489,
main,22,6,-538,-380,509.032,0.262,1,2,488,
main,23,6,-232,-230,509.858,0.28600000000000003,1,1,488,
main,24,6,-189,-53,510.677,0.281,1,2,487,
main,25,6,-131,380,517.419,0.20700000000000002,1,1,487,
main,26,6,-680,-257,518.2330000000001,0.281,1,1,487,
main,27,6,680,44,519.076,0.3,1,2,486,
main,28,6,-363,23,519.924,0.309,1,1,486,
main,29,6,421,43,520.755,0.292,1,2,485,
main,30,6,-680,-152,521.593,0.302,1,1,485,
main,31,6,680,380,522.428,0.299,1,2,484,
main,32,6,-18,380,523.261,0.293,1,1,484,
main,33,6,-275,-151,524.088,0.28600000000000003,1,2,483,
main,34,6,-680,-215,524.92,0.292,1,1,483,
main,35,6,-353,380,526.591,0.343,1,1,483,
main,36,6,680,380,527.4300000000001,0.253,1,2,482,
main,37,6,680,380,528.258,0.289,1,1,482,
main,38,6,223,-62,530.346,0.019,1,2,481,
main,39,6,146,107,535.044,0.212,1,1,481,
main,40,6,167,117,535.838,0.261,1,2,480,
main,41,6,-680,-380,536.671,0.293,1,1,480,
main,42,6,-680,176,537.496,0.28600000000000003,1,1,480,
main,43,6,417,-380,538.327,0.294,1,2,479,
main,44,6,90,380,539.162,0.297,1,1,479,
main,45,6,605,-12,539.985,0.28400000000000003,1,2,478,
main,46,6,-680,-380,541.421,0.9,1,1,478,
main,47,6,680,380,542.057,0.096,1,2,477,
main,48,6,680,-380,542.898,0.299,1,1,477,
main,49,6,-195,-380,543.734,0.298,1,2,476,
main,50,6,511,380,544.57,0.296,1,1,476,
main,51,6,310,-380,545.415,0.305,1,2,475,
main,52,6,-13,-223,546.235,0.278,1,1,475,
main,53,6,680,380,547.083,0.307,1,2,474,
main,54,6,-680,-74,547.921,0.298,1,1,474,
main,55,6,-455,380,548.759,0.297,1,2,473,
main,56,6,283,-122,549.6,0.301,1,1,473,
main,57,6,680,380,550.439,0.301,1,2,472,
main,58,6,-247,380,551.271,0.292,1,1,472,
main,59,6,402,197,552.1030000000001,0.292,1,2,471,
main,60,6,7,315,552.931,0.289,1,1,471,
main,61,6,-7,87,553.77,0.3,1,1,471,
main,62,6,142,-380,554.602,0.29,1,2,470,
main,63,6,680,150,555.436,0.294,1,1,470,
main,64,6,254,345,556.279,0.31,1,2,469,
main,65,6,143,-144,557.105,0.28600000000000003,1,1,469,
main,66,6,680,-63,557.942,0.301,1,2,468,
main,67,6,-680,334,558.766,0.28800000000000003,1,1,468,
main,68,6,646,308,559.599,0.298,1,2,467,
main,69,6,-680,380,560.451,0.316,1,1,467,
main,70,6,233,380,561.3000000000001,0.312,1,2,466,
main,71,6,680,380,562.136,0.295,1,1,466,
main,72,6,-551,-380,562.965,0.28800000000000003,1,2,465,
main,73,6,-680,380,563.797,0.291,1,1,465,
main,74,6,680,380,564.636,0.298,1,2,464,
main,75,6,168,-380,565.541,0.365,1,1,464,
main,76,6,611,89,566.294,0.219,1,2,463,
main,77,6,-427,380,567.1370000000001,0.302,1,1,463,
main,78,6,-48,380,567.975,0.298,1,2,462,
main,79,6,-484,-374,568.8100000000001,0.295,1,1,462,
main,80,6,680,-380,569.652,0.301,1,2,461,
main,81,6,199,-380,570.493,0.298,1,1,461,
main,82,6,588,-380,571.331,0.297,1,2,460,
main,83,6,-31,-380,572.176,0.302,1,1,460,
main,84,6,348,380,573.021,0.302,1,2,459,
main,85,6,-433,380,573.864,0.299,1,1,459,
main,86,6,-261,268,574.703,0.298,1,2,458,
main,87,6,-680,286,575.538,0.294,1,1,458,
main,88,6,680,-380,576.373,0.293,1,2,457,
main,89,6,-417,-380,577.202,0.292,1,1,457,
main,90,6,495,380,578.052,0.31,1,2,456,
main,91,6,52,-380,578.8870000000001,0.296,1,1,456,
main,92,6,53,-380,579.724,0.301,1,2,455,
main,93,6,-680,-159,580.568,0.303,1,1,455,
main,94,6,680,-69,581.4,0.293,1,2,454,
main,95,6,-221,-111,582.245,0.31,1,1,454,
main,96,6,680,380,583.071,0.289,1,2,453,
main,97,6,680,39,583.9250000000001,0.316,1,1,453,
main,98,6,681,-380,584.759,0.302,1,2,452,
main,99,6,-82,-380,585.598,0.3,1,1,452,
main,100,6,382,-73,586.446,0.313,1,2,451,
main,101,6,-159,242,587.278,0.299,1,1,451,
main,102,6,92,-380,588.118,0.303,1,2,450,
main,103,6,-680,4,588.94,0.289,1,1,450,
main,104,6,680,380,589.769,0.295,1,2,449,
main,105,6,-680,198,590.613,0.307,1,1,449,
main,106,6,-650,-380,591.456,0.305,1,2,448,
main,107,6,481,221,592.279,0.28200000000000003,1,1,448,
main,108,6,-628,-143,593.111,0.296,1,2,447,
main,109,6,-680,-380,593.948,0.293,1,1,447,
main,110,6,140,-380,594.801,0.316,1,2,446,
main,111,6,-680,380,595.625,0.28700000000000003,1,1,446,
main,112,6,-680,-365,596.465,0.305,1,2,445,
main,113,6,-439,-380,597.297,0.295,1,1,445,
main,114,6,639,380,598.142,0.308,1,2,444,
main,115,6,-281,-380,598.984,0.305,1,1,444,
main,116,6,-350,-218,599.8340000000001,0.311,1,1,444,
main,117,6,546,-130,600.678,0.308,1,2,443,
main,118,6,223,118,601.518,0.301,1,1,443,
main,119,6,680,76,602.362,0.305,1,2,442,
main,120,6,622,339,603.191,0.289,1,1,442,
main,121,6,-97,380,604.022,0.292,1,2,441,
main,122,6,430,380,604.857,0.296,1,1,441,
main,123,6,-16,-380,605.706,0.311,1,2,440,
main,124,6,345,380,606.543,0.296,1,1,440,
main,125,6,680,-380,607.365,0.28700000000000003,1,2,439,
main,126,6,54,380,608.202,0.3,1,1,439,
main,127,6,-169,-380,609.032,0.293,1,2,438,
main,128,6,-483,261,609.8580000000001,0.28800000000000003,1,1,438,
main,129,6,680,380,610.698,0.305,1,2,437,
main,130,6,323,380,611.516,0.281,1,1,437,
main,131,6,137,360,612.342,0.28600000000000003,1,2,436,
main,132,6,346,380,613.171,0.294,1,2,435,
main,133,6,-311,-380,614.008,0.296,1,1,435,
main,134,6,-680,-60,614.845,0.298,1,1,435,
main,135,6,250,380,615.672,0.292,1,2,434,
main,136,6,-680,258,616.5120000000001,0.302,1,1,434,
main,137,6,680,-107,617.361,0.308,1,2,433,
main,138,6,-580,-161,618.195,0.297,1,1,433,
main,139,6,548,380,619.0360000000001,0.306,1,2,432,
main,140,6,145,380,619.8870000000001,0.312,1,1,432,
main,141,6,680,63,620.7280000000001,0.299,1,2,431,
main,142,6,602,-380,621.5500000000001,0.289,1,1,431,
main,143,6,466,380,622.389,0.302,1,2,430,
main,144,6,-680,4,623.232,0.304,1,1,430,
main,145,6,176,380,624.056,0.28400000000000003,1,2,429,
main,146,6,-680,380,624.885,0.292,1,1,429,
main,147,6,228,380,625.703,0.28,1,2,428,
main,148,6,-680,8,626.538,0.296,1,1,428,
main,149,6,-57,380,627.368,0.294,1,2,427,
main,150,6,182,-31,628.218,0.309,1,1,427,
main,151,6,680,-56,631.967,0.225,1,2,426,
main,152,6,499,-380,632.788,0.281,1,2,425,
main,153,6,-680,269,633.63,0.306,1,1,425,
main,154,6,215,57,634.4730000000001,0.302,1,2,424,
main,155,6,-46,147,635.3000000000001,0.29,1,1,424,
main,156,6,530,380,636.145,0.31,1,2,423,
main,157,6,636,357,636.9780000000001,0.292,1,1,423,
main,158,6,-512,-380,637.812,0.297,1,1,423,
main,159,6,-672,25,638.65,0.298,1,2,422,
main,160,6,-680,50,639.482,0.294,1,1,422,
main,161,6,-622,380,640.3050000000001,0.28500000000000003,1,2,421,
main,162,6,1,-380,641.136,0.292,1,1,421,
main,163,6,680,-380,641.97,0.298,1,2,420,
main,164,6,-405,76,642.812,0.304,1,1,420,
main,165,6,290,380,643.662,0.311,1,2,419,
main,166,6,-444,157,644.493,0.29,1,1,419,
main,167,6,584,-327,645.3290000000001,0.297,1,2,418,
main,168,6,-680,342,646.165,0.299,1,1,418,
main,169,6,-88,-380,646.999,0.297,1,2,417,
main,170,6,-117,-19,647.8240000000001,0.28400000000000003,1,1,417,
main,171,6,-163,380,648.6510000000001,0.28800000000000003,1,1,417,
main,172,6,-124,-114,649.47,0.28400000000000003,1,2,416,
main,173,6,-350,380,650.299,0.28800000000000003,1,1,416,
main,174,6,342,223,651.134,0.296,1,2,415,
main,175,6,-30,359,651.96,0.28700000000000003,1,1,415,
main,176,6,344,244,652.775,0.28,1,2,414,
main,177,6,-93,61,653.615,0.304,1,1,414,
main,178,6,320,-380,654.461,0.308,1,2,413,
main,179,6,-655,380,655.303,0.305,1,1,413,
main,180,6,-561,-380,656.119,0.278,1,2,412,
main,181,6,-680,49,656.946,0.293,1,1,412,
main,182,6,330,87,657.765,0.28,1,2,411,
main,183,6,-680,-306,658.59,0.289,1,1,411,
main,184,6,387,127,659.423,0.302,1,2,410,
main,185,6,227,-81,660.267,0.307,1,1,410,
main,186,6,-47,131,661.091,0.28700000000000003,1,2,409,
main,187,6,-382,-234,661.923,0.296,1,1,409,
main,188,6,529,80,662.745,0.28700000000000003,1,1,409,
main,189,6,36,380,663.577,0.3,1,2,408,
main,190,6,-680,-380,664.424,0.312,1,1,408,
main,191,6,680,274,665.2570000000001,0.296,1,2,407,
main,192,6,-680,-266,666.093,0.301,1,1,407,
main,193,6,680,249,666.941,0.314,1,2,406,
main,194,6,-680,380,667.768,0.289,1,1,406,
main,195,6,-680,214,668.601,0.296,1,2,405,
main,196,6,126,-69,669.433,0.295,1,1,405,
main,197,6,539,380,670.2860000000001,0.314,1,2,404,
main,198,6,-680,-158,671.118,0.293,1,1,404,
main,199,6,680,149,671.957,0.306,1,2,403,
main,200,6,-183,380,672.797,0.303,1,1,403,
main,201,5,502,-82,673.64,0.308,1,2,402,
main,202,5,-260,-79,674.476,0.302,1,1,402,
main,203,5,393,-85,675.306,0.291,1,2,401,
main,204,5,-194,79,676.138,0.298,1,1,401,
main,205,5,539,215,676.994,0.316,1,2,400,
main,206,5,-364,-80,677.839,0.311,1,1,400,
main,207,5,307,-176,678.6750000000001,0.296,1,2,399,
main,208,5,-403,4,679.5070000000001,0.291,1,1,399,
main,209,5,497,-76,680.337,0.294,1,2,398,
main,210,5,-282,136,681.176,0.302,1,1,398,
main,211,5,-312,-192,682.005,0.291,1,1,398,
main,212,5,539,-58,682.833,0.29,1,2,397,
main,213,5,-426,-270,683.676,0.306,1,1,397,
main,214,5,272,-88,684.493,0.279,1,2,396,
main,215,5,-680,144,685.341,0.31,1,1,396,
main,216,5,470,-31,686.178,0.3,1,2,395,
main,217,5,-424,147,687.023,0.31,1,1,395,
main,218,5,394,-102,687.851,0.292,1,2,394,
main,219,5,-332,23,688.706,0.322,1,1,394,
main,220,5,173,-380,689.545,0.304,1,2,393,
main,221,5,-246,-129,690.369,0.29,1,1,393,
main,222,5,-499,-216,691.2230000000001,0.312,1,1,393,
main,223,5,149,-23,692.0790000000001,0.318,1,2,392,
main,224,5,-401,96,692.909,0.293,1,1,392,
main,225,5,-436,275,693.735,0.28700000000000003,1,1,392,
main,226,5,463,-86,694.5740000000001,0.3,1,2,391,
main,227,5,-115,-98,695.407,0.297,1,1,391,
main,228,5,296,72,696.254,0.311,1,2,390,
main,229,5,86,-24,697.076,0.28700000000000003,1,1,390,
main,230,5,365,73,697.91,0.296,1,2,389,
main,231,5,-186,-20,698.738,0.291,1,1,389,
main,232,5,315,-228,699.5790000000001,0.305,1,2,388,
main,233,5,-422,-380,700.421,0.305,1,1,388,
main,234,5,549,127,701.256,0.3,1,2,387,
main,235,5,-246,91,702.092,0.301,1,1,387,
main,236,5,240,-257,702.937,0.308,1,2,386,
main,237,5,-421,221,703.772,0.298,1,1,386,
main,238,5,-463,-20,704.597,0.292,1,1,386,
main,239,5,271,-140,705.426,0.28800000000000003,1,2,385,
main,240,5,-198,-99,706.2620000000001,0.301,1,1,385,
main,241,5,495,32,707.118,0.321,1,2,384,
main,242,5,-158,-208,707.9540000000001,0.3,1,1,384,
main,243,5,618,3,708.798,0.312,1,2,383,
main,244,5,-566,-8,709.639,0.307,1,1,383,
main,245,5,322,193,710.479,0.302,1,2,382,
main,246,5,-320,-323,711.321,0.305,1,1,382,
main,247,5,503,35,712.1560000000001,0.297,1,2,381,
main,248,5,-170,-380,712.979,0.289,1,1,381,
main,249,5,631,-71,713.82,0.306,1,2,380,
main,250,5,-260,-258,714.655,0.297,1,1,380,
main,251,5,279,62,715.498,0.305,1,2,379,
main,252,5,-398,-116,716.345,0.312,1,1,379,
main,253,5,154,-52,719.355,0.292,1,2,378,
main,254,5,-506,149,720.129,0.234,1,1,378,
main,255,5,74,153,720.958,0.293,1,2,377,
main,256,5,-366,-27,721.8000000000001,0.302,1,1,377,
main,257,5,485,-2,722.629,0.291,1,2,376,
main,258,5,273,-30,723.463,0.294,1,2,375,
main,259,5,-195,-30,724.296,0.294,1,1,375,
main,260,5,189,-181,725.1220000000001,0.292,1,2,374,
main,261,5,-38,-294,725.9540000000001,0.298,1,1,374,
main,262,5,59,-174,726.782,0.294,1,2,373,
main,263,5,-434,-121,727.634,0.312,1,1,373,
main,264,5,272,220,728.462,0.291,1,2,372,
main,265,5,-611,44,729.3050000000001,0.307,1,1,372,
main,266,5,95,31,730.136,0.292,1,2,371,
main,267,5,-456,-47,730.953,0.28,1,1,371,
main,268,5,-247,9,731.782,0.291,1,1,371,
main,269,5,172,-200,732.623,0.307,1,2,370,
main,270,5,-239,29,733.441,0.28200000000000003,1,1,370,
main,271,5,271,213,734.2620000000001,0.28200000000000003,1,2,369,
main,272,5,-314,-224,735.1030000000001,0.3,1,1,369,
main,273,5,203,-119,735.946,0.306,1,2,368,
main,274,5,-249,211,736.772,0.291,1,1,368,
main,275,5,339,-109,737.61,0.298,1,2,367,
main,276,5,-317,-13,738.447,0.301,1,1,367,
main,277,5,57,-61,739.279,0.294,1,2,366,
main,278,5,-422,-146,740.131,0.316,1,1,366,
main,279,5,180,4,740.971,0.302,1,2,365,
main,280,5,-399,28,741.802,0.294,1,1,365,
main,281,5,151,-114,742.645,0.307,1,2,364,
main,282,5,-278,67,743.479,0.298,1,1,364,
main,283,5,424,120,744.316,0.301,1,2,363,
main,284,5,-285,94,745.1510000000001,0.301,1,1,363,
main,285,5,300,-264,745.9830000000001,0.295,1,2,362,
main,286,5,-137,-215,746.816,0.298,1,1,362,
main,287,5,532,-2,747.6460000000001,0.295,1,2,361,
main,288,5,-356,-155,748.477,0.293,1,1,361,
main,289,5,292,40,749.304,0.289,1,2,360,
main,290,5,-120,28,750.1460000000001,0.306,1,1,360,
main,291,5,-54,-155,750.9830000000001,0.299,1,2,359,
main,292,5,-461,240,751.815,0.293,1,1,359,
main,293,5,440,168,752.652,0.298,1,2,358,
main,294,5,-285,-33,753.485,0.295,1,1,358,
main,295,5,355,-171,754.326,0.301,1,2,357,
main,296,5,-458,89,755.173,0.309,1,1,357,
main,297,5,389,-57,756.013,0.303,1,2,356,
main,298,5,-342,198,756.855,0.302,1,1,356,
main,299,5,-364,-65,757.6800000000001,0.28500000000000003,1,1,356,
main,300,5,246,174,758.523,0.301,1,2,355,
main,301,5,-437,-45,759.375,0.314,1,1,355,
main,302,5,374,-31,760.1990000000001,0.28300000000000003,1,2,354,
main,303,5,-661,155,761.0210000000001,0.281,1,1,354,
main,304,5,208,83,761.865,0.306,1,2,353,
main,305,5,-156,89,762.714,0.314,1,1,353,
main,306,5,-318,149,763.543,0.29,1,1,353,
main,307,5,200,125,764.388,0.304,1,2,352,
main,308,5,-114,-10,765.229,0.301,1,1,352,
main,309,5,372,-118,766.052,0.28200000000000003,1,2,351,
main,310,5,-371,-55,766.895,0.303,1,1,351,
main,311,5,302,61,767.715,0.277,1,2,350,
main,312,5,-418,-1,768.546,0.292,1,1,350,
main,313,5,371,-274,769.379,0.291,1,2,349,
main,314,5,-135,66,770.217,0.299,1,1,349,
main,315,5,133,-20,771.054,0.298,1,2,348,
main,316,5,-261,-113,771.8770000000001,0.28,1,1,348,
main,317,5,384,-13,772.697,0.28,1,2,347,
main,318,5,-62,-53,773.541,0.303,1,1,347,
main,319,5,202,259,774.365,0.28400000000000003,1,2,346,
main,320,5,-296,136,775.196,0.291,1,1,346,
main,321,5,213,2,776.024,0.28800000000000003,1,2,345,
main,322,5,-167,243,776.865,0.303,1,1,345,
main,323,5,550,-219,777.692,0.29,1,2,344,
main,324,5,-432,-6,778.5210000000001,0.291,1,1,344,
main,325,5,484,-146,779.3530000000001,0.296,1,2,343,
main,326,5,-473,60,780.1850000000001,0.296,1,1,343,
main,327,5,284,-122,781.032,0.308,1,2,342,
main,328,5,-263,-77,781.884,0.312,1,1,342,
main,329,5,247,57,782.724,0.304,1,2,341,
main,330,5,-542,-249,783.568,0.304,1,1,341,
main,331,5,193,131,784.399,0.292,1,2,340,
main,332,5,-606,17,785.23,0.29,1,1,340,
main,333,5,630,60,786.057,0.28700000000000003,1,2,339,
main,334,5,-260,-199,786.8870000000001,0.291,1,1,339,
main,335,5,480,41,787.731,0.304,1,2,338,
main,336,5,-301,-20,788.568,0.298,1,1,338,
main,337,5,428,27,789.419,0.311,1,2,337,
main,338,5,-313,-126,790.255,0.296,1,1,337,
main,339,5,517,122,791.1,0.306,1,2,336,
main,340,5,-512,74,791.924,0.28300000000000003,1,1,336,
main,341,5,403,-233,792.755,0.293,1,2,335,
main,342,5,-215,-152,793.605,0.309,1,1,335,
main,343,5,494,-43,794.441,0.296,1,2,334,
main,344,5,333,319,795.278,0.297,1,2,333,
main,345,5,-190,-17,796.112,0.294,1,1,333,
main,346,5,597,160,796.945,0.293,1,2,332,
main,347,5,-437,29,797.79,0.303,1,1,332,
main,348,5,248,1,798.6270000000001,0.295,1,2,331,
main,349,5,-472,36,799.456,0.28600000000000003,1,1,331,
main,350,5,447,135,800.2950000000001,0.3,1,2,330,
main,351,5,-338,21,801.1270000000001,0.294,1,1,330,
main,352,5,539,-29,801.968,0.3,1,2,329,
main,353,5,-320,178,802.8100000000001,0.302,1,1,329,
main,354,5,165,-128,803.647,0.297,1,2,328,
main,355,5,-438,43,804.485,0.304,1,1,328,
main,356,5,284,71,805.308,0.28400000000000003,1,2,327,
main,357,5,-311,116,806.141,0.295,1,1,327,
main,358,5,7,150,806.961,0.28200000000000003,1,2,326,
main,359,5,-9,-34,807.812,0.318,1,1,326,
main,360,5,468,-375,808.645,0.295,1,2,325,
main,361,5,-149,63,809.481,0.298,1,1,325,
main,362,5,521,-26,810.3190000000001,0.302,1,2,324,
main,363,5,-312,183,811.158,0.302,1,1,324,
main,364,5,479,-175,811.994,0.3,1,2,323,
main,365,5,-363,-146,812.8340000000001,0.303,1,1,323,
main,366,5,506,142,813.667,0.296,1,2,322,
main,367,5,-248,-52,814.501,0.296,1,1,322,
main,368,5,271,-231,815.338,0.299,1,2,321,
main,369,5,-140,220,816.165,0.291,1,1,321,
main,370,5,321,100,816.994,0.297,1,2,320,
main,371,5,-345,127,817.831,0.299,1,1,320,
main,372,5,355,25,818.66,0.293,1,2,319,
main,373,5,-233,-116,819.499,0.302,1,1,319,
main,374,5,458,-160,820.343,0.306,1,2,318,
main,375,5,-450,-144,821.172,0.291,1,1,318,
main,376,5,319,-380,822.01,0.301,1,2,317,
main,377,5,-218,28,822.849,0.304,1,1,317,
main,378,5,118,197,823.6940000000001,0.309,1,2,316,
main,379,5,-412,148,824.5260000000001,0.296,1,1,316,
main,380,5,326,-11,825.356,0.292,1,2,315,
main,381,5,-475,-67,826.189,0.299,1,1,315,
main,382,5,-220,42,827.028,0.304,1,1,315,
main,383,5,339,-189,827.874,0.31,1,2,314,
main,384,5,-178,-94,828.686,0.275,1,1,314,
main,385,5,568,74,829.527,0.305,1,2,313,
main,386,5,-187,-232,830.355,0.289,1,1,313,
main,387,5,233,24,831.201,0.31,1,2,312,
main,388,5,-107,73,832.037,0.296,1,1,312,
main,389,5,465,241,832.8720000000001,0.299,1,2,311,
main,390,5,-296,-149,833.6990000000001,0.293,1,1,311,
main,391,5,528,51,834.546,0.309,1,2,310,
main,392,5,-340,-25,835.3870000000001,0.303,1,1,310,
main,393,5,442,-98,836.203,0.28,1,2,309,
main,394,5,-314,-32,837.043,0.304,1,1,309,
main,395,5,349,-70,837.8720000000001,0.295,1,2,308,
main,396,5,-318,-162,838.701,0.295,1,1,308,
main,397,5,447,-90,839.5360000000001,0.299,1,2,307,
main,398,5,-215,277,840.37,0.296,1,1,307,
main,399,5,288,-168,841.201,0.295,1,2,306,
main,400,5,-340,-241,842.028,0.289,1,1,306,
main,401,2,-680,380,842.864,0.3,1,1,306,
main,402,2,-680,-320,843.702,0.3,1,1,306,
main,403,2,295,-6,844.54,0.302,1,1,306,
main,404,2,-680,-380,845.379,0.3,1,1,306,
main,405,2,212,23,846.203,0.28400000000000003,1,1,306,
main,406,2,-130,250,847.029,0.28500000000000003,1,1,306,
main,407,2,-28,-146,847.854,0.28500000000000003,1,1,306,
main,408,2,-680,380,848.669,0.278,1,1,306,
main,409,2,-406,380,849.499,0.292,1,1,306,
main,410,2,-680,-346,850.339,0.303,1,2,305,
main,411,2,680,-380,851.19,0.317,1,2,304,
main,412,2,-365,-380,852.044,0.316,1,2,303,
main,413,2,-144,-298,852.865,0.28,1,2,302,
main,414,2,680,81,853.688,0.28600000000000003,1,2,301,
main,415,2,443,-382,854.538,0.315,1,2,300,
main,416,2,680,-380,855.3580000000001,0.28600000000000003,1,2,299,
main,417,2,-363,123,856.192,0.3,1,2,298,
main,418,2,680,380,857.034,0.308,1,2,297,
main,419,2,-680,105,857.862,0.292,1,2,296,
main,420,2,-140,380,858.7040000000001,0.304,1,1,296,
main,421,2,-680,380,859.534,0.296,1,1,296,
main,422,2,-270,-260,860.384,0.316,1,1,296,
main,423,2,-249,380,861.202,0.281,1,1,296,
main,424,2,-171,-380,862.035,0.295,1,1,296,
main,425,2,-299,380,862.878,0.306,1,1,296,
main,426,2,-680,84,863.711,0.296,1,1,296,
main,427,2,-680,-380,864.562,0.315,1,1,296,
main,428,2,-274,-213,865.3870000000001,0.28700000000000003,1,1,296,
main,429,2,680,108,866.2090000000001,0.28600000000000003,1,1,296,
main,430,2,352,38,867.0360000000001,0.292,1,1,296,
main,431,2,603,-26,867.883,0.312,1,1,296,
main,432,2,-680,-380,868.722,0.3,1,1,296,
main,433,2,-454,380,869.558,0.3,1,1,296,
main,434,2,-91,380,870.402,0.309,1,1,296,
main,435,2,58,380,871.242,0.306,1,1,296,
main,436,2,631,380,872.076,0.296,1,1,296,
main,437,2,306,380,872.915,0.306,1,1,296,
main,438,2,-680,13,873.756,0.305,1,1,296,
main,439,2,680,-380,874.6,0.309,1,2,295,
main,440,2,-510,-380,875.433,0.297,1,2,294,
main,441,2,181,-380,876.258,0.28800000000000003,1,2,293,
main,442,2,680,-380,877.0980000000001,0.302,1,2,292,
main,443,2,680,380,877.946,0.309,1,2,291,
main,444,2,680,380,878.766,0.28700000000000003,1,2,290,
main,445,2,-680,380,879.585,0.23900000000000002,1,1,290,
main,446,2,-493,-380,880.424,0.305,1,1,290,
main,447,2,-509,-380,881.254,0.294,1,1,290,
main,448,2,680,-380,882.1030000000001,0.313,1,2,289,
main,449,2,324,334,882.927,0.28600000000000003,1,2,288,
main,450,2,249,203,883.764,0.301,1,2,287,
main,451,2,-297,380,884.599,0.296,1,1,287,
main,452,2,264,-173,885.433,0.299,1,1,287,
main,453,2,530,380,886.269,0.295,1,1,287,
main,454,2,-680,-380,887.129,0.322,1,1,287,
main,455,2,-498,-380,887.972,0.308,1,1,287,
main,456,2,-429,271,888.823,0.313,1,1,287,
main,457,2,-607,380,889.669,0.31,1,1,287,
main,458,2,29,-380,890.499,0.292,1,1,287,
main,459,2,16,98,891.34,0.303,1,1,287,
main,460,2,-183,198,892.188,0.31,1,1,287,
main,461,2,-680,-380,893.019,0.294,1,1,287,
main,462,2,-569,-380,893.857,0.303,1,1,287,
main,463,2,-73,-292,894.703,0.308,1,1,287,
main,464,2,-680,380,895.532,0.292,1,1,287,
main,465,2,40,380,896.362,0.295,1,1,287,
main,466,2,-680,304,897.198,0.303,1,1,287,
main,467,2,396,287,898.0450000000001,0.312,1,2,286,
main,468,2,680,380,898.881,0.301,1,2,285,
main,469,2,415,380,899.7180000000001,0.303,1,2,284,
main,470,2,680,-1,900.539,0.28400000000000003,1,2,283,
main,471,2,-604,-380,901.385,0.304,1,2,282,
main,472,2,680,-308,902.224,0.305,1,2,281,
main,473,2,680,-216,903.061,0.299,1,2,280,
main,474,2,-680,-380,903.897,0.298,1,2,279,
main,475,2,680,-81,904.73,0.298,1,2,278,
main,476,2,280,-45,905.568,0.303,1,2,277,
main,477,2,-680,-79,906.402,0.298,1,2,276,
main,478,2,-103,380,907.23,0.28500000000000003,1,2,275,
main,479,2,296,380,908.057,0.28600000000000003,1,2,274,
main,480,2,566,380,908.874,0.271,1,2,273,
main,481,2,490,-70,909.72,0.309,1,2,272,
main,482,2,346,-380,910.546,0.28800000000000003,1,2,271,
main,483,2,680,380,911.3770000000001,0.294,1,2,270,
main,484,2,672,-380,912.205,0.28500000000000003,1,2,269,
main,485,2,680,162,913.0260000000001,0.28200000000000003,1,2,268,
main,486,2,190,61,913.845,0.279,1,2,267,
main,487,2,483,380,914.686,0.305,1,2,266,
main,488,2,680,380,915.522,0.302,1,2,265,
main,489,2,233,-212,916.3770000000001,0.32,1,2,264,
main,490,2,467,380,917.217,0.301,1,2,263,
main,491,2,-440,-380,918.035,0.28,1,2,262,
main,492,2,447,380,918.869,0.301,1,2,261,
main,493,2,680,-380,919.696,0.293,1,2,260,
main,494,2,-680,104,920.535,0.303,1,2,259,
main,495,2,680,380,921.359,0.28700000000000003,1,2,258,
main,496,2,365,380,922.208,0.311,1,2,257,
main,497,2,680,152,923.048,0.302,1,2,256,
main,498,2,522,110,923.889,0.304,1,2,255,
main,499,2,-567,-380,924.734,0.31,1,2,254,
main,500,2,-488,380,925.582,0.312,1,2,253,
main,501,2,-172,380,926.414,0.292,1,2,252,
main,502,2,99,173,927.253,0.299,1,2,251,
main,503,2,538,380,928.0790000000001,0.29,1,2,250,
main,504,2,-365,380,928.923,0.301,1,2,249,
main,505,2,373,270,929.755,0.293,1,2,248,
main,506,2,680,183,930.586,0.295,1,2,247,
main,507,2,-406,382,931.414,0.292,1,2,246,
main,508,2,71,348,932.241,0.29,1,2,245,
main,509,2,680,-309,933.08,0.3,1,2,244,
main,510,2,94,-380,933.918,0.3,1,2,243,
main,511,2,680,21,934.7520000000001,0.293,1,2,242,
main,512,2,189,379,935.583,0.294,1,2,241,
main,513,2,-414,-177,936.409,0.28800000000000003,1,2,240,
main,514,2,-85,-380,937.2470000000001,0.302,1,2,239,
main,515,2,680,-97,938.096,0.312,1,2,238,
main,516,2,149,-380,938.913,0.28,1,2,237,
main,517,2,680,-380,939.739,0.289,1,2,236,
main,518,2,-249,-380,940.5740000000001,0.293,1,2,235,
main,519,2,-680,380,941.398,0.28700000000000003,1,2,234,
main,520,2,680,63,942.241,0.305,1,2,233,
main,521,2,-258,380,943.07,0.292,1,2,232,
main,522,2,680,-380,943.91,0.297,1,2,231,
main,523,2,-138,-16,944.748,0.297,1,2,230,
main,524,2,-292,-380,945.602,0.318,1,2,229,
main,525,2,680,-287,946.436,0.295,1,2,228,
main,526,2,-424,380,947.2760000000001,0.299,1,2,227,
main,527,2,80,140,948.11,0.293,1,2,226,
main,528,2,240,380,948.9490000000001,0.299,1,2,225,
main,529,2,239,242,949.7760000000001,0.289,1,2,224,
main,530,2,373,-380,950.597,0.28,1,2,223,
main,531,2,680,-380,951.431,0.296,1,2,222,
main,532,2,-52,-380,952.263,0.296,1,2,221,
main,533,2,680,-6,953.0840000000001,0.28300000000000003,1,2,220,
main,534,2,680,-111,953.9250000000001,0.301,1,2,219,
main,535,2,680,380,954.749,0.28700000000000003,1,2,218,
main,536,2,-624,-153,955.592,0.304,1,2,217,
main,537,2,71,380,956.4250000000001,0.294,1,2,216,
main,538,2,680,25,957.2570000000001,0.292,1,2,215,
main,539,2,680,-380,958.081,0.28800000000000003,1,2,214,
main,540,2,572,380,958.928,0.311,1,2,213,
main,541,2,680,380,959.764,0.3,1,2,212,
main,542,2,141,76,960.582,0.28300000000000003,1,2,211,
main,543,2,529,-380,961.419,0.299,1,2,210,
main,544,2,680,236,962.265,0.308,1,2,209,
main,545,2,-214,131,963.087,0.28400000000000003,1,2,208,
main,546,2,259,-380,963.914,0.29,1,2,207,
main,547,2,278,-18,964.736,0.28600000000000003,1,2,206,
main,548,2,680,-380,965.571,0.297,1,2,205,
main,549,2,-195,380,966.4,0.29,1,2,204,
main,550,2,680,380,967.244,0.306,1,2,203,
main,551,2,-276,25,968.0840000000001,0.301,1,2,202,
main,552,2,590,380,968.921,0.3,1,2,201,
main,553,2,680,-164,969.754,0.298,1,2,200,
main,554,2,18,380,970.577,0.29,1,2,199,
main,555,2,680,380,971.399,0.28700000000000003,1,2,198,
main,556,2,-16,-380,972.225,0.289,1,2,197,
main,557,2,239,-380,973.065,0.306,1,2,196,
main,558,2,538,-137,973.914,0.312,1,2,195,
main,559,2,-64,-380,974.758,0.306,1,2,194,
main,560,2,443,196,975.592,0.301,1,2,193,
main,561,2,609,380,976.421,0.292,1,2,192,
main,562,2,-403,380,977.238,0.281,1,2,191,
main,563,2,680,-250,978.081,0.309,1,2,190,
main,564,2,680,256,978.913,0.296,1,2,189,
main,565,2,619,178,979.767,0.318,1,2,188,
main,566,2,680,-151,980.599,0.294,1,2,187,
main,567,2,317,-258,981.428,0.295,1,2,186,
main,568,2,680,-380,982.246,0.28,1,2,185,
main,569,2,302,-360,983.087,0.302,1,2,184,
main,570,2,252,-344,983.9250000000001,0.302,1,2,183,
main,571,2,-370,-185,984.767,0.305,1,1,183,
main,572,2,-443,-34,985.602,0.298,1,1,183,
main,573,2,511,-109,986.427,0.289,1,1,183,
main,574,2,237,380,987.2520000000001,0.289,1,1,183,
main,575,2,477,-380,988.096,0.307,1,1,183,
main,576,2,-19,380,988.938,0.303,1,2,182,
main,577,2,-680,380,989.773,0.299,1,1,182,
main,578,2,376,-380,990.619,0.313,1,1,182,
main,579,2,295,-78,991.451,0.296,1,1,182,
main,580,2,-680,-380,992.2950000000001,0.308,1,1,182,
main,581,2,-680,380,993.139,0.308,1,1,182,
main,582,2,-680,-380,993.9730000000001,0.298,1,1,182,
main,583,2,-680,-380,994.8100000000001,0.301,1,1,182,
main,584,2,-365,-380,995.648,0.301,1,1,182,
main,585,2,-680,-380,996.4830000000001,0.296,1,1,182,
main,586,2,-117,380,997.326,0.305,1,1,182,
main,587,2,-680,34,998.154,0.28400000000000003,1,1,182,
main,588,2,-311,-160,998.995,0.301,1,1,182,
main,589,2,-260,-380,999.817,0.29,1,1,182,
main,590,2,-569,380,1000.657,0.304,1,1,182,
main,591,2,-680,-129,1001.489,0.296,1,1,182,
main,592,2,348,-380,1002.314,0.289,1,1,182,
main,593,2,-680,-380,1003.155,0.308,1,1,182,
main,594,2,-379,-380,1003.984,0.292,1,1,182,
main,595,2,-260,-380,1004.807,0.289,1,1,182,
main,596,2,163,-380,1005.657,0.315,1,1,182,
main,597,2,519,-380,1006.487,0.294,1,1,182,
main,598,2,-680,-7,1007.308,0.28800000000000003,1,1,182,
main,599,2,-680,380,1008.1410000000001,0.296,1,1,182,
main,600,2,-342,-357,1008.977,0.299,1,1,182,
main,601,3,-643,-18,1009.809,0.294,1,1,182,
main,602,3,-317,-138,1010.6270000000001,0.28200000000000003,1,1,182,
main,603,3,-152,-198,1011.475,0.31,1,1,182,
main,604,3,265,74,1012.306,0.295,1,2,181,
main,605,3,621,-33,1013.147,0.303,1,2,180,
main,606,3,399,140,1013.981,0.299,1,2,179,
main,607,3,586,-212,1014.815,0.299,1,2,178,
main,608,3,320,158,1015.6370000000001,0.28700000000000003,1,2,177,
main,609,3,-370,-82,1016.469,0.296,1,1,177,
main,610,3,271,-180,1017.297,0.292,1,2,176,
main,611,3,71,114,1018.143,0.307,1,2,175,
main,612,3,359,-47,1018.976,0.299,1,2,174,
main,613,3,165,16,1019.8100000000001,0.302,1,2,173,
main,614,3,505,-177,1020.652,0.305,1,2,172,
main,615,3,493,-184,1021.486,0.297,1,2,171,
main,616,3,504,-72,1022.312,0.29,1,2,170,
main,617,3,167,-63,1023.145,0.296,1,2,169,
main,618,3,-345,128,1039.161,15.478,1,1,169,
main,619,3,-208,217,1039.988,0.28700000000000003,1,1,169,
main,620,3,275,-34,1040.821,0.291,1,2,168,
main,621,3,371,4,1041.652,0.291,1,2,167,
main,622,3,468,-132,1042.492,0.303,1,2,166,
main,623,3,-405,-60,1043.339,0.31,1,1,166,
main,624,3,-307,-81,1044.183,0.309,1,1,166,
main,625,3,-322,-104,1045.03,0.312,1,1,166,
main,626,3,-350,380,1045.876,0.308,1,1,166,
main,627,3,92,-65,1046.718,0.303,1,2,165,
main,628,3,176,8,1047.563,0.309,1,2,164,
main,629,3,365,-56,1048.39,0.289,1,2,163,
main,630,3,366,-260,1049.237,0.31,1,2,162,
main,631,3,147,46,1050.073,0.298,1,2,161,
main,632,3,67,-59,1050.91,0.299,1,2,160,
main,633,3,392,236,1051.74,0.296,1,2,159,
main,634,3,317,-27,1052.5810000000001,0.308,1,2,158,
main,635,3,328,170,1053.415,0.297,1,2,157,
main,636,3,570,50,1054.2350000000001,0.281,1,2,156,
main,637,3,178,-52,1055.0620000000001,0.293,1,2,155,
main,638,3,-128,-124,1055.884,0.28600000000000003,1,1,155,
main,639,3,-417,14,1056.722,0.302,1,1,155,
main,640,3,-192,146,1057.568,0.31,1,1,155,
main,641,3,-488,-71,1058.395,0.292,1,1,155,
main,642,3,-611,-236,1059.227,0.297,1,1,155,
main,643,3,208,-40,1060.075,0.315,1,2,154,
main,644,3,351,279,1060.911,0.303,1,2,153,
main,645,3,555,-291,1061.757,0.315,1,2,152,
main,646,3,-236,24,1062.604,0.313,1,1,152,
main,647,3,-298,102,1063.425,0.28600000000000003,1,1,152,
main,648,3,-306,79,1064.253,0.292,1,1,152,
main,649,3,-287,-166,1065.095,0.309,1,1,152,
main,650,3,-374,154,1065.93,0.297,1,1,152,
main,651,3,-279,83,1066.773,0.307,1,1,152,
main,652,3,-380,272,1067.594,0.28800000000000003,1,1,152,
main,653,3,-360,-44,1068.44,0.313,1,1,152,
main,654,3,-680,-15,1069.276,0.302,1,1,152,
main,655,3,-297,-96,1070.1200000000001,0.309,1,1,152,
main,656,3,-462,-1,1070.953,0.299,1,1,152,
main,657,3,-395,-100,1071.8,0.312,1,1,152,
main,658,3,265,-120,1072.638,0.304,1,2,151,
main,659,3,476,-81,1073.491,0.314,1,2,150,
main,660,3,482,152,1074.334,0.307,1,2,149,
main,661,3,236,64,1075.167,0.298,1,2,148,
main,662,3,295,144,1075.993,0.292,1,2,147,
main,663,3,543,3,1076.829,0.299,1,2,146,
main,664,3,379,13,1077.672,0.309,1,2,145,
main,665,3,415,-212,1078.496,0.28800000000000003,1,2,144,
main,666,3,494,-147,1079.3220000000001,0.29,1,2,143,
main,667,3,7,-28,1080.17,0.313,1,2,142,
main,668,3,308,-54,1081.007,0.3,1,2,141,
main,669,3,443,73,1081.855,0.313,1,2,140,
main,670,3,494,-49,1082.692,0.301,1,2,139,
main,671,3,235,-380,1083.52,0.29,1,2,138,
main,672,3,154,-167,1084.35,0.293,1,2,137,
main,673,3,466,144,1085.201,0.317,1,2,136,
main,674,3,-165,-116,1086.037,0.302,1,1,136,
main,675,3,279,15,1086.865,0.289,1,2,135,
main,676,3,225,-104,1087.694,0.294,1,2,134,
main,677,3,440,71,1088.54,0.31,1,2,133,
main,678,3,34,36,1089.38,0.299,1,2,132,
main,679,3,427,44,1090.214,0.297,1,2,131,
main,680,3,348,-100,1091.039,0.28400000000000003,1,2,130,
main,681,3,158,-280,1091.863,0.289,1,2,129,
main,682,3,296,-49,1092.702,0.3,1,2,128,
main,683,3,164,53,1093.539,0.297,1,2,127,
main,684,3,269,-51,1094.366,0.291,1,2,126,
main,685,3,-129,79,1095.217,0.313,1,1,126,
main,686,3,-577,258,1096.044,0.28700000000000003,1,1,126,
main,687,3,-509,-7,1096.883,0.3,1,1,126,
main,688,3,-279,-10,1097.727,0.309,1,1,126,
main,689,3,-349,12,1098.571,0.31,1,1,126,
main,690,3,450,222,1099.4180000000001,0.31,1,2,125,
main,691,3,346,-41,1100.2450000000001,0.28800000000000003,1,2,124,
main,692,3,-251,131,1101.069,0.28800000000000003,1,1,124,
main,693,3,-608,-64,1101.913,0.307,1,1,124,
main,694,3,364,-178,1102.755,0.305,1,2,123,
main,695,3,319,-268,1103.593,0.301,1,2,122,
main,696,3,492,-68,1104.429,0.303,1,2,121,
main,697,3,-632,-198,1105.272,0.307,1,1,121,
main,698,3,-247,-63,1106.109,0.296,1,1,121,
main,699,3,-478,160,1106.944,0.297,1,1,121,
main,700,3,-509,71,1107.791,0.312,1,1,121,
main,701,3,-257,-112,1108.614,0.28700000000000003,1,1,121,
main,702,3,-492,108,1109.4470000000001,0.296,1,1,121,
main,703,3,62,71,1110.265,0.281,1,2,120,
main,704,3,172,-30,1111.099,0.297,1,2,119,
main,705,3,151,-121,1111.926,0.28700000000000003,1,2,118,
main,706,3,425,83,1112.771,0.306,1,2,117,
main,707,3,-286,-104,1113.595,0.28700000000000003,1,1,117,
main,708,3,-361,39,1114.441,0.3,1,1,117,
main,709,3,-468,324,1115.288,0.311,1,1,117,
main,710,3,285,2,1116.13,0.304,1,2,116,
main,711,3,366,-56,1116.962,0.298,1,2,115,
main,712,3,213,-44,1117.811,0.312,1,2,114,
main,713,3,519,19,1118.652,0.305,1,2,113,
main,714,3,372,141,1119.473,0.28600000000000003,1,2,112,
main,715,3,-314,-110,1120.31,0.299,1,1,112,
main,716,3,521,163,1121.145,0.3,1,2,111,
main,717,3,-397,54,1121.976,0.294,1,1,111,
main,718,3,-226,-30,1122.817,0.305,1,1,111,
main,719,3,-606,103,1123.645,0.289,1,1,111,
main,720,3,-235,99,1124.474,0.291,1,1,111,
main,721,3,-457,-133,1125.319,0.303,1,1,111,
main,722,3,-444,-114,1126.1680000000001,0.309,1,1,111,
main,723,3,-295,-213,1126.99,0.28400000000000003,1,1,111,
main,724,3,-353,-118,1127.826,0.299,1,1,111,
main,725,3,-304,-75,1128.673,0.308,1,1,111,
main,726,3,-305,-152,1129.494,0.28,1,1,111,
main,727,3,-218,58,1130.333,0.297,1,1,111,
main,728,3,-656,295,1131.169,0.294,1,1,111,
main,729,3,-448,48,1131.997,0.29,1,1,111,
main,730,3,-216,-289,1132.8410000000001,0.31,1,1,111,
main,731,3,-401,200,1133.6970000000001,0.32,1,1,111,
main,732,3,-352,32,1134.545,0.307,1,1,111,
main,733,3,-210,65,1135.39,0.305,1,1,111,
main,734,3,-290,52,1136.226,0.295,1,1,111,
main,735,3,-367,189,1137.074,0.31,1,1,111,
main,736,3,-465,138,1137.914,0.302,1,1,111,
main,737,3,-231,241,1138.744,0.295,1,1,111,
main,738,3,25,-61,1139.573,0.298,1,2,110,
main,739,3,165,1,1140.406,0.3,1,2,109,
main,740,3,560,45,1141.241,0.301,1,2,108,
main,741,3,315,24,1142.08,0.306,1,2,107,
main,742,3,385,51,1142.917,0.301,1,2,106,
main,743,3,378,-354,1143.751,0.297,1,2,105,
main,744,3,303,93,1144.588,0.3,1,2,104,
main,745,3,323,147,1145.414,0.28800000000000003,1,2,103,
main,746,3,-1,115,1146.248,0.298,1,1,103,
main,747,3,-633,-14,1147.087,0.304,1,1,103,
main,748,3,-601,-50,1147.916,0.293,1,1,103,
main,749,3,-146,92,1148.746,0.295,1,1,103,
main,750,3,-294,104,1149.587,0.309,1,1,103,
main,751,3,-106,-97,1150.431,0.308,1,1,103,
main,752,3,-299,113,1151.282,0.315,1,1,103,
main,753,3,-325,31,1152.114,0.294,1,1,103,
main,754,3,-434,68,1152.9470000000001,0.298,1,1,103,
main,755,3,-319,229,1153.781,0.297,1,1,103,
main,756,3,277,90,1154.612,0.28200000000000003,1,2,102,
main,757,3,1,56,1155.4470000000001,0.293,1,2,101,
main,758,3,337,-168,1156.273,0.28800000000000003,1,2,100,
main,759,3,24,-198,1157.119,0.301,1,1,100,
main,760,3,-290,-250,1157.95,0.293,1,1,100,
main,761,3,414,248,1158.787,0.3,1,2,99,
main,762,3,259,-47,1159.619,0.295,1,2,98,
main,763,3,222,101,1160.462,0.305,1,2,97,
main,764,3,446,-18,1161.3,0.302,1,2,96,
main,765,3,355,-46,1162.1390000000001,0.301,1,2,95,
main,766,3,-487,-46,1162.979,0.303,1,1,95,
main,767,3,551,178,1163.809,0.29,1,2,94,
main,768,3,302,-48,1164.634,0.28800000000000003,1,2,93,
main,769,3,423,-27,1165.476,0.307,1,2,92,
main,770,3,329,-136,1166.303,0.28500000000000003,1,2,91,
main,771,3,438,39,1167.153,0.315,1,2,90,
main,772,3,403,-380,1167.988,0.295,1,2,89,
main,773,3,493,52,1168.824,0.298,1,2,88,
main,774,3,264,-79,1169.667,0.305,1,2,87,
main,775,3,108,180,1170.498,0.294,1,2,86,
main,776,3,680,244,1171.327,0.293,1,2,85,
main,777,3,464,72,1172.167,0.304,1,2,84,
main,778,3,238,-223,1172.9950000000001,0.289,1,2,83,
main,779,3,396,159,1173.821,0.28800000000000003,1,2,82,
main,780,3,377,-27,1174.676,0.316,1,2,81,
main,781,3,298,76,1175.525,0.308,1,2,80,
main,782,3,-347,-4,1176.365,0.3,1,1,80,
main,783,3,-293,-158,1177.19,0.28500000000000003,1,1,80,
main,784,3,602,271,1178.032,0.303,1,2,79,
main,785,3,428,-221,1178.875,0.309,1,2,78,
main,786,3,-404,101,1179.719,0.31,1,1,78,
main,787,3,-540,-145,1180.56,0.303,1,1,78,
main,788,3,395,-67,1181.402,0.305,1,2,77,
main,789,3,250,-24,1182.246,0.309,1,2,76,
main,790,3,395,-187,1183.082,0.3,1,2,75,
main,791,3,203,160,1183.916,0.296,1,2,74,
main,792,3,60,67,1184.7450000000001,0.28700000000000003,1,2,73,
main,793,3,451,-99,1185.57,0.28500000000000003,1,2,72,
main,794,3,251,-168,1186.414,0.305,1,2,71,
main,795,3,232,213,1187.259,0.309,1,2,70,
main,796,3,428,-128,1188.0810000000001,0.28300000000000003,1,2,69,
main,797,3,-378,293,1188.914,0.296,1,1,69,
main,798,3,544,115,1189.751,0.299,1,2,68,
main,799,3,302,49,1190.597,0.308,1,2,67,
main,800,3,128,-131,1191.423,0.28800000000000003,1,2,66,
main,801,4,460,380,1192.255,0.295,1,2,65,
main,802,4,680,380,1193.092,0.3,1,2,64,
main,803,4,-680,-380,1193.931,0.3,1,1,64,
main,804,4,-680,269,1194.763,0.294,1,1,64,
main,805,4,-680,246,1195.608,0.306,1,1,64,
main,806,4,-434,-380,1196.44,0.29,1,1,64,
main,807,4,-142,380,1197.279,0.298,1,1,64,
main,808,4,-680,380,1198.109,0.295,1,1,64,
main,809,4,-400,-380,1198.935,0.28500000000000003,1,1,64,
main,810,4,98,380,1199.762,0.28800000000000003,1,1,64,
main,811,4,-392,-380,1200.613,0.314,1,1,64,
main,812,4,-29,144,1201.448,0.298,1,2,63,
main,813,4,-444,380,1202.2830000000001,0.298,1,1,63,
main,814,4,480,-195,1203.101,0.28300000000000003,1,1,63,
main,815,4,-285,-380,1203.946,0.304,1,2,62,
main,816,4,-211,-380,1204.789,0.305,1,2,61,
main,817,4,660,-380,1205.619,0.298,1,2,60,
main,818,4,680,380,1206.463,0.308,1,2,59,
main,819,4,272,-380,1207.303,0.305,1,2,58,
main,820,4,498,295,1208.137,0.302,1,2,57,
main,821,4,-98,380,1208.959,0.281,1,2,56,
main,822,4,86,102,1209.787,0.28600000000000003,1,2,55,
main,823,4,-680,164,1210.608,0.28200000000000003,1,1,55,
main,824,4,-134,-380,1211.4560000000001,0.308,1,2,54,
main,825,4,680,-368,1212.308,0.314,1,2,53,
main,826,4,203,380,1213.146,0.297,1,2,52,
main,827,4,-680,113,1213.983,0.299,1,2,51,
main,828,4,446,-117,1214.816,0.297,1,2,50,
main,829,4,555,380,1215.652,0.297,1,2,49,
main,830,4,536,282,1216.503,0.31,1,2,48,
main,831,4,-569,175,1217.3410000000001,0.302,1,2,47,
main,832,4,680,-272,1218.176,0.296,1,2,46,
main,833,4,-20,380,1219.016,0.301,1,1,46,
main,834,4,680,43,1219.84,0.28400000000000003,1,2,45,
main,835,4,-680,-380,1220.665,0.28500000000000003,1,2,44,
main,836,4,680,-249,1221.499,0.294,1,2,43,
main,837,4,680,70,1222.328,0.289,1,2,42,
main,838,4,371,229,1223.163,0.294,1,2,41,
main,839,4,680,380,1224.003,0.303,1,2,40,
main,840,4,-680,-64,1224.839,0.298,1,1,40,
main,841,4,-447,-380,1225.663,0.28400000000000003,1,1,40,
main,842,4,680,-239,1226.478,0.275,1,1,40,
main,843,4,-384,-380,1227.328,0.311,1,1,40,
main,844,4,418,-380,1228.154,0.28800000000000003,1,2,39,
main,845,4,78,249,1229.006,0.31,1,2,38,
main,846,4,212,346,1229.847,0.303,1,2,37,
main,847,4,-614,-117,1230.686,0.3,1,1,37,
main,848,4,-252,380,1231.509,0.281,1,1,37,
main,849,4,680,380,1232.355,0.305,1,2,36,
main,850,4,-680,361,1233.195,0.299,1,2,35,
main,851,4,680,-380,1234.016,0.28200000000000003,1,2,34,
main,852,4,-189,-310,1234.856,0.301,1,1,34,
main,853,4,-4,-380,1235.685,0.291,1,1,34,
main,854,4,-680,380,1236.518,0.294,1,1,34,
main,855,4,-680,-380,1237.358,0.3,1,1,34,
main,856,4,-680,152,1238.205,0.308,1,1,34,
main,857,4,-3,-239,1239.044,0.299,1,1,34,
main,858,4,-102,380,1239.877,0.296,1,1,34,
main,859,4,-173,380,1240.7250000000001,0.309,1,1,34,
main,860,4,-480,202,1241.558,0.296,1,1,34,
main,861,4,424,-250,1242.402,0.31,1,1,34,
main,862,4,-123,244,1243.2450000000001,0.307,1,1,34,
main,863,4,117,-380,1244.082,0.299,1,2,33,
main,864,4,298,380,1244.914,0.296,1,2,32,
main,865,4,-681,380,1245.768,0.319,1,1,32,
main,866,4,531,380,1246.595,0.28700000000000003,1,2,31,
main,867,4,680,-263,1247.441,0.307,1,2,30,
main,868,4,680,-380,1248.2640000000001,0.28600000000000003,1,2,29,
main,869,4,520,380,1249.109,0.305,1,2,28,
main,870,4,-386,380,1249.928,0.278,1,1,28,
main,871,4,-111,-97,1250.762,0.297,1,1,28,
main,872,4,680,380,1251.611,0.309,1,2,27,
main,873,4,-307,-148,1252.444,0.295,1,2,26,
main,874,4,-173,380,1253.285,0.302,1,2,25,
main,875,4,-85,-380,1254.111,0.28600000000000003,1,2,24,
main,876,4,-177,38,1254.954,0.301,1,2,23,
main,877,4,-88,-380,1255.7930000000001,0.302,1,2,22,
main,878,4,638,-120,1256.624,0.292,1,2,21,
main,879,4,-362,44,1257.459,0.294,1,2,20,
main,880,4,-132,149,1258.291,0.293,1,1,20,
main,881,4,-177,-297,1259.128,0.295,1,2,19,
main,882,4,-5,-380,1259.963,0.301,1,2,18,
main,883,4,-238,380,1260.788,0.28700000000000003,1,2,17,
main,884,4,-124,173,1261.632,0.307,1,2,16,
main,885,4,-118,-330,1262.469,0.3,1,2,15,
main,886,4,589,380,1263.303,0.295,1,2,14,
main,887,4,670,-84,1264.117,0.272,1,2,13,
main,888,4,-213,380,1264.944,0.28700000000000003,1,2,12,
main,889,4,-126,357,1265.7640000000001,0.281,1,2,11,
main,890,4,680,380,1266.594,0.293,1,2,10,
main,891,4,205,263,1267.436,0.302,1,2,9,
main,892,4,-514,-343,1268.26,0.28300000000000003,1,1,9,
main,893,4,-680,380,1269.095,0.294,1,1,9,
main,894,4,-680,32,1269.9270000000001,0.293,1,1,9,
main,895,4,-680,170,1270.761,0.295,1,1,9,
main,896,4,-4,-380,1271.605,0.304,1,1,9,
main,897,4,-631,137,1272.443,0.299,1,1,9,
main,898,4,680,-197,1273.259,0.278,1,2,8,
main,899,4,211,-127,1274.094,0.295,1,2,7,
main,900,4,399,380,1274.941,0.31,1,2,6,
main,901,4,523,380,1275.7830000000001,0.301,1,2,5,
main,902,4,631,380,1276.619,0.297,1,2,4,
main,903,4,314,380,1277.445,0.28500000000000003,1,2,3,
main,904,4,165,145,1278.296,0.311,1,2,2,
main,905,4,-536,380,1279.14,0.305,1,2,1,
main,906,4,680,380,1279.979,0.301,1,2,0,
main,907,4,-410,380,1280.81,0.291,1,1,0,
main,908,4,-680,329,1281.65,0.3,1,1,0,
main,909,4,-375,380,1282.487,0.3,1,2,-1,
main,910,4,5,380,1283.327,0.3,1,1,-1,
main,911,4,51,265,1284.174,0.307,1,2,-2,
main,912,4,-680,380,1285.016,0.28700000000000003,1,2,-3,
main,913,4,467,380,1285.848,0.295,1,2,-4,
main,914,4,472,380,1286.6870000000001,0.307,1,2,-5,
main,915,4,-272,380,1287.503,0.27,1,2,-6,
main,916,4,-236,380,1288.324,0.275,1,2,-7,
main,917,4,142,-82,1289.169,0.3,1,1,-7,
main,918,4,680,380,1290.01,0.301,1,1,-7,
main,919,4,496,-229,1290.845,0.297,1,1,-7,
main,920,4,-680,-166,1291.6770000000001,0.294,1,1,-7,
main,921,4,-236,-380,1292.521,0.307,1,1,-7,
main,922,4,211,-340,1293.364,0.306,1,1,-7,
main,923,4,-653,-345,1294.203,0.301,1,1,-7,
main,924,4,680,231,1295.039,0.298,1,1,-7,
main,925,4,321,-380,1295.856,0.28400000000000003,1,1,-7,
main,926,4,198,380,1296.705,0.314,1,2,-8,
main,927,4,157,380,1297.53,0.292,1,2,-9,
main,928,4,269,380,1298.368,0.304,1,2,-10,
main,929,4,-554,52,1299.194,0.295,1,1,-10,
main,930,4,-514,-380,1300.0330000000001,0.304,1,1,-10,
main,931,4,637,151,1300.859,0.28400000000000003,1,1,-10,
main,932,4,-465,321,1301.694,0.299,1,1,-10,
main,933,4,-129,39,1302.522,0.291,1,1,-10,
main,934,4,103,-247,1303.376,0.314,1,1,-10,
main,935,4,-579,380,1304.2060000000001,0.29,1,1,-10,
main,936,4,680,380,1305.035,0.293,1,2,-11,
main,937,4,415,350,1305.873,0.299,1,2,-12,
main,938,4,200,220,1306.713,0.302,1,2,-13,
main,939,4,-126,380,1307.54,0.291,1,2,-14,
main,940,4,680,380,1308.3700000000001,0.291,1,2,-15,
main,941,4,680,-211,1309.204,0.302,1,2,-16,
main,942,4,-301,94,1310.041,0.302,1,1,-16,
main,943,4,-680,-49,1310.873,0.294,1,1,-16,
main,944,4,599,357,1311.713,0.299,1,1,-16,
main,945,4,210,-380,1312.553,0.303,1,1,-16,
main,946,4,-370,-56,1313.387,0.301,1,2,-17,
main,947,4,680,380,1314.2350000000001,0.311,1,2,-18,
main,948,4,483,-380,1315.0810000000001,0.312,1,2,-19,
main,949,4,315,-380,1315.917,0.298,1,2,-20,
main,950,4,680,317,1316.748,0.294,1,1,-20,
main,951,4,680,380,1317.587,0.297,1,1,-20,
main,952,4,-502,-344,1318.42,0.297,1,1,-20,
main,953,4,-680,-380,1319.269,0.31,1,1,-20,
main,954,4,580,-380,1320.0910000000001,0.28300000000000003,1,2,-21,
main,955,4,-376,-380,1320.917,0.28600000000000003,1,2,-22,
main,956,4,-431,-232,1321.747,0.291,1,2,-23,
main,957,4,527,201,1322.582,0.298,1,2,-24,
main,958,4,-134,-206,1323.425,0.307,1,2,-25,
main,959,4,680,-380,1324.2540000000001,0.28800000000000003,1,2,-26,
main,960,4,645,149,1325.088,0.291,1,2,-27,
main,961,4,-484,-200,1325.909,0.281,1,1,-27,
main,962,4,-50,380,1326.746,0.298,1,2,-28,
main,963,4,143,-204,1327.576,0.295,1,1,-28,
main,964,4,-680,197,1328.3980000000001,0.28600000000000003,1,2,-29,
main,965,4,-680,-380,1329.233,0.299,1,1,-29,
main,966,4,96,380,1330.069,0.298,1,1,-29,
main,967,4,680,339,1330.903,0.295,1,2,-30,
main,968,4,680,-380,1331.75,0.309,1,2,-31,
main,969,4,680,-380,1332.584,0.298,1,2,-32,
main,970,4,-158,-333,1333.41,0.28500000000000003,1,1,-32,
main,971,4,-680,-380,1334.2540000000001,0.307,1,1,-32,
main,972,4,109,380,1335.082,0.291,1,1,-32,
main,973,4,680,-380,1335.926,0.306,1,2,-33,
main,974,4,355,-380,1336.75,0.28800000000000003,1,2,-34,
main,975,4,-260,-313,1337.574,0.289,1,2,-35,
main,976,4,680,380,1338.415,0.303,1,1,-35,
main,977,4,653,116,1339.253,0.3,1,1,-35,
main,978,4,-271,-183,1340.09,0.303,1,1,-35,
main,979,4,-680,86,1340.9270000000001,0.298,1,1,-35,
main,980,4,121,326,1341.762,0.303,1,1,-35,
main,981,4,-680,-113,1342.603,0.305,1,1,-35,
main,982,4,-680,240,1343.433,0.292,1,1,-35,
main,983,4,-256,-380,1344.275,0.302,1,1,-35,
main,984,4,-177,-380,1345.114,0.301,1,1,-35,
main,985,4,-680,-147,1345.959,0.311,1,1,-35,
main,986,4,40,110,1346.807,0.313,1,1,-35,
main,987,4,-581,380,1347.642,0.299,1,1,-35,
main,988,4,-680,-40,1348.4750000000001,0.296,1,1,-35,
main,989,4,639,380,1349.3,0.289,1,1,-35,
main,990,4,-423,-21,1350.133,0.297,1,1,-35,
main,991,4,333,-380,1350.962,0.292,1,1,-35,
main,992,4,188,367,1351.794,0.294,1,1,-35,
main,993,4,-648,-264,1352.625,0.291,1,1,-35,
main,994,4,165,-380,1353.4470000000001,0.28400000000000003,1,1,-35,
main,995,4,391,380,1354.28,0.294,1,1,-35,
main,996,4,129,122,1355.115,0.296,1,2,-36,
main,997,4,-116,-380,1355.955,0.303,1,2,-37,
main,998,4,156,305,1356.788,0.293,1,2,-38,
main,999,4,680,380,1357.627,0.301,1,2,-39,
main,1000,4,-451,-380,1358.467,0.301,1,2,-40,
main,1001,1,-192,-163,1359.294,0.28700000000000003,1,1,-40,
main,1002,1,-568,42,1360.146,0.311,1,1,-40,
main,1003,1,-94,-87,1360.9940000000001,0.307,1,1,-40,
main,1004,1,-406,-364,1361.83,0.294,1,1,-40,
main,1005,1,-472,190,1362.661,0.291,1,1,-40,
main,1006,1,-356,-102,1363.492,0.3,1,1,-40,
main,1007,1,-438,224,1364.333,0.302,1,1,-40,
main,1008,1,-407,-67,1365.174,0.304,1,1,-40,
main,1009,1,670,331,1366.016,0.303,1,2,-41,
main,1010,1,400,151,1366.847,0.293,1,2,-42,
main,1011,1,566,111,1367.676,0.29,1,2,-43,
main,1012,1,518,-140,1368.512,0.295,1,2,-44,
main,1013,1,246,-188,1369.3500000000001,0.299,1,2,-45,
main,1014,1,128,136,1370.192,0.303,1,2,-46,
main,1015,1,213,-21,1371.017,0.28300000000000003,1,2,-47,
main,1016,1,-680,-38,1371.861,0.305,1,1,-47,
main,1017,1,-447,-266,1372.708,0.304,1,1,-47,
main,1018,1,316,139,1373.538,0.293,1,2,-48,
main,1019,1,445,1,1374.365,0.28800000000000003,1,2,-49,
main,1020,1,385,-132,1375.212,0.307,1,2,-50,
main,1021,1,83,-121,1376.048,0.297,1,2,-51,
main,1022,1,428,-59,1376.878,0.28800000000000003,1,2,-52,
main,1023,1,340,51,1377.73,0.314,1,2,-53,
main,1024,1,404,359,1378.57,0.302,1,2,-54,
main,1025,1,678,147,1379.412,0.301,1,2,-55,
main,1026,1,186,-194,1380.246,0.292,1,2,-56,
main,1027,1,222,262,1381.0710000000001,0.28600000000000003,1,2,-57,
main,1028,1,502,4,1381.891,0.281,1,2,-58,
main,1029,1,605,134,1382.73,0.304,1,2,-59,
main,1030,1,502,224,1383.5710000000001,0.304,1,2,-60,
main,1031,1,461,-116,1384.407,0.296,1,2,-61,
main,1032,1,143,47,1385.246,0.301,1,2,-62,
main,1033,1,-221,213,1386.076,0.297,1,1,-62,
main,1034,1,-377,7,1386.897,0.28300000000000003,1,1,-62,
main,1035,1,-312,-180,1387.734,0.301,1,1,-62,
main,1036,1,-467,70,1388.561,0.28800000000000003,1,1,-62,
main,1037,1,-507,174,1389.386,0.28500000000000003,1,1,-62,
main,1038,1,-186,-318,1390.228,0.304,1,1,-62,
main,1039,1,-361,-61,1391.068,0.3,1,1,-62,
main,1040,1,-583,-126,1391.901,0.296,1,1,-62,
main,1041,1,-445,188,1392.736,0.298,1,1,-62,
main,1042,1,-221,249,1393.561,0.28700000000000003,1,1,-62,
main,1043,1,-505,-47,1394.393,0.296,1,1,-62,
main,1044,1,-524,-110,1395.237,0.304,1,1,-62,
main,1045,1,-317,313,1396.074,0.299,1,1,-62,
main,1046,1,152,173,1396.91,0.302,1,2,-63,
main,1047,1,519,27,1397.7440000000001,0.296,1,2,-64,
main,1048,1,497,-50,1398.582,0.299,1,2,-65,
main,1049,1,137,-163,1399.433,0.313,1,2,-66,
main,1050,1,285,57,1400.28,0.309,1,2,-67,
main,1051,1,45,96,1401.134,0.313,1,2,-68,
main,1052,1,680,107,1401.959,0.28800000000000003,1,2,-69,
main,1053,1,347,-4,1402.801,0.302,1,2,-70,
main,1054,1,63,27,1403.651,0.31,1,2,-71,
main,1055,1,101,64,1404.477,0.28600000000000003,1,2,-72,
main,1056,1,528,-64,1405.3120000000001,0.295,1,2,-73,
main,1057,1,417,-110,1406.138,0.28500000000000003,1,2,-74,
main,1058,1,384,152,1406.969,0.292,1,2,-75,
main,1059,1,292,-206,1407.789,0.28,1,2,-76,
main,1060,1,38,294,1408.618,0.289,1,2,-77,
main,1061,1,-425,-41,1409.463,0.304,1,1,-77,
main,1062,1,-230,18,1410.291,0.289,1,1,-77,
main,1063,1,-383,241,1411.112,0.281,1,1,-77,
main,1064,1,-267,122,1411.948,0.296,1,1,-77,
main,1065,1,-427,71,1412.7830000000001,0.294,1,1,-77,
main,1066,1,-507,-150,1413.635,0.309,1,1,-77,
main,1067,1,-294,-113,1414.464,0.28800000000000003,1,1,-77,
main,1068,1,-293,114,1415.319,0.312,1,1,-77,
main,1069,1,613,-82,1416.163,0.302,1,2,-78,
main,1070,1,289,228,1417,0.297,1,2,-79,
main,1071,1,362,-124,1417.83,0.289,1,2,-80,
main,1072,1,-292,190,1418.662,0.29,1,1,-80,
main,1073,1,-374,83,1419.512,0.309,1,1,-80,
main,1074,1,-110,68,1420.338,0.28800000000000003,1,1,-80,
main,1075,1,-321,-36,1421.165,0.289,1,1,-80,
main,1076,1,-299,38,1422.003,0.301,1,1,-80,
main,1077,1,-624,-212,1422.826,0.28600000000000003,1,1,-80,
main,1078,1,367,-153,1423.651,0.28700000000000003,1,2,-81,
main,1079,1,262,83,1424.499,0.31,1,2,-82,
main,1080,1,321,207,1425.352,0.31,1,2,-83,
main,1081,1,313,3,1426.185,0.292,1,2,-84,
main,1082,1,448,20,1427.015,0.29,1,2,-85,
main,1083,1,207,100,1427.849,0.294,1,2,-86,
main,1084,1,178,229,1428.703,0.315,1,2,-87,
main,1085,1,301,12,1429.536,0.292,1,2,-88,
main,1086,1,331,-157,1430.3690000000001,0.296,1,2,-89,
main,1087,1,353,-111,1431.205,0.298,1,2,-90,
main,1088,1,563,60,1432.055,0.311,1,2,-91,
main,1089,1,250,46,1432.8980000000001,0.304,1,2,-92,
main,1090,1,363,-59,1433.718,0.28200000000000003,1,2,-93,
main,1091,1,561,14,1434.548,0.28700000000000003,1,2,-94,
main,1092,1,288,209,1435.387,0.299,1,2,-95,
main,1093,1,-42,-82,1436.213,0.28500000000000003,1,2,-96,
main,1094,1,195,-82,1437.05,0.296,1,2,-97,
main,1095,1,401,-53,1437.892,0.302,1,2,-98,
main,1096,1,338,27,1438.72,0.28800000000000003,1,2,-99,
main,1097,1,323,30,1439.547,0.28500000000000003,1,2,-100,
main,1098,1,-143,30,1440.374,0.28500000000000003,1,2,-101,
main,1099,1,325,-40,1441.214,0.303,1,2,-102,
main,1100,1,309,-51,1442.054,0.3,1,2,-103,
main,1101,1,252,105,1442.878,0.28800000000000003,1,2,-104,
main,1102,1,-239,330,1443.701,0.28500000000000003,1,1,-104,
main,1103,1,-373,-1,1444.5330000000001,0.291,1,1,-104,
main,1104,1,-479,-13,1445.388,0.309,1,1,-104,
main,1105,1,-300,-14,1446.23,0.304,1,1,-104,
main,1106,1,-255,87,1447.064,0.296,1,1,-104,
main,1107,1,-554,-41,1447.91,0.307,1,1,-104,
main,1108,1,-100,-100,1448.746,0.296,1,1,-104,
main,1109,1,-287,134,1449.576,0.289,1,1,-104,
main,1110,1,-341,-114,1450.4080000000001,0.292,1,1,-104,
main,1111,1,-425,-188,1451.243,0.293,1,1,-104,
main,1112,1,-396,-37,1452.079,0.294,1,1,-104,
main,1113,1,-555,143,1452.909,0.29,1,1,-104,
main,1114,1,-548,-130,1453.756,0.308,1,1,-104,
main,1115,1,361,-186,1454.5910000000001,0.293,1,2,-105,
main,1116,1,455,-240,1455.43,0.296,1,2,-106,
main,1117,1,352,-37,1456.2830000000001,0.312,1,2,-107,
main,1118,1,277,48,1457.116,0.294,1,2,-108,
main,1119,1,313,155,1457.949,0.291,1,2,-109,
main,1120,1,312,89,1458.768,0.278,1,2,-110,
main,1121,1,384,44,1459.597,0.28700000000000003,1,2,-111,
main,1122,1,196,37,1460.438,0.3,1,2,-112,
main,1123,1,294,65,1461.27,0.292,1,2,-113,
main,1124,1,19,95,1462.108,0.298,1,2,-114,
main,1125,1,397,-220,1462.938,0.291,1,2,-115,
main,1126,1,-217,279,1463.763,0.28800000000000003,1,1,-115,
main,1127,1,-596,-102,1464.611,0.304,1,1,-115,
main,1128,1,-354,111,1465.442,0.289,1,1,-115,
main,1129,1,-325,89,1466.2740000000001,0.292,1,1,-115,
main,1130,1,680,4,1467.095,0.28,1,2,-116,
main,1131,1,318,-1,1467.9370000000001,0.301,1,2,-117,
main,1132,1,254,-18,1468.7830000000001,0.306,1,2,-118,
main,1133,1,289,149,1469.611,0.28700000000000003,1,2,-119,
main,1134,1,385,95,1470.4470000000001,0.296,1,2,-120,
main,1135,1,405,183,1471.297,0.311,1,2,-121,
main,1136,1,143,-182,1472.121,0.28500000000000003,1,2,-122,
main,1137,1,251,211,1472.967,0.304,1,2,-123,
main,1138,1,242,-198,1473.808,0.304,1,2,-124,
main,1139,1,129,190,1474.644,0.294,1,2,-125,
main,1140,1,242,-130,1475.464,0.28,1,2,-126,
main,1141,1,-520,-188,1476.295,0.291,1,1,-126,
main,1142,1,-411,-228,1477.133,0.297,1,1,-126,
main,1143,1,-444,-53,1477.961,0.28600000000000003,1,1,-126,
main,1144,1,-154,-248,1478.784,0.28200000000000003,1,1,-126,
main,1145,1,-300,-199,1479.614,0.293,1,1,-126,
main,1146,1,-242,-161,1480.445,0.292,1,1,-126,
main,1147,1,-474,143,1481.28,0.302,1,1,-126,
main,1148,1,-238,-289,1482.1200000000001,0.302,1,1,-126,
main,1149,1,-280,281,1482.943,0.28400000000000003,1,1,-126,
main,1150,1,-219,24,1483.7830000000001,0.302,1,1,-126,
main,1151,1,-466,115,1484.609,0.289,1,1,-126,
main,1152,1,-250,-99,1485.451,0.305,1,1,-126,
main,1153,1,-145,-22,1486.2930000000001,0.3,1,1,-126,
main,1154,1,-229,-106,1487.124,0.296,1,1,-126,
main,1155,1,-361,51,1487.961,0.302,1,1,-126,
main,1156,1,-240,176,1488.797,0.299,1,1,-126,
main,1157,1,-246,-151,1489.622,0.28800000000000003,1,1,-126,
main,1158,1,-362,206,1490.438,0.277,1,1,-126,
main,1159,1,-442,-37,1491.287,0.313,1,1,-126,
main,1160,1,-239,-2,1492.122,0.3,1,1,-126,
main,1161,1,-544,-123,1492.9560000000001,0.297,1,1,-126,
main,1162,1,-549,-56,1493.796,0.305,1,1,-126,
main,1163,1,-406,78,1494.646,0.31,1,1,-126,
main,1164,1,-394,-263,1495.483,0.3,1,1,-126,
main,1165,1,-275,-29,1496.315,0.293,1,1,-126,
main,1166,1,-62,-22,1497.14,0.28800000000000003,1,1,-126,
main,1167,1,-351,-78,1497.979,0.299,1,1,-126,
main,1168,1,-384,-15,1498.809,0.29,1,1,-126,
main,1169,1,-261,21,1499.64,0.294,1,1,-126,
main,1170,1,-577,201,1500.474,0.292,1,1,-126,
main,1171,1,275,-77,1501.305,0.291,1,2,-127,
main,1172,1,289,141,1502.142,0.297,1,2,-128,
main,1173,1,355,-284,1502.98,0.303,1,2,-129,
main,1174,1,369,-5,1503.8220000000001,0.301,1,2,-130,
main,1175,1,600,-156,1504.655,0.292,1,2,-131,
main,1176,1,314,-49,1505.508,0.312,1,2,-132,
main,1177,1,202,-135,1506.346,0.301,1,2,-133,
main,1178,1,283,-183,1507.183,0.296,1,2,-134,
main,1179,1,650,-144,1508,0.276,1,2,-135,
main,1180,1,173,-283,1508.826,0.28700000000000003,1,2,-136,
main,1181,1,443,-60,1509.651,0.28400000000000003,1,2,-137,
main,1182,1,443,-62,1510.481,0.29,1,2,-138,
main,1183,1,351,-148,1511.304,0.28400000000000003,1,2,-139,
main,1184,1,197,262,1512.152,0.31,1,2,-140,
main,1185,1,373,63,1512.981,0.294,1,2,-141,
main,1186,1,254,-338,1513.813,0.293,1,2,-142,
main,1187,1,362,170,1514.647,0.297,1,2,-143,
main,1188,1,-238,-182,1515.477,0.297,1,1,-143,
main,1189,1,-288,-72,1516.311,0.301,1,1,-143,
main,1190,1,-510,57,1517.132,0.29,1,1,-143,
main,1191,1,-493,118,1517.96,0.292,1,1,-143,
main,1192,1,-474,-196,1518.791,0.293,1,1,-143,
main,1193,1,-326,-52,1519.642,0.316,1,1,-143,
main,1194,1,-230,-116,1520.484,0.305,1,1,-143,
main,1195,1,-446,38,1521.32,0.295,1,1,-143,
main,1196,1,-168,133,1522.1680000000001,0.311,1,1,-143,
main,1197,1,-374,-15,1523.005,0.298,1,1,-143,
main,1198,1,-403,-266,1523.839,0.295,1,1,-143,
main,1199,1,-305,-44,1524.6680000000001,0.289,1,1,-143,
main,1200,1,-305,-25,1525.509,0.298,1,1,-143,
